tool		SPF Mon Jun 30 08:45:41 AM IST 2025	SPF Mon Jun 30 08:45:41 AM IST 2025	SPF Mon Jun 30 08:45:41 AM IST 2025	SPF Mon Jun 30 08:45:41 AM IST 2025	SPF Thu Jul 17 01:25:44 PM IST 2025	SPF Thu Jul 17 01:25:44 PM IST 2025	SPF Thu Jul 17 01:25:44 PM IST 2025	SPF Thu Jul 17 01:25:44 PM IST 2025
run set		SV-COMP25_assert_java.ReachSafety-Java	SV-COMP25_assert_java.ReachSafety-Java	SV-COMP25_assert_java.ReachSafety-Java	SV-COMP25_assert_java.ReachSafety-Java	SV-COMP25_assert_java.ReachSafety-Java	SV-COMP25_assert_java.ReachSafety-Java	SV-COMP25_assert_java.ReachSafety-Java	SV-COMP25_assert_java.ReachSafety-Java
../sv-benchmarks/java/		status	cputime (s)	walltime (s)	memory (MB)	status	cputime (s)	walltime (s)	memory (MB)
jayhorn-recursive/Addition.yml	true	true	2.033634	0.9766509520004547	174.608384	unknown	2.616604	1.1686531549985375	192.172032
jayhorn-recursive/SatAckermann01.yml	true	true	10.852807	6.254946449000272	605.671424	unknown	2.231744	1.0399592880003183	175.325184
jayhorn-recursive/SatAckermann02.yml	true	true	10.706172	6.44602957799998	582.770688	unknown	2.183869	1.027134259000377	174.329856
jayhorn-recursive/SatAckermann03.yml	true	true	10.587576	6.286787709999771	587.587584	unknown	2.110371	1.0630787030004285	175.534080
jayhorn-recursive/SatAddition01.yml	true	true	2.576256	1.258398244000091	180.514816	unknown	2.122321	1.030142812000122	172.572672
jayhorn-recursive/SatEvenOdd01.yml	true	true	3.036863	1.5848130340000353	176.553984	unknown	2.186225	1.0359759719995054	174.362624
jayhorn-recursive/SatFibonacci01.yml	true	true	3.818756	1.704729808000593	219.537408	unknown	2.145318	1.010061245999168	175.927296
jayhorn-recursive/SatFibonacci03.yml	true	true	4.098461	1.7678730529996756	232.804352	unknown	2.118842	0.9998928259992681	174.215168
jayhorn-recursive/SatGcd.yml	true	true	3.445073	1.4867253350003011	217.894912	unknown	2.095189	0.9936838689991419	172.670976
jayhorn-recursive/SatHanoi01.yml	true	true	7.129782	3.594795162000082	516.808704	unknown	2.234352	1.0321720909996657	175.288320
jayhorn-recursive/SatMccarthy91.yml	true	true	8.806528	5.07203675799974	559.218688	unknown	2.204324	1.0437613249996502	176.922624
jayhorn-recursive/SatMultCommutative01.yml	true	true	2.585716	1.1825215310000203	188.674048	unknown	2.229757	1.0302660439992906	174.972928
jayhorn-recursive/SatPrimes01.yml	true	TIMEOUT	900.710899	837.0345001209998	1853.554688	unknown	2.302102	1.0529771510009596	175.157248
jayhorn-recursive/UnsatAckermann01.yml	false	false	2.151285	1.0568881939998391	171.925504	unknown	2.168124	1.0176572809996287	173.359104
jayhorn-recursive/UnsatAddition01.yml	false	false	2.136168	1.0361131350000505	171.978752	unknown	32.750118	31.03745722900021	404.897792
jayhorn-recursive/UnsatAddition02.yml	false	true	2.433555	1.0988595360004183	188.293120	unknown	2.201794	1.0527228110004216	175.927296
jayhorn-recursive/UnsatFibonacci01.yml	false	false	2.267524	1.0526536740007941	174.796800	unknown	2.144075	1.0124608210007864	173.535232
jayhorn-recursive/UnsatFibonacci02.yml	false	false	2.93053	1.2348519950000991	216.137728	unknown	2.189057	1.0201487220001582	174.907392
jbmc-regression/arraylength1.yml	true	true	2.04942	0.9876293110000915	169.246720	unknown	32.600579	31.00811924899972	482.926592
jbmc-regression/if_icmp1.yml	true	true	2.091794	0.9924770280003941	168.611840	unknown	2.046913	0.991329674001463	160.034816
jbmc-regression/lookupswitch1.yml	true	true	2.268036	1.060292918000414	175.177728	unknown	2.12339	1.0061387199984893	170.721280
jbmc-regression/tableswitch1.yml	true	true	2.184372	1.0300248769999598	173.932544	unknown	2.24678	1.065945650001595	175.648768
jpf-regression/ExDarko_true.yml	true	true	2.147309	1.0476325400004498	172.752896	unknown	32.80706	31.052532531999532	483.598336
jpf-regression/ExSymExe10_false.yml	false	false	2.173905	1.0370226499999262	175.263744	unknown	2.156297	1.0305248079985176	173.158400
jpf-regression/ExSymExe12_false.yml	false	false	2.100195	1.006409376999727	168.542208	unknown	17.47397	16.14317768899855	480.309248
jpf-regression/ExSymExe13_false.yml	false	false	2.147633	1.0397716870002114	172.916736	unknown	2.233574	1.0329902470002708	178.315264
jpf-regression/ExSymExe13_true.yml	true	true	2.177851	1.0291588119998778	169.422848	unknown	2.211931	1.0523034390007524	177.004544
jpf-regression/ExSymExe14_false.yml	false	false	2.132555	1.0134230710000338	170.418176	unknown	10.527758	9.186037919000228	478.257152
jpf-regression/ExSymExe15_false.yml	false	false	2.15984	1.0111330299996553	169.431040	unknown	2.132231	1.0257343930006755	172.838912
jpf-regression/ExSymExe19_false.yml	false	false	2.086097	1.0063819749993854	170.041344	unknown	2.140673	1.0069041509996168	172.974080
jpf-regression/ExSymExe25_false.yml	false	false	2.11983	1.0236158529996828	169.254912	unknown	2.147527	1.0342412310001237	173.109248
jpf-regression/ExSymExe27_false.yml	false	false	2.145543	1.0263374790001762	174.518272	unknown	2.162681	1.043011955000111	173.101056
jpf-regression/ExSymExe3_false.yml	false	false	2.088998	1.0012425670001903	170.524672	unknown	2.190461	1.0194435970006452	171.536384
jpf-regression/ExSymExe5_false.yml	false	false	2.135728	1.0238226129995383	170.688512	unknown	2.166381	1.0352612200003932	172.920832
jpf-regression/ExSymExeD2I_true.yml	true	true	2.085372	1.0010841690000234	166.973440	unknown	2.148654	1.0313148040004307	170.024960
jpf-regression/ExSymExeD2L_false.yml	false	unknown	2.171768	1.029761900000267	167.616512	false	2.142692	1.0134536149998894	167.112704
jpf-regression/ExSymExeD2L_true.yml	true	true	2.153983	1.036245854000299	171.327488	unknown	2.197061	1.0593732620000083	172.683264
jpf-regression/ExSymExeF2I_true.yml	true	true	2.103864	1.0113531650004006	167.260160	unknown	2.092406	0.9870475259995146	167.739392
jpf-regression/ExSymExeF2L_false.yml	false	true	2.056224	0.9893218650004201	167.714816	unknown	2.063681	1.0019546070016077	169.656320
jpf-regression/ExSymExeF2L_true.yml	true	true	2.067232	0.9966055580007378	166.350848	unknown	2.214412	1.0410384010010603	171.802624
jpf-regression/ExSymExeFNEG_false.yml	false	true	2.043794	0.9829527870006132	167.354368	unknown	2.081516	0.9951104680003482	168.099840
jpf-regression/ExSymExeFNEG_true.yml	true	true	2.077999	0.9807298830000946	166.473728	unknown	2.148205	1.0098348950014042	168.341504
jpf-regression/ExSymExeI2D_false.yml	false	unknown	2.074497	1.0035598299991761	169.095168	false	2.149893	1.0390906569991785	176.967680
jpf-regression/ExSymExeLCMP_false.yml	false	false	2.16433	1.028034160000061	169.701376	unknown	2.107705	1.0036572410008375	168.828928
jpf-regression/ExSymExeLongBytecodes_false.yml	false	false	2.145753	1.0261767060001148	168.763392	unknown	2.129824	1.0114173130004929	168.697856
jpf-regression/ExSymExeLongBytecodes_true.yml	true	true	2.22324	1.0563793230003284	171.765760	unknown	2.273569	1.0310857129989017	177.901568
jpf-regression/ExSymExeResearch_true.yml	true	true	2.175221	1.0525392580002517	171.806720	unknown	2.192572	1.0517877689999295	174.194688
jpf-regression/ExSymExeSimple_false.yml	false	false	2.181944	1.0358255319997625	170.164224	unknown	209.761599	207.67591634100063	485.302272
jpf-regression/ExSymExeSimple_true.yml	true	true	2.116818	1.028815764000683	171.442176	unknown	42.014565	13.403614962000574	1271.640064
jpf-regression/ExSymExeSuzette_false.yml	false	false	2.140658	1.0329821060004178	172.023808	unknown	32.767989	31.07340609700077	493.309952
java-ranger-regression/TCAS_prop1.yml	false	false	2.960005	1.3124653149998267	206.118912	unknown	2.631423	1.2058961380007531	188.125184
java-ranger-regression/TCAS_prop2.yml	true	true	5.357398	2.3362133680002444	250.335232	unknown	2.612438	1.163115782001114	186.875904
java-ranger-regression/TCAS_prop3.yml	true	true	5.354652	2.3020073050001884	248.102912	unknown	2.576494	1.1600771029989119	186.097664
java-ranger-regression/replace5_eqchk/replace5_prop1.yml	true	true	9.655477	3.94079640200016	454.791168	unknown	47.641411	42.81953778099887	429.584384
algorithms/RedBlackTree-MemSat01.yml	true	true	4.891565	1.8966660770001909	235.892736	TIMEOUT	900.24492	897.2049176220007	479.920128
algorithms/RedBlackTree-MemUnsat01.yml	false	false	2.968653	1.2898075129996869	194.224128	TIMEOUT	900.301889	895.3917244620006	485.830656
algorithms/SortedListInsert-FunSat01.yml	true	true	4.047346	1.6288876739999978	232.280064	unknown	2.349614	1.13786022199929	173.879296
algorithms/SortedListInsert-FunSat02.yml	true	true	4.612285	1.8310951729999942	235.569152	unknown	2.305542	1.102998356000171	173.944832
algorithms/SortedListInsert-FunUnsat01.yml	false	false	2.235352	1.0584771320000073	169.160704	unknown	2.339922	1.1178631949987903	173.658112
algorithms/SortedListInsert-MemSat01.yml	true	true	3.324656	1.400005192000208	226.263040	unknown	2.214797	1.0827002829992125	172.896256
algorithms/SortedListInsert-MemUnsat01.yml	false	false	2.100513	0.9924822880002466	170.483712	unknown	50.730881	15.97984783100037	1271.177216
algorithms/Trie-FunSat01.yml	true	true	2.255119	1.0727717039999334	171.913216	unknown	32.893087	31.158688228000756	485.306368
jdart-regression/addition01.yml	false	true	2.230804	1.0391909110003326	178.896896	unknown	2.954173	1.306395194000288	193.871872
jdart-regression/boundcheck100.yml	false	false	3.292969	1.4016169830001672	252.796928	unknown	3.642698	1.7191283470001508	289.320960
jdart-regression/boundcheck200.yml	false	false	4.262161	1.9496211079995192	509.112320	unknown	5.700904	3.2212532940011442	514.039808
jdart-regression/boundcheck30.yml	false	false	2.319419	1.0714851659995475	180.465664	unknown	2.537155	1.1983109649991093	191.758336
jdart-regression/double2long.yml	false	true	2.097916	1.0190005349995772	167.661568	unknown	2.233006	1.0774742499997956	168.030208
jdart-regression/float.yml	false	true	2.08047	0.9938014769995789	167.280640	unknown	2.157091	1.0725062120000075	167.227392
jdart-regression/list2.yml	true	true	15.507558	7.457818635999502	541.892608	TIMEOUT	900.259295	897.2207983290009	486.498304
float-nonlinear-calculation/Bessel.yml	true	true	2.111039	1.0168706060003387	173.248512	unknown	2.440721	1.2106738830007089	168.075264
float-nonlinear-calculation/Conflict.yml	true	true	2.179055	1.0368078949995834	166.912000	unknown	2.494221	1.2029178789998696	168.382464
float-nonlinear-calculation/EulerMethod.yml	false	unknown	2.291091	1.0399639500001285	213.180416	false	3.216908	1.4335312329985754	385.777664
float-nonlinear-calculation/Optimization1.yml	false	true	3.193897	1.3078321829998458	175.566848	unknown	3.29469	1.4193733319989406	174.972928
float-nonlinear-calculation/Optimization2.yml	false	true	2.9644	1.2420646079999642	172.068864	unknown	3.256228	1.3949838770004135	174.907392
float-nonlinear-calculation/Optimization3.yml	false	true	3.105049	1.2765004349994342	166.965248	unknown	3.24802	1.3874708100011048	171.667456
float-nonlinear-calculation/Optimization4.yml	false	true	3.132876	1.2764478160006547	167.501824	unknown	3.249375	1.4321519479999552	173.006848
float-nonlinear-calculation/Optimization5.yml	false	unknown	2.875719	1.2279912240001067	167.002112	false	3.274501	1.3605232310001156	161.529856
float-nonlinear-calculation/Optimization6.yml	false	true	2.972296	1.2323755460001848	172.847104	unknown	3.081661	1.3391532989990083	172.879872
float-nonlinear-calculation/PartitionEx.yml	true	true	2.150557	1.0257146730000386	166.645760	unknown	2.170733	1.0493431719987711	168.599552
float-nonlinear-calculation/coral1.yml	false	unknown	3.1992	1.3169673200000034	172.548096	false	3.193049	1.36564250399897	174.395392
float-nonlinear-calculation/coral10.yml	false	unknown	2.95367	1.2472266289996696	168.374272	false	3.386719	1.3961909680001554	175.104000
float-nonlinear-calculation/coral16.yml	false	true	2.920332	1.2320744980006566	171.765760	unknown	3.352781	1.4078531129998737	172.298240
float-nonlinear-calculation/coral2.yml	false	unknown	3.097034	1.2666063349997785	168.394752	false	3.170903	1.3228383480000048	177.594368
float-nonlinear-calculation/coral20.yml	false	unknown	3.126542	1.275924316999408	168.136704	false	3.232531	1.3665093049985444	175.292416
float-nonlinear-calculation/coral21.yml	false	unknown	2.87669	1.2335117399998126	167.649280	false	3.105322	1.3304388100004871	174.624768
float-nonlinear-calculation/coral23.yml	true	true	2.987711	1.2573028309998335	171.413504	unknown	3.094992	1.3206582659986452	170.958848
float-nonlinear-calculation/coral26.yml	true	true	2.969041	1.2462135369996759	168.038400	unknown	3.094262	1.3235600860007253	168.652800
float-nonlinear-calculation/coral27.yml	false	unknown	3.176169	1.284960607999892	171.339776	false	3.202454	1.3470447990002867	178.884608
float-nonlinear-calculation/coral3.yml	true	true	2.923848	1.2478720050003176	166.805504	unknown	3.05481	1.2935383730000467	168.263680
float-nonlinear-calculation/coral31.yml	false	true	3.063839	1.2704841020004096	168.038400	unknown	3.070949	1.3118953360008163	171.450368
float-nonlinear-calculation/coral40.yml	false	unknown	3.560071	1.5887291500002902	167.206912	false	3.313407	1.3444028070007334	173.223936
float-nonlinear-calculation/coral41.yml	false	unknown	3.660548	1.5868077849991096	167.919616	false	3.268649	1.357879536000837	175.210496
float-nonlinear-calculation/coral48.yml	false	true	3.088319	1.3077324449996013	167.464960	unknown	3.337248	1.3788130070006446	172.544000
float-nonlinear-calculation/coral5.yml	true	true	3.240635	1.328397758000392	167.911424	unknown	3.35708	1.3776394800006528	171.696128
float-nonlinear-calculation/coral55.yml	true	true	3.250994	1.3450046529997053	167.788544	unknown	3.0868	1.3139381399996637	168.108032
float-nonlinear-calculation/coral56.yml	false	true	3.27624	1.3421462599999359	167.866368	unknown	3.061876	1.2857687520008767	174.014464
float-nonlinear-calculation/coral57.yml	false	true	3.206348	1.3206666200003383	170.995712	unknown	3.08406	1.3206341599998268	169.267200
float-nonlinear-calculation/coral58.yml	false	true	3.240923	1.3260545769999226	169.906176	unknown	3.149343	1.3285975349990622	169.840640
float-nonlinear-calculation/coral59.yml	false	true	3.100734	1.3252523889996155	169.943040	unknown	3.279238	1.3381750169992301	174.477312
float-nonlinear-calculation/coral6.yml	false	unknown	3.208755	1.3246405520003464	168.263680	false	3.433337	1.405519682000886	175.058944
float-nonlinear-calculation/coral60.yml	false	true	3.2282	1.3489229119995798	175.079424	unknown	3.213721	1.373657075000665	176.537600
float-nonlinear-calculation/coral61.yml	false	true	3.060284	1.297201696999764	169.525248	unknown	3.167748	1.347581898999124	170.418176
float-nonlinear-calculation/coral62.yml	false	true	3.146968	1.3048168420000366	167.571456	unknown	3.443383	1.492036053999982	170.930176
float-nonlinear-calculation/coral63.yml	false	true	3.314965	1.3423599099996864	169.504768	unknown	3.365045	1.4772094350009866	171.905024
float-nonlinear-calculation/coral64.yml	false	true	3.196435	1.3102761749996716	167.800832	unknown	3.371562	1.459639992999655	170.328064
float-nonlinear-calculation/coral65.yml	false	true	3.209213	1.332031724999979	170.012672	unknown	3.426153	1.4620608079985686	172.482560
float-nonlinear-calculation/coral66.yml	false	true	3.201725	1.2926013819997024	168.071168	unknown	3.113067	1.313967115000196	171.294720
float-nonlinear-calculation/coral67.yml	false	true	3.215089	1.322528874999989	168.620032	unknown	3.232391	1.3988147060008487	172.605440
float-nonlinear-calculation/coral68.yml	false	true	3.16408	1.3012229919995661	168.566784	unknown	3.249827	1.387536464000732	173.133824
float-nonlinear-calculation/coral69.yml	false	true	3.017687	1.2771198199998253	168.955904	unknown	3.094961	1.3214832390003721	169.230336
float-nonlinear-calculation/coral71.yml	false	unknown	3.258694	1.3150321639996037	172.359680	false	3.583262	1.4517701949989714	185.458688
float-nonlinear-calculation/coral72.yml	false	unknown	3.032223	1.2878000979999342	169.570304	false	3.327581	1.3970664259995829	177.147904
float-nonlinear-calculation/coral73.yml	false	unknown	3.133542	1.3005116820004332	173.400064	false	3.470999	1.4244292860003043	188.698624
float-nonlinear-calculation/coral74.yml	false	unknown	2.946658	1.2602906990005067	167.096320	false	3.469344	1.3988432489986735	178.216960
float-nonlinear-calculation/coral75.yml	false	unknown	3.295492	1.3245841059997474	172.875776	false	3.568696	1.4237168750005367	187.453440
float-nonlinear-calculation/coral76.yml	false	true	3.251851	1.3294057990005967	172.072960	unknown	3.122489	1.3462299149996397	173.015040
float-nonlinear-calculation/coral77.yml	false	true	3.228563	1.3279869260004489	168.177664	unknown	3.343889	1.365534241000205	172.531712
float-nonlinear-calculation/coral79.yml	false	true	3.158082	1.341424248000294	167.088128	unknown	3.09651	1.3377624710010423	172.212224
float-nonlinear-calculation/coral80.yml	true	true	3.223293	1.3410657419999552	171.503616	unknown	3.101225	1.3015107150004042	169.721856
float-nonlinear-calculation/coral81.yml	false	true	3.088758	1.2937489030000506	170.139648	unknown	3.240778	1.3426974970006995	169.521152
float-nonlinear-calculation/coral84.yml	false	true	3.161254	1.3052527719992213	170.024960	unknown	3.032333	1.3066055819999747	173.498368
float-nonlinear-calculation/coral9.yml	false	unknown	3.130737	1.2776603780002915	167.182336	false	3.220671	1.353490116998728	174.112768
float-nonlinear-calculation/coral91.yml	true	true	3.136046	1.3114238870002737	171.732992	unknown	3.194064	1.3699012179986312	167.383040
