tool		SPF Mon Jun 30 08:45:41 AM IST 2025	SPF Mon Jun 30 08:45:41 AM IST 2025	SPF Mon Jun 30 08:45:41 AM IST 2025	SPF Mon Jun 30 08:45:41 AM IST 2025	SPF Tue Jul 15 05:24:05 PM IST 2025	SPF Tue Jul 15 05:24:05 PM IST 2025	SPF Tue Jul 15 05:24:05 PM IST 2025	SPF Tue Jul 15 05:24:05 PM IST 2025
run set		SV-COMP25_assert_java.ReachSafety-Java	SV-COMP25_assert_java.ReachSafety-Java	SV-COMP25_assert_java.ReachSafety-Java	SV-COMP25_assert_java.ReachSafety-Java	SV-COMP25_assert_java.ReachSafety-Java	SV-COMP25_assert_java.ReachSafety-Java	SV-COMP25_assert_java.ReachSafety-Java	SV-COMP25_assert_java.ReachSafety-Java
../sv-benchmarks/java/		status	cputime (s)	walltime (s)	memory (MB)	status	cputime (s)	walltime (s)	memory (MB)
jayhorn-recursive/SatPrimes01.yml	true	TIMEOUT	900.710899	837.0345001209998	1853.554688	unknown	47.943772	44.872909806999814	892.559360
jpf-regression/ExSymExeD2I_true.yml	true	true	2.085372	1.0010841690000234	166.973440	unknown	1.867423	0.9679384450000725	177.876992
jpf-regression/ExSymExeD2L_true.yml	true	true	2.153983	1.036245854000299	171.327488	unknown	1.97143	0.9986685960002433	178.266112
jpf-regression/ExSymExeF2I_true.yml	true	true	2.103864	1.0113531650004006	167.260160	unknown	1.893407	0.9804601720006758	178.012160
jpf-regression/ExSymExeF2L_false.yml	false	true	2.056224	0.9893218650004201	167.714816	unknown	2.202728	1.1035637009999846	178.245632
jpf-regression/ExSymExeF2L_true.yml	true	true	2.067232	0.9966055580007378	166.350848	unknown	2.068769	1.0482944049999787	177.852416
jpf-regression/ExSymExeFNEG_false.yml	false	true	2.043794	0.9829527870006132	167.354368	false	2.032941	1.0544709550003972	177.070080
jpf-regression/ExSymExeLCMP_false.yml	false	false	2.16433	1.028034160000061	169.701376	unknown	2.742697	1.480619969000145	172.371968
jpf-regression/ExSymExeLongBytecodes_false.yml	false	false	2.145753	1.0261767060001148	168.763392	unknown	2.857528	1.6781729660006022	172.900352
jdart-regression/double2long.yml	false	true	2.097916	1.0190005349995772	167.661568	unknown	1.894326	0.9735887569995612	178.343936
float-nonlinear-calculation/Conflict.yml	true	true	2.179055	1.0368078949995834	166.912000	unknown	2.196003	1.0738858190006795	180.817920
float-nonlinear-calculation/Optimization3.yml	false	true	3.105049	1.2765004349994342	166.965248	unknown	2.751318	1.1915123689996108	181.555200
float-nonlinear-calculation/coral16.yml	false	true	2.920332	1.2320744980006566	171.765760	unknown	2.632958	1.173931999999695	179.150848
float-nonlinear-calculation/coral23.yml	true	true	2.987711	1.2573028309998335	171.413504	unknown	2.83045	1.2505585720000454	182.595584
float-nonlinear-calculation/coral26.yml	true	true	2.969041	1.2462135369996759	168.038400	unknown	2.794165	1.2149385820002863	180.883456
float-nonlinear-calculation/coral3.yml	true	true	2.923848	1.2478720050003176	166.805504	unknown	2.693006	1.1921898029995646	179.613696
float-nonlinear-calculation/coral31.yml	false	true	3.063839	1.2704841020004096	168.038400	unknown	2.680573	1.2000653199993394	178.487296
float-nonlinear-calculation/coral48.yml	false	true	3.088319	1.3077324449996013	167.464960	false	2.711577	1.2149253159996078	178.012160
float-nonlinear-calculation/coral55.yml	true	true	3.250994	1.3450046529997053	167.788544	unknown	3.37945	1.4392519089997222	179.007488
float-nonlinear-calculation/coral56.yml	false	true	3.27624	1.3421462599999359	167.866368	unknown	3.01385	1.3727697360000093	178.515968
float-nonlinear-calculation/coral57.yml	false	true	3.206348	1.3206666200003383	170.995712	unknown	2.670905	1.1923909809993347	177.729536
float-nonlinear-calculation/coral58.yml	false	true	3.240923	1.3260545769999226	169.906176	unknown	2.809378	1.199108310000156	182.095872
float-nonlinear-calculation/coral59.yml	false	true	3.100734	1.3252523889996155	169.943040	unknown	2.63547	1.1763253569997687	181.866496
float-nonlinear-calculation/coral60.yml	false	true	3.2282	1.3489229119995798	175.079424	unknown	2.863554	1.2184858059999897	179.261440
float-nonlinear-calculation/coral61.yml	false	true	3.060284	1.297201696999764	169.525248	unknown	2.654657	1.1961639190003552	177.905664
float-nonlinear-calculation/coral62.yml	false	true	3.146968	1.3048168420000366	167.571456	unknown	2.846053	1.2254055059993334	178.532352
float-nonlinear-calculation/coral63.yml	false	true	3.314965	1.3423599099996864	169.504768	unknown	2.657533	1.2016567680002481	180.994048
float-nonlinear-calculation/coral64.yml	false	true	3.196435	1.3102761749996716	167.800832	unknown	2.835994	1.217714026000067	182.398976
float-nonlinear-calculation/coral65.yml	false	true	3.209213	1.332031724999979	170.012672	unknown	2.888519	1.2250460010000097	181.231616
float-nonlinear-calculation/coral66.yml	false	true	3.201725	1.2926013819997024	168.071168	unknown	2.832731	1.2174723719999747	181.764096
float-nonlinear-calculation/coral67.yml	false	true	3.215089	1.322528874999989	168.620032	unknown	2.629741	1.1850690139999642	178.692096
float-nonlinear-calculation/coral68.yml	false	true	3.16408	1.3012229919995661	168.566784	unknown	2.666834	1.2003540610003256	178.978816
float-nonlinear-calculation/coral69.yml	false	true	3.017687	1.2771198199998253	168.955904	unknown	2.814025	1.2281984130004275	178.597888
float-nonlinear-calculation/coral76.yml	false	true	3.251851	1.3294057990005967	172.072960	false	3.094203	1.3096989220002797	182.489088
float-nonlinear-calculation/coral77.yml	false	true	3.228563	1.3279869260004489	168.177664	false	3.159217	1.35266701799992	184.307712
float-nonlinear-calculation/coral79.yml	false	true	3.158082	1.341424248000294	167.088128	unknown	2.772274	1.2237524809997922	179.978240
float-nonlinear-calculation/coral91.yml	true	true	3.136046	1.3114238870002737	171.732992	unknown	2.743765	1.2052191209995726	179.744768
