tool		SPF Mon Jun 30 08:45:41 AM IST 2025	SPF Mon Jun 30 08:45:41 AM IST 2025	SPF Mon Jun 30 08:45:41 AM IST 2025	SPF Mon Jun 30 08:45:41 AM IST 2025	SPF Mon Jun 30 10:36:53 AM IST 2025	SPF Mon Jun 30 10:36:53 AM IST 2025	SPF Mon Jun 30 10:36:53 AM IST 2025	SPF Mon Jun 30 10:36:53 AM IST 2025
run set		SV-COMP25_assert_java.ReachSafety-Java	SV-COMP25_assert_java.ReachSafety-Java	SV-COMP25_assert_java.ReachSafety-Java	SV-COMP25_assert_java.ReachSafety-Java	SV-COMP25_assert_java.ReachSafety-Java	SV-COMP25_assert_java.ReachSafety-Java	SV-COMP25_assert_java.ReachSafety-Java	SV-COMP25_assert_java.ReachSafety-Java
sv-benchmarks/java/		status	cputime (s)	walltime (s)	memory (MB)	status	cputime (s)	walltime (s)	memory (MB)
jayhorn-recursive/Ackermann01.yml	false	false	1.99428	0.9569375820001369	170.983424	false	2.057122	1.1328226099994936	175.607808
jayhorn-recursive/Addition.yml	true	true	2.033634	0.9766509520004547	174.608384	true	2.087006	1.0030424599999606	165.412864
jayhorn-recursive/InfiniteLoop.yml	false	false	1.937778	0.939605704999849	170.377216	false	1.930309	0.9495065609999074	165.642240
jayhorn-recursive/SatAckermann01.yml	true	true	10.852807	6.254946449000272	605.671424	true	9.749625	5.9049982910000836	434.888704
jayhorn-recursive/SatAckermann02.yml	true	true	10.706172	6.44602957799998	582.770688	true	10.257648	6.367429663000621	436.404224
jayhorn-recursive/SatAckermann03.yml	true	true	10.587576	6.286787709999771	587.587584	true	11.330377	6.80834261399923	432.664576
jayhorn-recursive/SatAddition01.yml	true	true	2.576256	1.258398244000091	180.514816	true	2.381164	1.151579841000057	172.609536
jayhorn-recursive/SatEvenOdd01.yml	true	true	3.036863	1.5848130340000353	176.553984	true	2.395747	1.1344237190005515	168.046592
jayhorn-recursive/SatFibonacci01.yml	true	true	3.818756	1.704729808000593	219.537408	true	3.376072	1.548207277000074	186.564608
jayhorn-recursive/SatFibonacci02.yml	true	true	2.027765	0.9937490340007571	114.839552	true	2.023172	1.0035585870000432	115.691520
jayhorn-recursive/SatFibonacci03.yml	true	true	4.098461	1.7678730529996756	232.804352	true	3.150901	1.4217933629997788	220.852224
jayhorn-recursive/SatGcd.yml	true	true	3.445073	1.4867253350003011	217.894912	true	2.931798	1.3552916890002962	190.025728
jayhorn-recursive/SatHanoi01.yml	true	true	7.129782	3.594795162000082	516.808704	true	5.31051	2.70574309299991	391.852032
jayhorn-recursive/SatMccarthy91.yml	true	true	8.806528	5.07203675799974	559.218688	true	9.006986	4.866194270999586	481.488896
jayhorn-recursive/SatMultCommutative01.yml	true	true	2.585716	1.1825215310000203	188.674048	true	2.612937	1.189237841999784	180.592640
jayhorn-recursive/SatPrimes01.yml	true	TIMEOUT	900.710899	837.0345001209998	1853.554688	unknown	371.577053	293.17738777699924	775.606272
jayhorn-recursive/UnsatAckermann01.yml	false	false	2.151285	1.0568881939998391	171.925504	false	2.207541	1.0551722350001	176.676864
jayhorn-recursive/UnsatAddition01.yml	false	false	2.136168	1.0361131350000505	171.978752	false	2.112278	1.009767520999958	172.482560
jayhorn-recursive/UnsatAddition02.yml	false	true	2.433555	1.0988595360004183	188.293120	true	2.330202	1.119277950000651	171.335680
jayhorn-recursive/UnsatEvenOdd01.yml	false	false	2.101029	1.0052354579993334	171.167744	false	2.202686	1.0689173789996858	173.666304
jayhorn-recursive/UnsatFibonacci01.yml	false	false	2.267524	1.0526536740007941	174.796800	false	2.479461	1.23782482399929	162.881536
jayhorn-recursive/UnsatFibonacci02.yml	false	false	2.93053	1.2348519950000991	216.137728	false	2.569722	1.2581516069994905	183.275520
jayhorn-recursive/UnsatMccarthy91.yml	false	false	2.13092	1.0269776300001467	172.695552	false	2.215018	1.0552602319994548	172.527616
jbmc-regression/ArithmeticException1.yml	false	false	2.097433	1.014069845999984	171.155456	false	2.21333	1.0574313919996712	173.281280
jbmc-regression/ArithmeticException5.yml	true	true	1.848233	0.893802570999469	114.442240	true	1.850479	0.901867635000599	115.531776
jbmc-regression/ArithmeticException6.yml	false	false	2.099018	1.0077315720000115	169.766912	false	2.154001	1.032597378999526	176.119808
jbmc-regression/ArrayIndexOutOfBoundsException1.yml	false	false	2.078191	1.019266848999905	171.499520	false	2.094511	1.0192337739999857	172.806144
jbmc-regression/ArrayIndexOutOfBoundsException2.yml	false	false	2.05514	0.9807121049998386	170.692608	false	2.115307	1.020258613999431	174.100480
jbmc-regression/ArrayIndexOutOfBoundsException3.yml	false	false	2.18197	1.0548276409999744	172.257280	false	2.236056	1.0670475070000975	175.333376
jbmc-regression/BufferedReaderReadLine.yml	false	false	2.207965	1.0595586070003264	171.573248	false	2.214635	1.0530921780000426	178.102272
jbmc-regression/CharSequenceBug.yml	false	false	2.037737	0.9999023880000095	170.123264	false	2.175296	1.061118386999624	172.953600
jbmc-regression/CharSequenceToString.yml	true	false	2.108882	1.0389311650005766	175.177728	false	2.188377	1.0512442260005628	175.128576
jbmc-regression/ClassCastException1.yml	false	false	1.916318	0.9244608640001388	115.437568	false	1.893084	0.9217221570006586	115.867648
jbmc-regression/ClassCastException2.yml	true	true	1.925557	0.918939569000031	114.487296	true	1.874808	0.8963399510003001	114.823168
jbmc-regression/ClassCastException3.yml	false	false	1.872009	0.897930388999157	115.572736	false	1.942354	0.9152515169998878	116.207616
jbmc-regression/Class_method1.yml	true	true	1.836738	0.8898040250005579	114.114560	true	1.892352	0.8985987369997019	115.195904
jbmc-regression/Inheritance1.yml	true	true	1.882136	0.9007654710003408	114.438144	true	1.967909	0.9339427089998935	114.053120
jbmc-regression/NegativeArraySizeException1.yml	false	false	1.867271	0.9032889560003241	114.958336	false	1.9825	0.938226587999452	116.695040
jbmc-regression/NegativeArraySizeException2.yml	false	false	1.865544	0.9054362229999242	114.757632	false	1.887265	0.9228411750000305	115.716096
jbmc-regression/NullPointerException1.yml	true	true	1.843207	0.8870787490004659	114.089984	true	1.906311	0.9169567600001756	115.826688
jbmc-regression/NullPointerException2.yml	false	false	1.863875	0.8936300650002522	114.384896	false	1.927217	0.9160075709996818	115.216384
jbmc-regression/NullPointerException3.yml	false	false	1.900996	0.9251692990001175	114.839552	false	1.857208	0.892356497000037	115.609600
jbmc-regression/NullPointerException4.yml	false	false	1.946757	0.9341079529995113	114.827264	false	1.936715	0.9227660840006138	115.564544
jbmc-regression/RegexMatches01.yml	true	true	1.867197	0.9093693340000755	114.675712	true	2.014704	0.9670624009995663	116.117504
jbmc-regression/RegexMatches02.yml	false	true	1.915214	0.923293484000169	116.305920	true	2.138861	0.9732531739991828	127.762432
jbmc-regression/RegexSubstitution01.yml	true	true	2.031301	0.9518302690003111	116.817920	true	2.107937	0.9690483479998875	117.907456
jbmc-regression/RegexSubstitution02.yml	false	unknown	1.941084	0.9405326100004459	116.604928	unknown	2.077292	0.9642441030000555	116.191232
jbmc-regression/RegexSubstitution03.yml	true	true	1.906045	0.9346228629992765	116.674560	true	1.965738	0.9372638659997392	117.624832
jbmc-regression/StaticCharMethods01.yml	true	true	1.909007	0.908217615000467	113.987584	true	1.956426	0.9260821440002474	113.176576
jbmc-regression/StaticCharMethods02.yml	false	false	2.111062	1.0106055070000366	170.958848	false	2.153898	1.023230316000081	176.988160
jbmc-regression/StaticCharMethods03.yml	false	false	2.038756	1.008710666999832	169.340928	false	2.103311	1.020295704000091	173.355008
jbmc-regression/StaticCharMethods04.yml	false	false	1.937944	0.9168724940000175	124.760064	false	1.916705	0.908062247000089	117.026816
jbmc-regression/StaticCharMethods05.yml	false	unknown	2.035433	0.9695799780001835	117.047296	unknown	2.079862	0.9752299780002431	125.734912
jbmc-regression/StaticCharMethods06.yml	true	true	2.075818	1.0187102899999445	169.967616	true	2.263395	1.0563396650004506	172.969984
jbmc-regression/StringBuilderAppend01.yml	true	true	2.075458	0.9630514049995327	125.657088	true	2.087764	0.9673601159993268	116.539392
jbmc-regression/StringBuilderAppend02.yml	false	unknown	2.01581	0.9638704279996091	116.547584	unknown	2.071655	0.976393232999726	117.002240
jbmc-regression/StringBuilderCapLen01.yml	true	true	1.950524	0.9156474659994274	116.633600	true	1.980411	0.9365610159993594	117.874688
jbmc-regression/StringBuilderCapLen02.yml	false	false	1.989654	0.9463837959992816	120.623104	false	2.066145	0.988380578000033	119.726080
jbmc-regression/StringBuilderCapLen03.yml	false	unknown	1.937155	0.9409478519992263	116.002816	unknown	1.991561	0.9295909649999885	117.354496
jbmc-regression/StringBuilderCapLen04.yml	false	unknown	1.966958	0.9314304980007364	116.326400	unknown	1.963862	0.9473123509997095	124.481536
jbmc-regression/StringBuilderChars01.yml	true	true	2.023101	0.9662997059995178	115.503104	true	2.025694	0.9473673539996526	116.649984
jbmc-regression/StringBuilderChars02.yml	false	false	1.984518	0.9582700440005283	120.655872	false	2.004771	0.9685231299999941	117.719040
jbmc-regression/StringBuilderChars03.yml	false	unknown	2.01054	0.9652003250002963	116.723712	unknown	1.922434	0.9194391560004078	117.747712
jbmc-regression/StringBuilderChars04.yml	false	unknown	1.957928	0.9249312700003429	116.871168	unknown	1.978907	0.951635580000584	117.694464
jbmc-regression/StringBuilderChars05.yml	false	unknown	1.872655	0.912930595999569	116.719616	unknown	1.955523	0.9324114720002399	117.252096
jbmc-regression/StringBuilderChars06.yml	false	unknown	1.969587	0.9562026389994571	116.756480	unknown	1.94268	0.9295050029995764	116.719616
jbmc-regression/StringBuilderConstructors01.yml	true	unknown	1.962436	0.9605743669999356	167.829504	unknown	2.074797	1.0117838370006211	171.786240
jbmc-regression/StringBuilderConstructors02.yml	false	unknown	1.955289	0.954527441999744	116.047872	unknown	1.907356	0.9197093839993613	117.972992
jbmc-regression/StringBuilderInsertDelete01.yml	true	true	2.024107	0.9636108189997685	120.782848	true	2.12587	0.9638562250001996	116.592640
jbmc-regression/StringBuilderInsertDelete02.yml	false	unknown	2.103228	0.983252070999697	116.371456	unknown	2.101875	0.9682483540000248	125.050880
jbmc-regression/StringBuilderInsertDelete03.yml	false	unknown	2.063875	0.96702292900045	125.054976	unknown	2.041965	0.9680443609995564	116.932608
jbmc-regression/StringCompare01.yml	true	true	1.964012	0.9365299170003709	114.888704	true	1.910979	0.930678677999822	115.089408
jbmc-regression/StringCompare02.yml	false	unknown	1.938151	0.9381976199993005	116.699136	unknown	1.917079	0.924998948999928	115.990528
jbmc-regression/StringCompare03.yml	false	unknown	1.878102	0.916836375999992	116.391936	unknown	1.923051	0.9264608050007155	116.961280
jbmc-regression/StringCompare04.yml	false	unknown	1.918873	0.9296068109997577	116.916224	unknown	1.979695	0.9519019700001081	116.883456
jbmc-regression/StringCompare05.yml	false	false	2.020939	0.9668051280004875	126.058496	false	2.020286	0.9670905490002042	127.844352
jbmc-regression/StringConcatenation01.yml	true	false	2.006593	0.9635522789994866	121.004032	false	1.998835	0.9754324279992943	118.677504
jbmc-regression/StringConcatenation02.yml	false	false	1.993013	0.9494955999998638	121.749504	false	1.914151	0.924559092999516	119.209984
jbmc-regression/StringConcatenation03.yml	false	false	2.041351	0.9759940740004822	121.602048	false	1.931352	0.942880616000366	119.246848
jbmc-regression/StringConcatenation04.yml	false	false	2.042834	0.9560748080002668	121.028608	false	2.055656	0.9628435619997617	129.138688
jbmc-regression/StringConstructors01.yml	true	true	1.981547	0.9409591539997564	115.859456	true	1.954573	0.9366959900007714	117.071872
jbmc-regression/StringConstructors02.yml	false	false	2.022395	0.9751536110006782	119.468032	false	2.026361	0.9559141660001842	119.869440
jbmc-regression/StringConstructors03.yml	false	false	2.019086	0.9747919390001698	120.541184	false	1.969689	0.9391315539996867	119.672832
jbmc-regression/StringConstructors04.yml	false	false	1.960739	0.9375094530005299	121.282560	false	1.963144	0.9407997380003508	119.320576
jbmc-regression/StringConstructors05.yml	false	false	2.018504	0.9551401859998805	122.204160	false	2.060319	0.956079487000352	122.826752
jbmc-regression/StringContains01.yml	false	false	1.927474	0.937267817999782	120.594432	false	1.961115	0.9407587699997748	118.906880
jbmc-regression/StringContains02.yml	false	false	1.965006	0.938799083000049	120.262656	false	2.065737	0.9786031840003488	128.090112
jbmc-regression/StringIndexMethods01.yml	true	true	1.96182	0.9167680969994763	114.958336	true	1.899477	0.9055195709997861	113.819648
jbmc-regression/StringIndexMethods02.yml	false	false	2.04845	0.9919051070000933	170.033152	false	2.102051	1.028865080000287	172.908544
jbmc-regression/StringIndexMethods03.yml	false	false	1.993816	0.9858428040006402	169.431040	false	2.102063	1.0234124179996797	173.146112
jbmc-regression/StringIndexMethods04.yml	false	false	2.113318	1.0304399639999247	170.577920	false	2.143635	1.0421675859997777	176.156672
jbmc-regression/StringIndexMethods05.yml	false	false	2.086207	0.9959419739998339	169.316352	false	2.125153	1.0242265480001151	173.322240
jbmc-regression/StringMiscellaneous01.yml	true	true	2.032732	0.9511436250004408	116.293632	true	2.021666	0.9492039030001251	125.599744
jbmc-regression/StringMiscellaneous02.yml	false	false	2.122885	1.0223533750004208	169.361408	false	2.185702	1.0429469500004416	176.209920
jbmc-regression/StringMiscellaneous03.yml	false	false	2.122678	1.0356734570004846	171.130880	false	2.112507	1.0356344950005223	173.232128
jbmc-regression/StringMiscellaneous04.yml	true	true	2.009431	0.9583227340008307	114.446336	true	2.074232	0.9597803690003275	115.499008
jbmc-regression/StringStartEnd01.yml	true	true	2.020328	0.9629538919998595	115.486720	true	1.997615	0.9460161150000204	115.621888
jbmc-regression/StringStartEnd02.yml	false	false	2.010556	0.9569324040003266	121.163776	false	2.060302	0.9663844930000778	119.648256
jbmc-regression/StringStartEnd03.yml	false	false	2.036565	0.9648539820000224	121.233408	false	2.020415	0.9609428320000006	120.070144
jbmc-regression/StringValueOf01.yml	true	true	1.962194	0.9374715909998486	115.748864	true	2.021906	0.9610156110002208	116.273152
jbmc-regression/StringValueOf02.yml	false	false	2.034029	0.9607500479996816	116.068352	false	2.059537	0.9630129360002684	121.327616
jbmc-regression/StringValueOf03.yml	false	false	1.965286	0.9486189180006477	117.415936	false	2.020879	0.9458467479998944	118.595584
jbmc-regression/StringValueOf04.yml	false	false	2.017001	0.9566290820002905	120.737792	false	2.021614	0.9460554730003423	118.702080
jbmc-regression/StringValueOf05.yml	false	false	2.110046	1.0508599740005593	172.773376	false	2.235377	1.0726220960004866	178.081792
jbmc-regression/StringValueOf06.yml	false	false	1.975154	0.9475691900006495	120.913920	false	2.055304	0.9678818559996216	117.481472
jbmc-regression/StringValueOf07.yml	false	unknown	1.959655	0.9318763379997108	116.727808	unknown	1.977942	0.9369316990005245	116.490240
jbmc-regression/StringValueOf08.yml	false	unknown	1.952369	0.9392917309996847	121.085952	unknown	2.034518	0.9668998839997585	118.128640
jbmc-regression/StringValueOf09.yml	false	unknown	2.013945	0.9696736839996447	120.160256	unknown	1.967335	0.947904679000203	118.943744
jbmc-regression/StringValueOf10.yml	false	false	1.95845	0.9411987249995946	120.176640	false	1.91409	0.9243613469998309	119.603200
jbmc-regression/SubString01.yml	true	true	1.923081	0.9226253540000471	114.188288	true	1.914118	0.9077975060008612	117.362688
jbmc-regression/SubString02.yml	false	false	1.955179	0.944074584000191	121.204736	false	1.963768	0.932338809000612	119.660544
jbmc-regression/SubString03.yml	false	false	2.063093	0.9897147900001073	121.184256	false	2.049827	0.9694959399994332	119.844864
jbmc-regression/TokenTest01.yml	true	true	1.997898	0.9318428149999818	122.863616	true	1.972798	0.9491690519998883	115.507200
jbmc-regression/TokenTest02.yml	false	unknown	1.897068	0.9242071459993895	116.695040	unknown	1.977013	0.960158846000013	116.789248
jbmc-regression/Validate01.yml	true	true	1.989423	0.9252130909999323	114.929664	true	1.979854	0.9450170440004513	121.925632
jbmc-regression/Validate02.yml	false	unknown	1.947154	0.9211365500004831	116.707328	unknown	1.964299	0.9460507930007225	118.255616
jbmc-regression/aastore_aaload1.yml	true	true	183.527352	183.26533456000016	208.306176	true	185.746419	185.50524403999952	209.252352
jbmc-regression/array1.yml	true	true	2.198198	1.0467286539997076	178.810880	true	2.183691	1.0395222119996106	175.804416
jbmc-regression/array2.yml	true	true	2.023695	0.9757823870004358	168.513536	true	2.100804	1.032635570999446	173.035520
jbmc-regression/arraylength1.yml	true	true	2.04942	0.9876293110000915	169.246720	true	2.072072	1.0016743839996707	172.339200
jbmc-regression/arrayread1.yml	true	true	2.165427	1.0379663610001444	173.137920	true	2.095774	1.0279471710000507	174.542848
jbmc-regression/assert1.yml	true	true	2.052317	0.9916660179997052	172.216320	true	2.061759	1.0126988960000745	172.670976
jbmc-regression/assert2.yml	false	false	2.131477	1.016026442999646	172.281856	false	2.11355	1.009243943999536	173.506560
jbmc-regression/assert3.yml	false	false	2.062594	1.0079088760003287	171.683840	false	2.130865	1.039093381999919	172.969984
jbmc-regression/assert4.yml	false	false	2.083211	0.9877148919995307	169.185280	false	2.134201	1.024069400999906	173.092864
jbmc-regression/assert5.yml	true	true	2.005471	0.9722932739996395	169.066496	true	2.107694	1.017776230999516	175.632384
jbmc-regression/assert6.yml	true	true	2.037382	0.9801436970001305	167.636992	true	2.092091	1.025496235000901	172.650496
jbmc-regression/astore_aload1.yml	true	true	2.059823	0.9742547349997039	114.651136	true	2.052575	0.9738079389999257	115.052544
jbmc-regression/athrow1.yml	false	false	1.871331	0.8944100280004932	115.118080	false	1.956657	0.9378626030002124	116.371456
jbmc-regression/basic1.yml	true	true	1.977671	0.9200701159998061	115.118080	true	1.949501	0.9312611810000817	117.936128
jbmc-regression/bitwise1.yml	true	unknown	2.107306	1.0114670700004353	166.703104	unknown	2.021652	0.9777319369995894	173.006848
jbmc-regression/boolean1.yml	true	true	2.035365	0.9782703620003304	169.320448	true	2.10426	1.0186333189994912	172.433408
jbmc-regression/boolean2.yml	true	true	2.098762	1.0095763520002947	169.418752	true	2.015995	0.9737059969993425	160.055296
jbmc-regression/bug-test-gen-095.yml	false	false	2.030522	0.9734279750000496	120.152064	false	2.066922	0.9765648129996407	120.131584
jbmc-regression/bug-test-gen-119-2.yml	true	true	1.933	0.9357749280006828	114.663424	true	1.887513	0.9079073739994783	115.761152
jbmc-regression/bug-test-gen-119.yml	true	false	2.100779	1.008064018999903	172.531712	false	2.281326	1.0416345300000103	177.213440
jbmc-regression/calc.yml	true	true	47.69473	46.793665131000125	191.111168	true	49.579279	48.91873119600041	190.517248
jbmc-regression/cast1.yml	true	unknown	1.988226	0.9755242900000667	168.095744	unknown	2.213318	1.0608898880000197	172.961792
jbmc-regression/catch1.yml	true	true	1.853651	0.9077534759999253	114.081792	true	1.889628	0.9125591140000324	115.249152
jbmc-regression/char1.yml	true	true	2.089551	1.012925813000038	174.231552	true	2.069315	0.9940647639996314	172.982272
jbmc-regression/charArray.yml	true	unknown	2.07589	0.9959331700001712	173.264896	unknown	2.180075	1.0486308139988978	172.503040
jbmc-regression/classtest1.yml	true	true	1.883465	0.8998336519998702	115.953664	true	1.868485	0.8999012860003859	116.543488
jbmc-regression/const1.yml	true	true	1.853774	0.8795687540005019	117.276672	true	1.803434	0.8837680549986544	115.048448
jbmc-regression/constructor1.yml	true	true	1.85948	0.9060703800005285	122.023936	true	1.846481	0.8971559009987686	114.401280
jbmc-regression/enum1.yml	true	true	1.918786	0.9533310340002572	115.007488	true	1.974673	0.9339486019998731	115.548160
jbmc-regression/exceptions1.yml	false	false	1.968451	0.9592118099999425	115.646464	false	1.93817	0.9331896990006499	117.526528
jbmc-regression/exceptions10.yml	false	false	1.913952	0.9154591859996799	114.876416	false	1.931431	0.921944469000664	123.023360
jbmc-regression/exceptions11.yml	false	false	1.979935	0.9493230119996952	115.417088	false	1.925462	0.9249827389994607	115.732480
jbmc-regression/exceptions12.yml	false	false	1.927323	0.928945281999404	116.498432	false	1.947566	0.9232723979985167	115.113984
jbmc-regression/exceptions13.yml	false	false	1.94353	0.923980754000695	114.249728	false	1.938994	0.9332327900010569	115.843072
jbmc-regression/exceptions14.yml	true	true	1.956157	0.9321952840000449	115.085312	true	1.982641	0.9390481940008613	116.064256
jbmc-regression/exceptions15.yml	true	true	1.927805	0.9271060620003482	121.053184	true	1.845675	0.894013275999896	114.724864
jbmc-regression/exceptions16.yml	false	false	1.945657	0.9356196349999664	116.670464	false	2.046598	0.9707674119999865	117.551104
jbmc-regression/exceptions18.yml	true	true	1.953956	0.9299536850003278	122.216448	true	1.953746	0.9322504350002419	115.666944
jbmc-regression/exceptions2.yml	false	false	1.950176	0.9259243910000805	122.458112	false	1.982598	0.9532095199992909	115.818496
jbmc-regression/exceptions3.yml	false	false	1.938654	0.9379433300000528	122.474496	false	1.978183	0.9624732970005425	122.667008
jbmc-regression/exceptions4.yml	true	true	1.922861	0.9239171949993761	115.527680	true	1.969478	0.9206831379997311	116.056064
jbmc-regression/exceptions5.yml	true	true	1.986904	0.9647839049994218	116.064256	true	2.071772	0.9758739169992623	115.712000
jbmc-regression/exceptions6.yml	false	false	1.941478	0.9425032439994538	114.475008	false	1.950596	0.9367600920013501	122.073088
jbmc-regression/exceptions7.yml	false	false	1.945921	0.9342213570007516	115.179520	false	1.9395	0.9300608499997907	114.999296
jbmc-regression/exceptions8.yml	false	false	1.881917	0.9206767599998784	115.310592	false	1.95835	0.9354631520000112	123.002880
jbmc-regression/exceptions9.yml	true	true	1.852696	0.9164160210002592	114.597888	true	1.912909	0.9230236179992062	115.863552
jbmc-regression/fcmpx_dcmpx1.yml	true	true	1.888451	0.9158151969995743	116.609024	true	1.927106	0.9141722099993785	113.405952
jbmc-regression/iarith1.yml	true	true	1.888729	0.8998289720002504	114.704384	true	1.939581	0.9109805919997598	115.367936
jbmc-regression/iarith2.yml	true	true	1.971236	0.9457627139991018	114.462720	true	1.983136	0.9219908480008598	118.558720
jbmc-regression/if_acmp1.yml	true	true	1.956234	0.929862482000317	114.446336	true	1.900453	0.9138592689996585	114.601984
jbmc-regression/if_expr1.yml	true	true	2.052658	0.9873794899995119	169.205760	true	2.112147	1.0138493119993655	171.364352
jbmc-regression/if_icmp1.yml	true	true	2.091794	0.9924770280003941	168.611840	true	2.091487	1.0139587079993362	172.658688
jbmc-regression/ifxx1.yml	true	true	1.868347	0.8910384170003454	114.511872	true	1.864715	0.9003095780008152	113.868800
jbmc-regression/instanceof1.yml	true	true	1.825543	0.8817510320004658	114.229248	true	1.843055	0.8922184660004859	116.137984
jbmc-regression/instanceof2.yml	true	true	1.871008	0.9037863599996854	114.434048	true	1.882693	0.923380330999862	113.074176
jbmc-regression/instanceof3.yml	true	true	1.904364	0.9179499550000401	114.651136	true	1.844816	0.8859265920000325	114.667520
jbmc-regression/instanceof4.yml	true	true	1.861417	0.9202734390000842	116.699136	true	1.923149	0.9229244509988348	113.754112
jbmc-regression/instanceof5.yml	true	true	1.917752	0.9056191380004748	114.319360	true	1.886428	0.9151227050006128	114.937856
jbmc-regression/instanceof6.yml	true	true	1.896641	0.9138528740004404	117.030912	true	1.900085	0.9057909200000722	115.572736
jbmc-regression/instanceof7.yml	true	true	1.863507	0.9247677499997735	114.622464	true	1.899858	0.9212705069985532	114.720768
jbmc-regression/instanceof8.yml	true	true	1.857315	0.8898735080001643	113.950720	true	1.936573	0.9068938929995056	117.444608
jbmc-regression/interface1.yml	false	false	1.910855	0.9130438480005978	114.995200	false	1.916252	0.9206113720010762	115.683328
jbmc-regression/java_append_char.yml	false	false	2.137653	1.0479887310002596	170.573824	false	2.211994	1.054928387999098	176.140288
jbmc-regression/lazyloading4.yml	true	true	1.907635	0.9291364629998498	114.192384	true	1.872156	0.8992087179994996	115.027968
jbmc-regression/list1.yml	true	true	37.227861	16.5346997380002	611.356672	true	33.149336	14.534031933999358	435.433472
jbmc-regression/long1.yml	true	true	1.908074	0.9117203209998479	114.884608	true	1.889366	0.9017828699998063	115.089408
jbmc-regression/lookupswitch1.yml	true	true	2.268036	1.060292918000414	175.177728	true	2.161707	1.0343631559990172	165.502976
jbmc-regression/multinewarray.yml	true	true	1.927859	0.9267408019995855	114.384896	true	1.902844	0.9078004460006923	114.606080
jbmc-regression/overloading1.yml	true	true	1.959628	0.9530398650003917	114.212864	true	1.949342	0.9399204310011555	114.196480
jbmc-regression/package1.yml	true	true	1.849938	0.886943990999498	114.495488	true	1.88298	0.9153960219991859	115.351552
jbmc-regression/putfield_getfield1.yml	true	true	1.96429	0.9383460999997624	114.032640	true	1.85521	0.891505268000401	116.072448
jbmc-regression/putstatic_getstatic1.yml	true	true	1.916543	0.9120578480005861	116.490240	true	1.905439	0.9022226209999644	115.200000
jbmc-regression/recursion2.yml	true	true	1.886608	0.9050628380000489	114.671616	true	1.926743	0.9165911489999417	115.515392
jbmc-regression/return1.yml	false	false	1.90669	0.9204907089997505	114.548736	false	1.881593	0.9010457880012837	115.736576
jbmc-regression/return2.yml	false	false	2.002943	0.9734180059995197	169.345024	false	2.058698	1.0029552760006482	176.427008
jbmc-regression/store_load1.yml	true	true	1.983302	0.9392404170002919	114.335744	true	1.983191	0.9451231279999774	115.580928
jbmc-regression/swap1.yml	true	true	1.880377	0.8958634700002222	115.671040	true	1.87084	0.9002117929994711	115.568640
jbmc-regression/synchronized.yml	true	true	1.879167	0.9159173899997768	115.159040	true	1.931807	0.9207694410015392	113.967104
jbmc-regression/tableswitch1.yml	true	true	2.184372	1.0300248769999598	173.932544	true	2.226976	1.056693020998864	174.772224
jbmc-regression/uninitialised1.yml	true	true	1.875889	0.8910037610003201	114.569216	true	1.909119	0.9108870649997698	115.068928
jbmc-regression/virtual1.yml	true	true	1.926546	0.9135942160000923	114.634752	true	1.936948	0.9267135970003437	114.495488
jbmc-regression/virtual2.yml	false	false	1.895106	0.9135690289995182	115.224576	false	1.903744	0.9078997029992024	115.564544
jbmc-regression/virtual4.yml	true	true	1.969074	0.9348402350005927	114.425856	true	1.880735	0.9060661500006972	114.999296
jbmc-regression/virtual_function_unwinding.yml	true	true	1.867966	0.8990213600000061	117.096448	true	1.964348	0.9181497730005503	115.748864
jpf-regression/ExDarko_false.yml	false	false	2.235185	1.0517807670003094	176.050176	false	2.114616	1.0342315179987054	161.808384
jpf-regression/ExDarko_true.yml	true	true	2.147309	1.0476325400004498	172.752896	true	2.263212	1.0527447539989225	176.943104
jpf-regression/ExException_false.yml	false	false	2.092518	1.0152717090004444	170.094592	false	2.206162	1.0600900070003263	172.376064
jpf-regression/ExException_true.yml	true	true	1.969471	0.9706007600007069	169.603072	true	2.198224	1.0611484159999236	172.118016
jpf-regression/ExGenSymExe_false.yml	false	false	1.904522	0.9059939460003079	115.642368	false	1.894427	0.9179769059992395	117.608448
jpf-regression/ExGenSymExe_true.yml	true	true	1.917419	0.9205365750003693	115.331072	true	1.937009	0.9277548739992199	117.170176
jpf-regression/ExLazy_false.yml	false	false	2.077228	0.988675775000047	168.505344	false	2.168629	1.0387409350005328	176.238592
jpf-regression/ExLazy_true.yml	true	true	2.011166	0.9911085559997446	169.074688	true	2.041121	0.998019923999891	175.857664
jpf-regression/ExMIT_false.yml	false	false	2.07296	0.9912322290001612	168.034304	false	2.118989	1.0256246919998375	165.634048
jpf-regression/ExMIT_true.yml	true	true	2.059736	1.0036402719997568	168.652800	true	2.096144	0.9986328920003871	173.555712
jpf-regression/ExSymExe10_false.yml	false	false	2.173905	1.0370226499999262	175.263744	false	2.163564	1.0329255319993536	176.975872
jpf-regression/ExSymExe10_true.yml	true	true	2.101329	1.011434447999818	167.796736	true	2.21324	1.0425002350002615	172.032000
jpf-regression/ExSymExe11_false.yml	false	false	1.92818	0.9212359249995643	116.178944	false	1.981138	0.922449843999857	115.777536
jpf-regression/ExSymExe11_true.yml	true	true	2.122056	0.998537574000693	169.635840	true	2.172463	1.0119876450007723	172.056576
jpf-regression/ExSymExe12_false.yml	false	false	2.100195	1.006409376999727	168.542208	false	2.203992	1.0562198770003306	173.604864
jpf-regression/ExSymExe12_true.yml	true	true	2.142151	1.0351304389996585	175.054848	true	2.148216	1.0246944449991133	175.898624
jpf-regression/ExSymExe13_false.yml	false	false	2.147633	1.0397716870002114	172.916736	false	2.22543	1.0540671519993339	173.973504
jpf-regression/ExSymExe13_true.yml	true	true	2.177851	1.0291588119998778	169.422848	true	2.00588	0.9956787129995064	161.353728
jpf-regression/ExSymExe14_false.yml	false	false	2.132555	1.0134230710000338	170.418176	false	2.142203	1.038532362999831	173.105152
jpf-regression/ExSymExe14_true.yml	true	true	2.189237	1.0292881959994702	169.291776	true	2.058051	1.0046398080012295	160.444416
jpf-regression/ExSymExe15_false.yml	false	false	2.15984	1.0111330299996553	169.431040	false	2.221505	1.0468221949995495	175.865856
jpf-regression/ExSymExe15_true.yml	true	true	2.10866	0.9996194349996586	167.596032	true	2.103912	1.0213946490002854	171.966464
jpf-regression/ExSymExe16_false.yml	false	false	1.922766	0.9347037469997304	114.528256	false	1.979529	0.9351090969994402	114.466816
jpf-regression/ExSymExe16_true.yml	true	true	1.938687	0.9364993350000077	114.667520	true	1.996527	0.9507664660013688	114.057216
jpf-regression/ExSymExe17_false.yml	false	false	1.883449	0.9047705670000141	114.323456	false	2.004037	0.9441537839993543	115.634176
jpf-regression/ExSymExe17_true.yml	true	true	1.927143	0.9160357729997486	116.178944	true	2.00284	0.9487107620007009	114.888704
jpf-regression/ExSymExe18_false.yml	false	false	2.088381	0.9811559869995108	166.772736	false	2.092574	1.01803740700052	171.450368
jpf-regression/ExSymExe18_true.yml	true	true	1.901914	0.8995734910004103	114.434048	true	1.902627	0.9138128769991454	115.265536
jpf-regression/ExSymExe19_false.yml	false	false	2.086097	1.0063819749993854	170.041344	false	2.2087	1.043228074999206	172.908544
jpf-regression/ExSymExe19_true.yml	true	true	2.068968	0.9882868120002968	169.316352	true	2.142627	1.0300678639996477	171.798528
jpf-regression/ExSymExe1_false.yml	false	false	2.144612	1.00918003499919	169.975808	false	2.203752	1.0463073219998478	173.559808
jpf-regression/ExSymExe1_true.yml	true	true	2.005	0.955891765999695	114.782208	true	1.931652	0.9368894300005195	114.823168
jpf-regression/ExSymExe20_false.yml	false	false	2.143762	1.0204801460004091	171.012096	false	2.178136	1.0472153179998713	174.059520
jpf-regression/ExSymExe20_true.yml	true	true	1.8817	0.9027286040000035	113.618944	true	1.964912	0.9239604360009253	117.166080
jpf-regression/ExSymExe21_false.yml	false	false	2.143609	1.0457445669999288	172.199936	false	2.173432	1.0248363110003993	172.990464
jpf-regression/ExSymExe21_true.yml	true	true	1.910147	0.9200474329991266	114.229248	true	1.967117	0.931808302000718	114.827264
jpf-regression/ExSymExe25_false.yml	false	false	2.11983	1.0236158529996828	169.254912	false	2.133978	1.0337896450000699	173.715456
jpf-regression/ExSymExe25_true.yml	true	true	1.959697	0.9272845089999464	117.211136	true	1.954008	0.9263018300007388	114.933760
jpf-regression/ExSymExe26_false.yml	false	false	2.153036	1.0448407019994193	174.837760	false	2.171393	1.0405531720007275	173.625344
jpf-regression/ExSymExe26_true.yml	true	true	1.934973	0.9138303119998454	114.745344	true	1.979206	0.9464407340001344	114.900992
jpf-regression/ExSymExe27_false.yml	false	false	2.145543	1.0263374790001762	174.518272	false	2.149207	1.054991938999592	172.802048
jpf-regression/ExSymExe27_true.yml	true	true	1.971505	0.9446969030004766	118.394880	true	1.895354	0.9089626839995617	113.938432
jpf-regression/ExSymExe28_false.yml	false	false	2.114831	0.9941781580000679	173.924352	false	2.179291	1.0340318119997391	173.723648
jpf-regression/ExSymExe28_true.yml	true	true	1.908386	0.8997233440004493	114.724864	true	1.939676	0.9149752419998549	114.909184
jpf-regression/ExSymExe29_false.yml	false	false	2.01955	0.9984918469999684	170.598400	false	2.087295	1.0198842459994921	176.726016
jpf-regression/ExSymExe29_true.yml	true	true	1.899014	0.9071161430001666	114.941952	true	1.986453	0.947551551998913	118.550528
jpf-regression/ExSymExe2_false.yml	false	false	2.187921	1.0378688569999213	173.322240	false	2.129198	1.0351381029995537	162.373632
jpf-regression/ExSymExe2_true.yml	true	true	1.871788	0.8974566260003485	114.266112	true	1.923217	0.9030490219993226	115.044352
jpf-regression/ExSymExe3_false.yml	false	false	2.088998	1.0012425670001903	170.524672	false	2.119631	1.0243421270006365	173.432832
jpf-regression/ExSymExe3_true.yml	true	true	1.92501	0.9180358860003253	115.073024	true	1.945743	0.9102296769997338	115.568640
jpf-regression/ExSymExe4_false.yml	false	false	2.19688	1.0602821279999262	172.638208	false	2.090939	1.0090329770009703	161.366016
jpf-regression/ExSymExe4_true.yml	true	true	1.894908	0.9215525420004269	114.651136	true	1.943511	0.9078039149990218	114.905088
jpf-regression/ExSymExe5_false.yml	false	false	2.135728	1.0238226129995383	170.688512	false	2.166788	1.021727939001721	176.377856
jpf-regression/ExSymExe5_true.yml	true	true	1.982298	0.9299342880003678	117.424128	true	1.946843	0.9207051069988665	114.655232
jpf-regression/ExSymExe6_false.yml	false	false	2.106095	0.9989145949994054	168.321024	false	2.146734	1.0305717660012306	173.826048
jpf-regression/ExSymExe6_true.yml	true	true	1.925556	0.9179903309996007	114.352128	true	1.968646	0.9391418850009359	114.974720
jpf-regression/ExSymExe7_false.yml	false	false	2.17364	1.046255841999482	172.732416	false	2.199375	1.0578336669987038	173.830144
jpf-regression/ExSymExe7_true.yml	true	true	2.047656	1.0056110599998647	173.817856	true	2.185103	1.0485120169996662	172.703744
jpf-regression/ExSymExe8_false.yml	false	false	2.173605	1.0495414819997677	172.388352	false	2.215483	1.067743416999292	176.611328
jpf-regression/ExSymExe8_true.yml	true	true	1.932942	0.9234208580000995	115.060736	true	1.945596	0.9223743499987904	114.597888
jpf-regression/ExSymExe9_false.yml	false	false	1.890958	0.9172736189993884	114.532352	false	1.932528	0.9229232670004421	116.039680
jpf-regression/ExSymExe9_true.yml	true	true	1.919264	0.9190973900003883	115.253248	true	1.932598	0.9141514760012797	114.909184
jpf-regression/ExSymExeArrays_false.yml	false	false	1.927317	0.9322702549998212	115.015680	false	1.982039	0.9297467579999648	115.298304
jpf-regression/ExSymExeArrays_true.yml	true	true	1.916435	0.932219119000365	115.138560	true	1.934628	0.9270526979998976	115.531776
jpf-regression/ExSymExeBool_false.yml	false	false	1.903059	0.9072399859996949	114.790400	false	1.93511	0.9316737069984811	115.638272
jpf-regression/ExSymExeBool_true.yml	true	true	1.923817	0.9248485809994236	114.118656	true	1.91488	0.915710642000704	115.441664
jpf-regression/ExSymExeComplexMath_false.yml	false	false	2.050129	0.9559406589996797	115.298304	false	1.963584	0.9520028619990626	115.138560
jpf-regression/ExSymExeComplexMath_true.yml	true	true	2.027206	0.9689284649994079	114.900992	true	2.002384	0.9536878850012727	115.392512
jpf-regression/ExSymExeD2I_false.yml	false	false	1.983287	0.9403068089995941	122.138624	false	1.887633	0.9235517640008766	115.249152
jpf-regression/ExSymExeD2I_true.yml	true	true	2.085372	1.0010841690000234	166.973440	true	2.130688	1.014539108999088	169.209856
jpf-regression/ExSymExeD2L_false.yml	false	unknown	2.171768	1.029761900000267	167.616512	false	2.246535	1.0496739520003757	178.728960
jpf-regression/ExSymExeD2L_true.yml	true	true	2.153983	1.036245854000299	171.327488	true	2.121201	1.0209053059988946	170.901504
jpf-regression/ExSymExeF2I_false.yml	false	false	1.907716	0.9272084149997681	115.064832	false	1.902191	0.9029832689993782	115.326976
jpf-regression/ExSymExeF2I_true.yml	true	true	2.103864	1.0113531650004006	167.260160	true	2.020346	0.9704981310005678	160.067584
jpf-regression/ExSymExeF2L_false.yml	false	true	2.056224	0.9893218650004201	167.714816	true	2.055415	0.9847481409997272	168.980480
jpf-regression/ExSymExeF2L_true.yml	true	true	2.067232	0.9966055580007378	166.350848	true	2.136659	1.0168105499997182	174.755840
jpf-regression/ExSymExeFNEG_false.yml	false	true	2.043794	0.9829527870006132	167.354368	true	2.234935	1.0483583059994999	175.341568
jpf-regression/ExSymExeFNEG_true.yml	true	true	2.077999	0.9807298830000946	166.473728	true	2.143093	1.0109843139998702	169.103360
jpf-regression/ExSymExeGetStatic_false.yml	false	false	1.884182	0.9148580709997987	115.359744	false	1.968079	0.9345812999999907	122.826752
jpf-regression/ExSymExeGetStatic_true.yml	true	true	1.976546	0.943055796000408	121.180160	true	1.89027	0.9043939130006038	114.700288
jpf-regression/ExSymExeI2D_false.yml	false	unknown	2.074497	1.0035598299991761	169.095168	false	2.188306	1.0422610079986043	178.225152
jpf-regression/ExSymExeI2D_true.yml	true	unknown	2.073224	1.0038183070000741	168.218624	unknown	2.136309	1.0195897200010222	172.896256
jpf-regression/ExSymExeI2F_false.yml	false	false	1.987822	0.9515884359998381	115.159040	false	1.914071	0.90365169100005	115.920896
jpf-regression/ExSymExeI2F_true.yml	true	true	2.142396	1.0419927980001376	171.057152	true	2.171537	1.0496760259993607	172.601344
jpf-regression/ExSymExeLCMP_false.yml	false	false	2.16433	1.028034160000061	169.701376	false	2.207467	1.053066991000378	173.355008
jpf-regression/ExSymExeLCMP_true.yml	true	true	2.061075	0.9771378249997724	167.792640	true	2.231249	1.049692837999828	169.664512
jpf-regression/ExSymExeLongBytecodes_false.yml	false	false	2.145753	1.0261767060001148	168.763392	false	2.164152	1.0404455690004397	173.330432
jpf-regression/ExSymExeLongBytecodes_true.yml	true	true	2.22324	1.0563793230003284	171.765760	true	2.285552	1.055274141001064	174.096384
jpf-regression/ExSymExeResearch_false.yml	false	false	2.174925	1.022983629999544	170.266624	false	2.090113	1.0283262339999055	173.555712
jpf-regression/ExSymExeResearch_true.yml	true	true	2.175221	1.0525392580002517	171.806720	true	2.232342	1.071965271999943	176.128000
jpf-regression/ExSymExeSimple_false.yml	false	false	2.181944	1.0358255319997625	170.164224	false	2.228654	1.061673411000811	173.588480
jpf-regression/ExSymExeSimple_true.yml	true	true	2.116818	1.028815764000683	171.442176	true	2.066819	0.9858005179994507	160.890880
jpf-regression/ExSymExeSuzette_false.yml	false	false	2.140658	1.0329821060004178	172.023808	false	2.214331	1.0436881139994512	172.937216
jpf-regression/ExSymExeSuzette_true.yml	true	true	2.144931	1.011617514000136	173.355008	true	2.164595	1.0504144210008235	176.181248
jpf-regression/ExSymExeSwitch_false.yml	false	false	2.166609	1.0422056900006282	171.266048	false	2.226923	1.0599442630009435	176.193536
jpf-regression/ExSymExeSwitch_true.yml	true	true	2.118669	1.0031901820002531	169.558016	true	2.101572	1.03155450200029	172.892160
jpf-regression/ExSymExeTestAssignments_false.yml	false	false	2.104006	1.0100955520001662	171.888640	false	2.21544	1.0439855370004807	172.953600
jpf-regression/ExSymExeTestAssignments_true.yml	true	true	2.115832	1.0158985009993557	168.714240	true	2.147339	1.0471060010004294	172.367872
jpf-regression/ExSymExeTestClassFields_false.yml	false	false	2.006572	0.9904028749997451	172.572672	false	2.148349	1.0237813179992372	173.105152
jpf-regression/ExSymExeTestClassFields_true.yml	true	true	2.029323	0.9798594710000543	172.175360	true	2.151386	1.0032577980000497	170.033152
jpf-regression/ExSymExe_false.yml	false	false	2.081954	0.9742193990005035	115.625984	false	2.096501	0.984261311001319	115.892224
jpf-regression/ExSymExe_true.yml	true	true	2.073519	0.9577412460002961	115.417088	true	2.127037	0.9617927150011383	115.216384
jpf-regression/TestLazy_false.yml	false	false	2.109365	1.0237340160001622	174.133248	false	2.14375	1.045587742999487	173.248512
jpf-regression/TestLazy_true.yml	true	true	2.066703	0.9901880190000156	167.903232	true	2.054551	1.0116225490000943	173.424640
java-ranger-regression/LoopCharAt.yml	false	true	2.918369	1.3024851539994415	215.277568	true	2.545784	1.216888877999736	177.303552
java-ranger-regression/TCAS_prop1.yml	false	false	2.960005	1.3124653149998267	206.118912	false	2.757194	1.2874426519992994	187.969536
java-ranger-regression/TCAS_prop2.yml	true	true	5.357398	2.3362133680002444	250.335232	true	4.265661	2.118558115000269	226.336768
java-ranger-regression/TCAS_prop3.yml	true	true	5.354652	2.3020073050001884	248.102912	true	4.368026	2.1420698599995376	228.839424
java-ranger-regression/apachecli_eqchk.yml	true	true	30.973823	12.87047990100018	563.765248	true	28.570063	12.362769674000447	542.679040
java-ranger-regression/schedule_eqchk.yml	true	true	7.087519	2.5983822569996846	314.552320	true	6.05561	2.4138165380009013	302.141440
java-ranger-regression/WBS/WBS_prop1.yml	false	false	2.352946	1.0876417009994839	173.875200	false	2.295585	1.0605124969988537	179.183616
java-ranger-regression/WBS/WBS_prop2.yml	true	true	5.302299	2.2172535050003717	236.490752	true	4.21199	1.952953215000889	220.131328
java-ranger-regression/WBS/WBS_prop3.yml	false	false	2.282347	1.0786415800002942	173.395968	false	2.250536	1.0481035960001464	175.206400
java-ranger-regression/WBS/WBS_prop4.yml	false	false	5.174507	2.2776443960001416	234.250240	false	4.239089	2.02121964700018	228.675584
java-ranger-regression/alarm/Alarm_prop1.yml	true	true	3.086905	1.2654646310002136	181.927936	true	3.114088	1.2862448989999393	187.564032
java-ranger-regression/alarm/Alarm_prop10.yml	true	true	3.126993	1.2976318270002594	183.484416	true	3.157762	1.301832225999533	187.899904
java-ranger-regression/alarm/Alarm_prop2.yml	true	true	3.143812	1.3006264770001508	183.099392	true	3.170444	1.2781549810006254	186.642432
java-ranger-regression/alarm/Alarm_prop3.yml	true	true	3.108043	1.2979143490001661	183.312384	true	3.08636	1.2730065380001179	181.067776
java-ranger-regression/alarm/Alarm_prop4.yml	true	true	3.127564	1.29240028500044	183.103488	true	3.147336	1.280410961000598	187.928576
java-ranger-regression/alarm/Alarm_prop5.yml	true	true	3.105479	1.2902178670001376	180.678656	true	3.224254	1.310706434000167	186.814464
java-ranger-regression/alarm/Alarm_prop6.yml	true	true	3.108407	1.2989398439995057	182.411264	true	3.142235	1.2997468169996864	187.043840
java-ranger-regression/alarm/Alarm_prop8.yml	true	true	3.057313	1.2551008259997616	183.599104	true	3.147396	1.2932427439991443	184.553472
java-ranger-regression/alarm/Alarm_prop9.yml	true	true	3.055378	1.2710402920001798	182.423552	true	3.146492	1.3039429820000805	185.122816
java-ranger-regression/infusion/Infusion_prop1.yml	true	true	2.717016	1.1826298420000967	180.387840	true	2.944646	1.2164268559990887	186.204160
java-ranger-regression/infusion/Infusion_prop10.yml	true	true	2.758845	1.2008494900001097	180.903936	true	2.775962	1.19388613800038	184.877056
java-ranger-regression/infusion/Infusion_prop11.yml	true	true	2.754718	1.1892042179997588	181.444608	true	2.768988	1.1794136759999674	183.078912
java-ranger-regression/infusion/Infusion_prop12.yml	true	true	2.757675	1.1900355560001117	180.604928	true	2.746501	1.1959304989995871	182.886400
java-ranger-regression/infusion/Infusion_prop13.yml	true	true	2.697479	1.182138225000017	181.350400	true	2.780595	1.19520145199931	184.791040
java-ranger-regression/infusion/Infusion_prop2.yml	true	true	2.702346	1.1806770980001602	182.304768	true	2.859051	1.2093177599999763	186.978304
java-ranger-regression/infusion/Infusion_prop3.yml	true	true	2.765948	1.182059787000071	179.392512	true	2.764205	1.195004039000196	182.980608
java-ranger-regression/infusion/Infusion_prop4.yml	true	true	2.735001	1.1869349150001653	179.015680	true	2.775962	1.199992961001044	185.024512
java-ranger-regression/infusion/Infusion_prop5.yml	true	true	2.697966	1.2022399240004233	179.019776	true	2.621534	1.1808682829996542	172.027904
java-ranger-regression/infusion/Infusion_prop6.yml	true	true	2.718143	1.1762302870001804	180.297728	true	2.764543	1.1803145779995248	181.522432
java-ranger-regression/infusion/Infusion_prop7.yml	true	true	2.872269	1.1956059569993158	179.335168	true	2.746972	1.2080766470007802	184.152064
java-ranger-regression/infusion/Infusion_prop8.yml	true	true	2.758096	1.1917442999993	180.379648	true	2.739855	1.1952396140004566	182.374400
java-ranger-regression/infusion/Infusion_prop9.yml	true	true	2.718702	1.1804963469994618	179.404800	true	2.859066	1.2076695279993146	184.811520
java-ranger-regression/siena_eqchk/siena_prop1.yml	true	unknown	7.065287	2.5321214719997442	305.963008	unknown	6.905062	2.4701800940001704	295.288832
java-ranger-regression/siena_eqchk/siena_prop2.yml	false	false	6.207263	2.2218802259994845	277.118976	false	5.635291	2.0585967839997465	249.643008
java-ranger-regression/replace5_eqchk/replace5_prop1.yml	true	true	9.655477	3.94079640200016	454.791168	true	8.18517	3.501989036998566	365.326336
java-ranger-regression/replace5_eqchk/replace5_prop2.yml	false	false	2.804355	1.2354633920003835	176.713728	false	2.793971	1.2301169200000004	179.863552
java-ranger-regression/nanoxml_eqchk/nanoxml_prop1.yml	true	unknown	3.281087	1.3557441170005404	177.815552	unknown	3.23036	1.3351794419995713	180.432896
java-ranger-regression/nanoxml_eqchk/nanoxml_prop2.yml	false	unknown	3.177855	1.3311556009994092	177.881088	unknown	3.268992	1.3502189440005168	179.056640
java-ranger-regression/nanoxml_eqchk/nanoxml_prop3.yml	false	unknown	3.30825	1.3594853960003093	177.692672	unknown	3.145822	1.3169306489999144	174.407680
java-ranger-regression/printtokens_eqchk/printtokens_prop1.yml	true	unknown	2.377155	1.1256498279999505	176.672768	unknown	2.623024	1.1699244859992177	179.441664
java-ranger-regression/printtokens_eqchk/printtokens_prop2.yml	false	false	2.512069	1.1193550710004274	175.423488	false	2.567382	1.161766348999663	177.750016
MinePump/spec1-5_product1.yml	false	false	2.42771	1.097896951999246	173.490176	false	2.440085	1.1199448790011957	174.735360
MinePump/spec1-5_product10.yml	false	false	2.420623	1.119053632000032	174.387200	false	2.424282	1.112798042000577	179.773440
MinePump/spec1-5_product11.yml	false	false	3.575993	1.4925764220006386	217.710592	false	3.316189	1.4665625910001836	218.791936
MinePump/spec1-5_product12.yml	false	false	2.594047	1.1470499070001097	182.513664	false	2.660341	1.1686726230000204	187.813888
MinePump/spec1-5_product13.yml	false	false	2.341808	1.0961594340005831	176.762880	false	2.432726	1.1022400229994673	177.897472
MinePump/spec1-5_product14.yml	false	false	2.396267	1.0798172780005189	173.236224	false	2.459841	1.1226136290006252	186.290176
MinePump/spec1-5_product15.yml	false	false	3.67454	1.5204775880001762	227.041280	false	3.435735	1.4742184589995304	220.712960
MinePump/spec1-5_product16.yml	false	false	2.560941	1.139314893000119	181.153792	false	2.649459	1.1550980960000743	180.920320
MinePump/spec1-5_product17.yml	false	false	2.455423	1.120540878000611	173.826048	false	2.481759	1.114150907000294	174.620672
MinePump/spec1-5_product18.yml	false	false	2.486511	1.1164758580007401	174.055424	false	2.440388	1.0930019370007358	177.778688
MinePump/spec1-5_product19.yml	false	false	3.602912	1.5079048850002437	220.000256	false	3.527113	1.5098505610003485	228.032512
MinePump/spec1-5_product2.yml	false	false	2.436913	1.1042297309995774	173.645824	false	2.506618	1.1182302910001454	178.257920
MinePump/spec1-5_product20.yml	false	false	2.696548	1.1726367960000061	185.372672	false	2.646232	1.1837517490002938	185.470976
MinePump/spec1-5_product21.yml	false	false	2.470038	1.1205028269996546	174.010368	false	2.414237	1.0928971289995388	175.915008
MinePump/spec1-5_product22.yml	false	false	2.449701	1.1169648909999523	173.162496	false	2.410843	1.091944780000631	175.075328
MinePump/spec1-5_product23.yml	false	false	3.593274	1.4802129139998215	218.947584	false	3.504332	1.4911562459983543	227.393536
MinePump/spec1-5_product24.yml	false	false	2.624194	1.1590561819994036	180.228096	false	2.521819	1.1221361469997646	181.706752
MinePump/spec1-5_product25.yml	false	false	2.461135	1.1163104460001705	177.082368	false	2.429084	1.1207680629995593	175.247360
MinePump/spec1-5_product26.yml	false	false	2.468282	1.1360655309999856	175.517696	false	2.441478	1.110097422000763	174.653440
MinePump/spec1-5_product27.yml	false	false	3.563159	1.4960028470004545	215.785472	false	3.351909	1.4512676849990385	223.051776
MinePump/spec1-5_product28.yml	false	false	2.670335	1.169280233999416	180.445184	false	2.634176	1.1627872270000807	183.287808
MinePump/spec1-5_product29.yml	false	false	2.418043	1.1005858259995875	173.608960	false	2.509587	1.1208045429993945	178.126848
MinePump/spec1-5_product3.yml	false	false	3.647341	1.4983139380001376	227.434496	false	3.531937	1.4964495829990483	226.369536
MinePump/spec1-5_product30.yml	false	false	2.435731	1.1144290060001367	174.469120	false	2.35862	1.1347305919989594	174.993408
MinePump/spec1-5_product31.yml	false	false	3.572984	1.5009283310000683	218.984448	false	3.419132	1.5407958809992124	227.893248
MinePump/spec1-5_product32.yml	false	false	2.590811	1.148107582999728	182.321152	false	2.612804	1.1871839000014006	178.380800
MinePump/spec1-5_product33.yml	false	false	2.370193	1.1148117180000554	173.195264	false	2.295114	1.1085014879990922	174.092288
MinePump/spec1-5_product34.yml	false	false	2.412754	1.1096456710001803	173.719552	false	2.386499	1.1341923259988107	173.969408
MinePump/spec1-5_product35.yml	false	false	3.554636	1.474570336999932	222.674944	false	3.259634	1.4433176519996778	225.366016
MinePump/spec1-5_product36.yml	false	false	2.537631	1.1240361739992295	181.301248	false	2.58547	1.1433650879989727	186.875904
MinePump/spec1-5_product37.yml	false	false	2.351262	1.0991669579998415	172.810240	false	2.396413	1.0906480419998843	174.235648
MinePump/spec1-5_product38.yml	false	false	2.4502	1.1181604169996717	173.465600	false	2.406108	1.0999083200003952	174.379008
MinePump/spec1-5_product39.yml	false	false	3.547051	1.4818001679996087	216.248320	false	3.103825	1.4039102010010538	204.402688
MinePump/spec1-5_product4.yml	false	false	2.565201	1.1427850300005957	178.253824	false	2.654476	1.1789460939999117	186.318848
MinePump/spec1-5_product40.yml	false	false	2.565898	1.1342449660005514	185.626624	false	2.44732	1.1194155299999693	168.804352
MinePump/spec1-5_product41.yml	false	false	2.518527	1.1218344190001517	178.319360	false	2.494487	1.114184711001144	183.033856
MinePump/spec1-5_product42.yml	false	false	2.527586	1.1448890309993658	174.456832	false	2.364972	1.115631103000851	163.373056
MinePump/spec1-5_product43.yml	false	false	3.528115	1.4782889629996134	218.636288	false	3.406188	1.485153839999839	220.356608
MinePump/spec1-5_product44.yml	false	false	2.683713	1.1514908170001945	188.940288	false	2.675681	1.1729955150003661	182.149120
MinePump/spec1-5_product45.yml	false	false	2.514594	1.1264725510000062	175.697920	false	2.58759	1.1513894029994844	182.915072
MinePump/spec1-5_product46.yml	false	false	2.566136	1.1355637750002643	177.098752	false	2.528541	1.1321927389999473	178.094080
MinePump/spec1-5_product47.yml	false	false	3.657301	1.5094230790000438	223.805440	false	3.393883	1.489311211000313	214.233088
MinePump/spec1-5_product48.yml	false	false	2.588154	1.1510669070003132	184.127488	false	2.686995	1.177530901000864	181.374976
MinePump/spec1-5_product49.yml	false	false	2.366693	1.1048122199999852	173.326336	false	2.463148	1.140731665000203	173.662208
MinePump/spec1-5_product5.yml	false	false	2.463739	1.1129661850000048	173.342720	false	2.476404	1.1460323859992059	175.607808
MinePump/spec1-5_product50.yml	false	false	2.377913	1.106559737999305	172.449792	false	2.450422	1.143685002998609	174.202880
MinePump/spec1-5_product51.yml	false	false	3.536184	1.4943874190003044	226.918400	false	3.416812	1.4939752299997053	213.352448
MinePump/spec1-5_product52.yml	false	false	2.547135	1.131814889999987	185.143296	false	2.667468	1.1896603479999612	188.014592
MinePump/spec1-5_product53.yml	false	false	2.419147	1.0992924250003853	172.838912	false	2.405041	1.1196025619992724	173.625344
MinePump/spec1-5_product54.yml	false	false	2.424502	1.097955813000226	172.920832	false	2.664084	1.2387403550001181	173.535232
MinePump/spec1-5_product55.yml	false	false	3.572383	1.484998844999609	223.051776	false	3.536768	1.4983996459995979	225.083392
MinePump/spec1-5_product56.yml	false	false	2.667279	1.1640700119996836	189.390848	false	2.66378	1.1919486650003819	184.299520
MinePump/spec1-5_product57.yml	true	true	9.88785	4.011781381999754	448.811008	true	7.801558	4.0314171070003795	452.337664
MinePump/spec1-5_product58.yml	true	true	9.982121	4.213032968000334	451.510272	true	7.96857	3.9860642869989533	449.122304
MinePump/spec1-5_product59.yml	true	true	9.428966	3.609590408999793	334.114816	true	9.291706	3.6535195719989133	342.634496
MinePump/spec1-5_product6.yml	false	false	2.449788	1.114721328000087	173.490176	false	2.447012	1.1256683179999527	175.489024
MinePump/spec1-5_product60.yml	true	true	9.749446	4.389952161999645	425.029632	true	6.695174	3.1426726869995036	319.041536
MinePump/spec1-5_product61.yml	true	true	8.050006	3.8725703689997317	437.915648	true	7.731918	4.077115768999647	454.746112
MinePump/spec1-5_product62.yml	true	true	7.966415	3.9021011790000557	442.908672	true	7.924771	4.079719384000782	445.722624
MinePump/spec1-5_product63.yml	true	true	8.914753	3.4349798700004612	353.607680	true	9.374017	3.6154148650002753	335.577088
MinePump/spec1-5_product64.yml	true	true	8.877569	4.352920467999866	425.717760	true	8.081885	3.2770877729999484	330.133504
MinePump/spec1-5_product7.yml	false	false	3.617843	1.494702523000342	227.127296	false	3.434759	1.5164675090018136	223.977472
MinePump/spec1-5_product8.yml	false	false	2.556042	1.1275649019999037	182.951936	false	2.642947	1.1747931779991632	182.206464
MinePump/spec1-5_product9.yml	false	false	2.409941	1.1125705089998519	173.252608	false	2.431838	1.121929970000565	177.463296
algorithms/BellmanFord-FunSat01.yml	true	true	2.451325	1.0962819149999632	183.341056	true	2.398407	1.1163611669999227	179.609600
algorithms/BellmanFord-FunSat02.yml	false	unknown	2.12553	1.007247758999256	167.645184	unknown	2.204885	1.058240995000233	172.687360
algorithms/BellmanFord-FunUnsat01.yml	false	false	2.416398	1.1024711430000025	182.976512	false	2.487764	1.1465758470003493	178.884608
algorithms/BellmanFord-FunUnsat02.yml	false	unknown	2.099739	1.0164710019998893	167.575552	unknown	2.173853	1.0378501400009554	160.837632
algorithms/BellmanFord-MemSat01.yml	true	true	2.404751	1.0993203669995637	181.141504	true	2.482343	1.1487262670016207	182.173696
algorithms/BellmanFord-MemSat02.yml	true	unknown	2.009385	0.9815638760001093	167.469056	unknown	2.157677	1.033557857001142	171.548672
algorithms/BellmanFord-MemUnsat01.yml	false	false	2.484256	1.1317554490005932	184.299520	false	2.442239	1.118667500999436	178.909184
algorithms/BellmanFord-MemUnsat02.yml	false	unknown	2.141372	1.033289355999841	168.017920	unknown	2.15718	1.0187934530003986	171.216896
algorithms/BinaryTreeSearch-FunSat01.yml	true	true	4.278054	1.7166183309991538	230.449152	true	3.792867	1.6276224539997202	233.648128
algorithms/BinaryTreeSearch-FunUnsat01.yml	false	false	2.233594	1.0457247900003495	174.870528	false	2.37636	1.0790163750007196	178.241536
algorithms/BinaryTreeSearch-MemSat01.yml	true	true	4.107861	1.6338027679994411	220.696576	true	3.660804	1.6076429549993918	225.689600
algorithms/BinaryTreeSearch-MemUnsat01.yml	false	false	2.139196	1.013720332000048	171.569152	false	2.191819	1.0473244950007938	176.857088
algorithms/BinaryTreeSearch-MemUnsat02.yml	false	false	2.098908	0.9930189509996126	170.094592	false	2.226966	1.08257067500017	173.756416
algorithms/InsertionSort-FunSat01.yml	true	true	2.448013	1.1082895310000822	183.861248	true	2.414186	1.0878400330002478	179.642368
algorithms/InsertionSort-FunSat02.yml	true	true	2.475543	1.1233012969996707	184.643584	true	2.406543	1.0883623889985756	179.847168
algorithms/InsertionSort-FunUnsat01.yml	false	true	2.385916	1.0936170960003437	183.758848	true	2.445849	1.1185721309993824	179.970048
algorithms/InsertionSort-MemSat01.yml	true	true	2.392578	1.0984217730001546	182.329344	true	2.401928	1.109966425001403	180.338688
algorithms/InsertionSort-MemUnsat01.yml	false	false	2.338017	1.0805546890005644	179.343360	false	2.385864	1.0931493259995477	176.508928
algorithms/MergeSortIterative-FunSat01.yml	true	true	2.525815	1.1368208659996526	183.185408	true	2.409565	1.126242872000148	178.003968
algorithms/MergeSortIterative-FunSat02.yml	true	true	2.516457	1.1224108569995224	183.103488	true	2.495752	1.1208487379990402	178.352128
algorithms/MergeSortIterative-FunUnsat01.yml	false	unknown	2.491788	1.1362433260001126	181.895168	unknown	2.344934	1.1137204709993966	165.294080
algorithms/MergeSortIterative-MemSat01.yml	false	true	2.467909	1.1234151010003188	182.710272	true	2.478967	1.1183717320000142	181.673984
algorithms/MergeSortIterative-MemUnsat01.yml	false	true	2.495796	1.1476728130000993	182.050816	true	2.363296	1.0962058559998695	170.504192
algorithms/RedBlackTree-FunSat01.yml	true	true	2.868168	1.2477876859993557	195.158016	true	2.942905	1.258156976000464	191.451136
algorithms/RedBlackTree-FunUnsat01.yml	false	false	2.719362	1.171607584999947	184.311808	false	2.675924	1.1653903869992064	183.697408
algorithms/RedBlackTree-MemSat01.yml	true	true	4.891565	1.8966660770001909	235.892736	true	3.979942	1.7173658659994544	228.552704
algorithms/RedBlackTree-MemUnsat01.yml	false	false	2.968653	1.2898075129996869	194.224128	false	2.989328	1.277271061000647	185.348096
algorithms/SortedListInsert-FunSat01.yml	true	true	4.047346	1.6288876739999978	232.280064	true	3.520328	1.5371879559988884	227.184640
algorithms/SortedListInsert-FunSat02.yml	true	true	4.612285	1.8310951729999942	235.569152	true	3.824873	1.7002304069992533	220.057600
algorithms/SortedListInsert-FunUnsat01.yml	false	false	2.235352	1.0584771320000073	169.160704	false	2.447458	1.0797917890013196	188.907520
algorithms/SortedListInsert-MemSat01.yml	true	true	3.324656	1.400005192000208	226.263040	true	3.119954	1.3642262900011701	205.213696
algorithms/SortedListInsert-MemUnsat01.yml	false	false	2.100513	0.9924822880002466	170.483712	false	2.100739	1.0467104260005726	173.469696
algorithms/Trie-FunSat01.yml	true	true	2.255119	1.0727717039999334	171.913216	true	2.333376	1.1064614680017257	173.854720
algorithms/Trie-FunUnsat01.yml	false	false	2.276358	1.053937315999974	173.641728	false	2.065805	1.0552433149987337	160.641024
algorithms/Trie-MemSat01.yml	true	true	2.270236	1.0439384990004328	171.433984	true	2.321265	1.1138074359987513	174.104576
algorithms/Trie-MemUnsat01.yml	false	false	2.28289	1.0557038389997615	172.441600	false	2.281579	1.0552292880001914	166.490112
algorithms/Tsp-FunSat01.yml	false	unknown	2.128747	1.0074323369999547	167.559168	unknown	2.244238	1.0324621470008424	174.297088
algorithms/Tsp-FunUnsat01.yml	false	unknown	2.026709	0.9896737789995314	167.768064	unknown	2.180524	1.0343783049993363	172.417024
algorithms/Tsp-MemSat01.yml	true	unknown	2.126793	1.0205273250003302	167.100416	unknown	2.174176	1.0055007789997035	170.082304
algorithms/Tsp-MemUnsat01.yml	false	unknown	2.077877	1.0152509589997862	167.604224	unknown	2.109635	1.0235358860009	171.696128
juliet-java/CWE369_Divide_by_Zero__float_connect_tcp_divide_01_bad.yml	false	unknown	2.277425	1.0127627539995956	118.964224	unknown	2.308509	1.0481585699999414	121.966592
juliet-java/CWE369_Divide_by_Zero__float_connect_tcp_divide_01_bad_version2.yml	false	unknown	2.301767	1.0197652269998798	129.302528	unknown	2.274732	1.0392754710010195	119.451648
juliet-java/CWE369_Divide_by_Zero__float_connect_tcp_divide_01_good.yml	true	unknown	2.277474	1.018526591000409	119.689216	unknown	2.242685	1.0204834140004095	121.851904
juliet-java/CWE369_Divide_by_Zero__float_connect_tcp_divide_81a_bad.yml	false	unknown	2.230611	1.0084765470001003	119.062528	unknown	2.404526	1.0692399379986455	119.996416
juliet-java/CWE369_Divide_by_Zero__float_connect_tcp_divide_81a_bad_version2.yml	false	unknown	2.32627	1.0400230309996914	118.788096	unknown	2.280525	3.8943654419999802	128.970752
juliet-java/CWE369_Divide_by_Zero__float_connect_tcp_divide_81a_good.yml	true	unknown	2.368121	1.0286954279999918	120.725504	unknown	2.263675	1.002192683999965	129.843200
juliet-java/CWE369_Divide_by_Zero__float_console_readLine_divide_54_bad.yml	false	unknown	2.323672	1.0331081640006232	121.905152	unknown	2.235971	1.0179893389995414	130.248704
juliet-java/CWE369_Divide_by_Zero__float_console_readLine_divide_54_bad_version2.yml	false	unknown	2.25233	1.0221316919996752	121.004032	unknown	2.158968	1.0265911169990432	129.548288
juliet-java/CWE369_Divide_by_Zero__float_console_readLine_divide_54_good.yml	true	unknown	2.181092	1.017779330999474	121.012224	unknown	2.279871	1.0500576320009714	130.318336
jdart-regression/OverapproximationString01.yml	false	false	1.94257	0.9410558230001698	120.856576	false	1.98504	0.9638994360011566	119.439360
jdart-regression/URLDecoder01.yml	true	false	2.05777	0.9658064339992052	121.741312	false	2.084122	0.9616051140001218	122.769408
jdart-regression/URLDecoder02.yml	false	false	2.087182	0.9655627450001703	121.520128	false	2.046592	0.9369707650002965	122.355712
jdart-regression/addition01.yml	false	true	2.230804	1.0391909110003326	178.896896	true	2.156536	1.0995341769994411	174.923776
jdart-regression/array-iteration01.yml	false	false	2.313049	1.1038992679996227	210.296832	false	2.228732	1.1351580489990738	176.537600
jdart-regression/boundcheck100.yml	false	false	3.292969	1.4016169830001672	252.796928	false	2.66738	1.2286022110001795	193.789952
jdart-regression/boundcheck200.yml	false	false	4.262161	1.9496211079995192	509.112320	false	3.164814	1.6139333279988932	222.912512
jdart-regression/boundcheck30.yml	false	false	2.319419	1.0714851659995475	180.465664	false	2.291728	1.0495946079990972	180.051968
jdart-regression/double2long.yml	false	true	2.097916	1.0190005349995772	167.661568	true	2.066159	0.9902180000008229	168.677376
jdart-regression/float.yml	false	true	2.08047	0.9938014769995789	167.280640	true	2.012299	0.9748671879988251	168.869888
jdart-regression/list2.yml	true	true	15.507558	7.457818635999502	541.892608	true	13.269123	6.645427822000784	424.079360
jdart-regression/radians.yml	false	unknown	1.954076	0.936899591000838	116.428800	unknown	2.03083	0.9617963410000812	115.458048
jdart-regression/shifting.yml	false	unknown	2.105742	1.0118671650006945	173.363200	unknown	2.076463	1.016092628999104	173.060096
jdart-regression/shifting2.yml	false	unknown	2.077435	0.99628025399943	168.742912	unknown	2.049557	0.991319258000658	165.212160
jdart-regression/shifting3.yml	false	unknown	2.10336	0.9856255499998952	171.950080	unknown	2.159108	1.0194424429992068	172.937216
jdart-regression/startswith.yml	true	false	2.003441	0.9457685349998428	123.396096	false	2.112784	0.9936800949999451	119.828480
securibench/Aliasing1.yml	false	false	4.016067	1.5340663380002297	125.444096	false	4.127774	1.5639380310003617	129.765376
securibench/Aliasing2.yml	true	true	3.990822	1.5153418180007066	122.318848	true	3.996379	1.52107561000048	132.325376
securibench/Aliasing3.yml	true	true	3.982348	1.5037036869998701	131.264512	true	4.024667	1.519129876000079	123.961344
securibench/Aliasing4.yml	false	false	4.127774	1.5914054300001226	132.341760	false	4.061427	1.5270226470001944	125.919232
securibench/Aliasing5.yml	false	false	4.067652	1.5480962909996379	127.459328	false	4.386455	1.5835077870015084	134.721536
securibench/Aliasing6.yml	false	false	4.336944	1.6192317840004762	137.244672	false	4.290025	1.592685153000275	138.153984
securibench/Arrays1.yml	false	false	4.318853	1.603038550000747	128.536576	false	4.075431	1.5679619980001007	129.720320
securibench/Arrays10.yml	false	unknown	4.226311	1.5788028200004192	131.182592	unknown	4.313458	1.5806979120006872	136.249344
securibench/Arrays2.yml	false	false	4.08318	1.5689549180005997	136.552448	false	4.347739	1.5847027429990703	136.208384
securibench/Arrays3.yml	false	false	4.080309	1.5464204889995017	129.220608	false	3.989087	1.529052108999167	130.248704
securibench/Arrays4.yml	false	false	4.129844	1.5499041019993456	126.238720	false	4.357949	1.5847466659997735	128.892928
securibench/Arrays5.yml	true	true	4.287027	1.5709967410002719	122.077184	true	4.017219	1.521385164000094	123.068416
securibench/Arrays6.yml	false	false	4.371569	1.6011894610001036	127.062016	false	4.048657	1.5387239789997693	126.771200
securibench/Arrays7.yml	false	false	4.342206	1.5861170019998099	128.811008	false	4.388722	1.5894222730003094	135.602176
securibench/Arrays8.yml	false	false	4.229421	1.5664102270002331	128.778240	false	4.043392	1.530926477000321	131.526656
securibench/Arrays9.yml	false	false	4.405349	1.6150674069995148	127.082496	false	4.052972	1.5260770619988762	126.717952
securibench/Basic1.yml	false	false	4.281717	1.5964941709999039	135.536640	false	4.269876	1.582950415000596	127.102976
securibench/Basic10.yml	false	false	4.073249	1.578816385999744	133.107712	false	4.342382	1.5882458519990905	125.370368
securibench/Basic11.yml	false	unknown	3.940709	1.5235692010001003	119.808000	unknown	3.923553	1.4984844789996714	121.008128
securibench/Basic12.yml	false	false	4.273942	1.633691679000549	181.379072	false	4.263214	1.6220498309994582	183.463936
securibench/Basic15.yml	false	false	4.119213	1.5737374919999638	133.115904	false	4.156267	1.551382427000135	135.507968
securibench/Basic16.yml	false	false	4.155855	1.582482574000096	132.694016	false	4.271002	1.5574192940002831	126.177280
securibench/Basic17.yml	false	false	4.364715	1.5989740409995647	126.808064	false	4.327147	1.5740864210001746	128.741376
securibench/Basic18.yml	false	false	4.51874	1.6694191110000247	153.796608	false	4.561488	1.6476628090003942	157.032448
securibench/Basic19.yml	false	false	4.09425	1.539362491999782	126.468096	false	4.340864	1.5687619019990962	124.702720
securibench/Basic2.yml	false	false	4.538204	1.6965979650003646	177.324032	false	4.204375	1.6269383159997233	178.696192
securibench/Basic20.yml	false	false	4.251438	1.588412452000739	134.504448	false	4.061694	1.5299454559990409	123.711488
securibench/Basic21.yml	false	unknown	4.66599	1.681146529000216	154.537984	unknown	4.38145	1.6383615729992016	154.210304
securibench/Basic24.yml	false	unknown	4.3918	1.614289939999253	143.106048	unknown	4.404834	1.6255875259994355	147.292160
securibench/Basic25.yml	false	unknown	4.35991	1.647620571000516	145.879040	unknown	4.76831	1.7005564120008785	155.164672
securibench/Basic26.yml	false	false	4.19318	1.5869024929997977	131.702784	false	4.269977	1.55360362600004	122.634240
securibench/Basic27.yml	false	false	4.105328	1.5595461149996481	137.801728	false	4.407898	1.6098580729994865	125.755392
securibench/Basic28.yml	true	true	4.25898	1.5665977809994729	124.432384	true	4.103921	1.5212372980004147	122.994688
securibench/Basic29.yml	false	false	4.068666	1.5586945080003716	137.551872	false	4.026008	1.5329850010002701	134.246400
securibench/Basic3.yml	false	unknown	4.37185	1.6136981029994786	121.565184	unknown	4.235237	1.5272417559990572	121.958400
securibench/Basic30.yml	false	false	4.336811	1.6301898609999625	137.142272	false	4.03935	1.5270567070001562	126.418944
securibench/Basic31.yml	false	false	4.294111	1.5934627910000927	125.419520	false	4.125846	1.5550724680015264	125.132800
securibench/Basic32.yml	false	false	4.052309	1.5407862680003745	128.249856	false	4.312963	1.5658177629993588	129.069056
securibench/Basic33.yml	false	false	4.336484	1.6158661740000753	131.608576	false	4.14733	1.546339120999619	125.497344
securibench/Basic34.yml	false	false	4.526761	1.6503450600002907	134.737920	false	4.088794	1.550888087000203	125.177856
securibench/Basic35.yml	false	false	4.221879	1.5939453030005097	132.988928	false	4.139726	1.5456831249994138	132.853760
securibench/Basic37.yml	false	false	4.390496	1.6644441549997282	180.314112	false	4.408892	1.6681031640000583	183.369728
securibench/Basic38.yml	false	false	4.30788	1.6293247900002825	180.764672	false	4.459529	1.6761051010016672	181.698560
securibench/Basic39.yml	false	false	4.39506	1.6777891760002603	180.744192	false	4.452908	1.6744695530014724	184.942592
securibench/Basic4.yml	false	false	4.242159	1.6340974240001742	179.392512	false	4.611725	1.6695961829991575	182.751232
securibench/Basic5.yml	false	unknown	4.393579	1.5992703000001711	129.171456	unknown	4.252971	1.551802621999741	124.841984
securibench/Basic6.yml	true	unknown	4.246443	1.5534059689998685	125.534208	unknown	3.99764	1.5124264979986037	120.750080
securibench/Basic7.yml	false	unknown	3.999159	1.5228249369993136	120.389632	unknown	4.343961	1.582018043998687	124.223488
securibench/Basic8.yml	true	true	4.139234	1.54514934099916	123.097088	true	4.277399	1.5809358919996157	131.719168
securibench/Basic9.yml	false	false	4.506713	1.6513758569999482	176.984064	false	4.196147	1.5923340209992602	179.548160
securibench/Collections1.yml	false	false	4.544354	1.6537974650000251	132.325376	false	4.149009	1.553348087998529	136.671232
securibench/Collections10.yml	false	false	4.437809	1.6311568760002046	137.445376	false	4.378443	1.5998900980011967	146.546688
securibench/Collections12.yml	false	false	4.164043	1.5913797410003099	132.141056	false	4.060481	1.5317289380000148	127.352832
securibench/Collections13.yml	false	true	4.225803	1.561971131000064	127.127552	true	4.026864	1.5218190350005898	128.835584
securibench/Collections14.yml	false	false	5.291179	1.9049478639999506	180.256768	false	5.311657	1.9215585099991586	182.198272
securibench/Collections2.yml	false	false	4.434165	1.6396718630003306	136.470528	false	4.000808	1.5328540990012698	127.438848
securibench/Collections3.yml	false	false	4.16912	1.5655278820004241	132.280320	false	4.085513	1.5466088180000952	126.894080
securibench/Collections4.yml	false	false	4.164238	1.5638170339998396	128.548864	false	4.118132	1.5534160189999966	127.840256
securibench/Collections5.yml	false	false	4.214096	1.5989889090005818	133.455872	false	4.147469	1.567508194999391	126.672896
securibench/Collections6.yml	false	false	4.24142	1.5892336719998639	131.162112	false	4.195498	1.5410538589985663	125.394944
securibench/Collections7.yml	false	false	4.297165	1.586887776000367	136.392704	false	4.111423	1.5708821209991584	126.001152
securibench/Collections8.yml	true	true	4.101437	1.5413282010003968	125.353984	true	4.315535	1.5877322849992197	126.873600
securibench/Collections9.yml	true	unknown	4.283663	1.5678107099993213	125.341696	unknown	4.343527	1.5909194929990917	136.818688
securibench/Datastructures1.yml	false	false	4.534398	1.6334084950003671	137.105408	false	4.221571	1.569761249998919	127.557632
securibench/Datastructures2.yml	false	false	4.240982	1.5732929739997417	139.141120	false	4.021206	1.5235775450000801	126.205952
securibench/Datastructures3.yml	false	false	4.186226	1.5916927719999876	146.743296	false	4.030834	1.5270943529994838	121.380864
securibench/Datastructures4.yml	true	true	4.235425	1.561145593999754	121.438208	true	4.043942	1.5468569509994268	131.133440
securibench/Datastructures5.yml	false	unknown	3.973643	1.5300420639996446	119.328768	unknown	4.036965	1.5257977439996466	122.585088
securibench/Datastructures6.yml	false	false	5.57336	2.015836357999433	249.905152	false	5.687163	2.0400257960009185	250.830848
securibench/Factories1.yml	false	unknown	3.98354	1.529027681000116	128.815104	unknown	4.110959	1.5433527169989247	120.446976
securibench/Factories2.yml	false	false	4.096909	1.5606122270000924	125.304832	false	3.996397	1.537776543000291	126.160896
securibench/Factories3.yml	false	false	4.337276	1.6050174140000308	126.222336	false	4.093082	1.541715650999322	122.023936
securibench/Inter1.yml	false	false	4.363395	1.6207907560001331	132.132864	false	4.324443	1.583135688000766	126.988288
securibench/Inter10.yml	false	unknown	4.260538	1.562007048999476	122.765312	unknown	4.239274	1.5406729290007206	122.089472
securibench/Inter11.yml	false	unknown	4.052084	1.5280796520000877	119.607296	unknown	4.174476	1.540238629999294	129.527808
securibench/Inter12.yml	false	false	4.363399	1.6023283909999009	123.461632	false	4.405502	1.5867143940013193	135.569408
securibench/Inter13.yml	false	false	4.574298	1.6763149529997463	146.845696	false	4.652802	1.6440592100007052	144.941056
securibench/Inter14.yml	false	false	4.449851	1.6450495899998714	146.595840	false	4.129967	1.5706881170008273	146.010112
securibench/Inter2.yml	false	false	4.13166	1.5626500019998275	134.905856	false	4.069114	1.539068269999916	129.765376
securibench/Inter3.yml	false	false	4.457117	1.6250252159998126	133.255168	false	4.163946	1.5721641239997552	137.068544
securibench/Inter4.yml	false	false	4.267952	1.5843243589997655	125.882368	false	4.08212	1.548404297000161	130.371584
securibench/Inter5.yml	false	unknown	3.977098	1.5063296130001618	126.808064	unknown	4.25792	1.5668055170008302	120.524800
securibench/Inter6.yml	false	false	4.074992	1.5540250770000057	134.836224	false	4.160716	1.5612013669997395	126.763008
securibench/Inter7.yml	false	false	4.031635	1.5592437650002466	125.972480	false	4.375633	1.5842912499992963	126.705664
securibench/Inter8.yml	false	false	4.392082	1.593404862999705	127.225856	false	4.158044	1.53687824500048	127.098880
securibench/Inter9.yml	false	unknown	4.050385	1.518723038000644	119.255040	unknown	4.264696	1.563420385999052	124.018688
securibench/Pred1.yml	true	true	4.37434	1.6008878819993697	122.740736	true	3.994187	1.4879622829994332	120.541184
securibench/Pred2.yml	false	false	4.361004	1.6296173410000847	176.353280	false	4.370975	1.626582213999427	182.968320
securibench/Pred3.yml	true	true	4.221953	1.6449910290002663	178.503680	true	4.400268	1.6423136249995878	165.875712
securibench/Pred4.yml	false	false	4.406206	1.614194229999157	132.427776	false	4.370792	1.6004067250014486	129.298432
securibench/Pred5.yml	false	false	4.108806	1.55849019300058	127.918080	false	4.306894	1.5657470789992658	129.544192
securibench/Pred6.yml	true	true	4.176897	1.535506334999809	119.513088	true	4.038858	1.5143225499996333	118.517760
securibench/Pred7.yml	true	true	3.886942	1.4964929719999418	120.492032	true	4.274034	1.5595882409998012	130.957312
securibench/Pred8.yml	false	false	4.444804	1.6538272419993518	126.468096	false	4.138616	1.5436990429989237	135.618560
securibench/Pred9.yml	true	false	4.234372	1.6254750950001835	137.089024	false	4.064095	1.5703194710004027	126.271488
securibench/Refl1.yml	false	false	4.407553	1.6491227449996586	136.544256	false	4.186379	1.552757974999622	136.896512
securibench/Refl2.yml	false	true	4.35287	1.628277342999354	122.327040	true	4.078406	1.5349940880005306	133.910528
securibench/Refl3.yml	false	false	4.268381	1.635006489999796	133.615616	false	4.125298	1.5601968900009524	127.889408
securibench/Refl4.yml	false	false	4.359127	1.6223587050008064	132.841472	false	4.097838	1.55541598399941	126.447616
securibench/Sanitizers1.yml	false	false	4.568391	1.7159085719995346	183.943168	false	4.722657	1.6993433150000783	186.834944
securibench/Sanitizers2.yml	true	false	4.53943	1.7816584629999852	188.121088	false	4.680356	1.7227234860001772	189.325312
securibench/Sanitizers3.yml	true	unknown	4.583574	1.752828695000062	153.985024	unknown	4.335357	1.6229777680000552	148.525056
securibench/Sanitizers4.yml	false	false	4.325505	1.6391388470001402	178.511872	false	4.163377	1.6251657699995121	172.998656
securibench/Sanitizers5.yml	false	unknown	4.726391	1.6779152030003388	144.044032	unknown	4.574205	1.6494050530000095	150.224896
securibench/Sanitizers6.yml	true	false	4.341796	1.665172488999815	185.974784	false	4.408569	1.6479757350007276	186.449920
securibench/Session1.yml	false	false	4.434727	1.6502397029998974	123.678720	false	4.319906	1.5749860819996684	135.778304
securibench/Session2.yml	false	false	4.498184	1.7774275900001157	132.263936	false	4.362738	1.6133148950011673	124.891136
securibench/Session3.yml	false	false	4.302733	1.664614776000235	144.592896	false	4.316807	1.5763126959991496	136.794112
securibench/StrongUpdates1.yml	true	true	4.205159	1.564781504000166	131.817472	true	4.174247	1.5414137579991802	132.804608
securibench/StrongUpdates2.yml	true	true	4.321332	1.5669404580003174	122.204160	true	4.213408	1.5629367330002424	123.351040
securibench/StrongUpdates3.yml	true	true	4.082883	1.5795007469996563	129.650688	true	4.067456	1.5347975169988786	121.798656
securibench/StrongUpdates4.yml	true	true	4.079313	1.545455507999577	122.167296	true	4.163494	1.5505337569993571	121.675776
securibench/StrongUpdates5.yml	true	unknown	4.337611	1.5934454790003656	124.784640	unknown	4.216185	1.5411191319999489	131.629056
float-nonlinear-calculation/Bessel.yml	true	true	2.111039	1.0168706060003387	173.248512	true	1.990436	0.972123093000846	168.390656
float-nonlinear-calculation/Conflict.yml	true	true	2.179055	1.0368078949995834	166.912000	true	2.190925	1.0403329309992841	169.140224
float-nonlinear-calculation/EulerMethod.yml	false	unknown	2.291091	1.0399639500001285	213.180416	false	2.582224	1.1221418339991942	218.443776
float-nonlinear-calculation/MathSin.yml	false	unknown	3.123736	1.2387189649998618	120.614912	unknown	3.077503	1.20912330200008	119.177216
float-nonlinear-calculation/Optimization1.yml	false	true	3.193897	1.3078321829998458	175.566848	true	3.087737	1.2704603260008298	172.195840
float-nonlinear-calculation/Optimization2.yml	false	true	2.9644	1.2420646079999642	172.068864	true	2.965523	1.241116625000359	172.302336
float-nonlinear-calculation/Optimization3.yml	false	true	3.105049	1.2765004349994342	166.965248	true	3.147362	1.2869178870005271	170.381312
float-nonlinear-calculation/Optimization4.yml	false	true	3.132876	1.2764478160006547	167.501824	true	3.027929	1.2375491699986014	163.577856
float-nonlinear-calculation/Optimization5.yml	false	unknown	2.875719	1.2279912240001067	167.002112	false	2.979823	1.277115490000142	173.711360
float-nonlinear-calculation/Optimization6.yml	false	true	2.972296	1.2323755460001848	172.847104	true	3.045934	1.250245740999162	175.587328
float-nonlinear-calculation/PartitionEx.yml	true	true	2.150557	1.0257146730000386	166.645760	true	2.121367	0.9977647030009393	170.266624
float-nonlinear-calculation/TurnLogic.yml	true	true	1.985606	0.9711931580004602	116.408320	true	1.980049	0.9553453069984243	116.805632
float-nonlinear-calculation/coral1.yml	false	unknown	3.1992	1.3169673200000034	172.548096	false	3.065629	1.2925634250004805	174.071808
float-nonlinear-calculation/coral10.yml	false	unknown	2.95367	1.2472266289996696	168.374272	false	3.201947	1.311814721000701	162.074624
float-nonlinear-calculation/coral11.yml	false	unknown	2.931296	1.2439295970007151	167.997440	unknown	3.202661	1.306147351000618	171.323392
float-nonlinear-calculation/coral12.yml	false	unknown	2.956643	1.2689121160001378	168.001536	unknown	3.191558	1.3038821749996714	171.896832
float-nonlinear-calculation/coral13.yml	false	unknown	2.877601	1.2547500840000794	158.236672	unknown	3.152788	1.3009971369992854	175.652864
float-nonlinear-calculation/coral14.yml	false	unknown	2.975367	1.260577068999737	167.911424	unknown	2.958966	1.2498546930000884	171.192320
float-nonlinear-calculation/coral15.yml	false	unknown	2.82734	1.235504399999627	168.280064	unknown	3.152202	1.2931370680016698	170.811392
float-nonlinear-calculation/coral16.yml	false	true	2.920332	1.2320744980006566	171.765760	true	3.026078	1.2579950709987315	170.463232
float-nonlinear-calculation/coral17.yml	false	unknown	2.978377	1.2696493370003736	168.124416	unknown	2.966889	1.256558920000316	168.656896
float-nonlinear-calculation/coral18.yml	false	unknown	3.173651	1.3042198380007903	166.948864	unknown	3.010182	1.2443740340004297	168.382464
float-nonlinear-calculation/coral19.yml	false	unknown	3.095506	1.2672956559999875	167.481344	unknown	3.135098	1.2882704439998633	172.429312
float-nonlinear-calculation/coral2.yml	false	unknown	3.097034	1.2666063349997785	168.394752	false	3.212103	1.3172926980005286	179.171328
float-nonlinear-calculation/coral20.yml	false	unknown	3.126542	1.275924316999408	168.136704	false	3.161877	1.2988599660002365	173.797376
float-nonlinear-calculation/coral21.yml	false	unknown	2.87669	1.2335117399998126	167.649280	false	2.987922	1.2790528860004997	174.256128
float-nonlinear-calculation/coral22.yml	false	unknown	3.159252	1.3044145940002636	167.993344	unknown	3.204788	1.315590483998676	174.063616
float-nonlinear-calculation/coral23.yml	true	true	2.987711	1.2573028309998335	171.413504	true	2.949755	1.257067737999023	172.773376
float-nonlinear-calculation/coral26.yml	true	true	2.969041	1.2462135369996759	168.038400	true	3.051051	1.2773577559983096	172.654592
float-nonlinear-calculation/coral27.yml	false	unknown	3.176169	1.284960607999892	171.339776	false	3.052296	1.3023304269991058	174.485504
float-nonlinear-calculation/coral28.yml	false	unknown	2.901569	1.242988621999757	167.366656	unknown	3.084322	1.2772906010013685	168.361984
float-nonlinear-calculation/coral29.yml	false	unknown	2.976272	1.2515558069999315	167.325696	unknown	2.972413	1.279650334001417	169.373696
float-nonlinear-calculation/coral3.yml	true	true	2.923848	1.2478720050003176	166.805504	true	3.267169	1.3116505609996238	169.684992
float-nonlinear-calculation/coral30.yml	false	unknown	2.97012	1.2003301300001112	117.104640	unknown	3.094818	1.2270392259997607	128.491520
float-nonlinear-calculation/coral31.yml	false	true	3.063839	1.2704841020004096	168.038400	true	3.040196	1.281456557000638	176.054272
float-nonlinear-calculation/coral32.yml	false	unknown	2.846842	1.2208610490006322	167.616512	unknown	3.195765	1.3161619000002247	175.550464
float-nonlinear-calculation/coral33.yml	false	unknown	3.014361	1.28271762499935	168.378368	unknown	3.082917	1.2887888240002212	175.312896
float-nonlinear-calculation/coral34.yml	false	unknown	3.302796	1.3734351170005539	167.477248	unknown	2.998412	1.2544429329991544	169.279488
float-nonlinear-calculation/coral35.yml	false	unknown	3.311586	1.4320377129997723	167.596032	unknown	3.232025	1.321220968000489	172.412928
float-nonlinear-calculation/coral36.yml	false	unknown	2.939299	1.2606967150004493	116.629504	unknown	2.82097	1.1719507690013415	118.091776
float-nonlinear-calculation/coral38.yml	false	unknown	3.008525	1.2959266589996332	167.407616	unknown	2.975326	1.265864393000811	171.171840
float-nonlinear-calculation/coral39.yml	false	unknown	3.110637	1.3091258949998519	167.714816	unknown	3.218305	1.309891212000366	175.968256
float-nonlinear-calculation/coral4.yml	false	unknown	3.377685	1.467078992000097	172.130304	unknown	3.061628	1.2610823209997761	169.082880
float-nonlinear-calculation/coral40.yml	false	unknown	3.560071	1.5887291500002902	167.206912	false	2.956945	1.255966229000478	161.755136
float-nonlinear-calculation/coral41.yml	false	unknown	3.660548	1.5868077849991096	167.919616	false	3.113391	1.2916849539997202	174.534656
float-nonlinear-calculation/coral42.yml	false	unknown	3.407805	1.4364517920002982	166.993920	unknown	3.154359	1.2938552369996614	170.221568
float-nonlinear-calculation/coral43.yml	false	unknown	3.374654	1.414629406000131	167.026688	unknown	3.267637	1.325053635000586	175.214592
float-nonlinear-calculation/coral44.yml	false	unknown	3.064235	1.3020209979995343	166.834176	unknown	3.121203	1.267821607998485	170.442752
float-nonlinear-calculation/coral45.yml	false	unknown	3.147472	1.3277954620007222	171.679744	unknown	3.140591	1.2805719730004057	168.755200
float-nonlinear-calculation/coral46.yml	true	unknown	3.021686	1.294457496999712	167.718912	unknown	3.193745	1.3166892470017046	171.937792
float-nonlinear-calculation/coral48.yml	false	true	3.088319	1.3077324449996013	167.464960	true	3.201317	1.2858266829989589	176.959488
float-nonlinear-calculation/coral49.yml	false	unknown	2.993545	1.2815959289991952	168.386560	unknown	3.122175	1.285626210999908	172.007424
float-nonlinear-calculation/coral5.yml	true	true	3.240635	1.328397758000392	167.911424	true	3.046885	1.2538587920007558	170.680320
float-nonlinear-calculation/coral50.yml	false	unknown	3.183033	1.3161396579998836	167.874560	unknown	2.917537	1.2454076710000663	170.901504
float-nonlinear-calculation/coral51.yml	false	unknown	3.162661	1.3233795289997943	168.206336	unknown	3.212001	1.2884937819999323	173.088768
float-nonlinear-calculation/coral52.yml	false	unknown	3.274753	1.3635939779996988	167.673856	unknown	3.146881	1.2853521810011443	175.460352
float-nonlinear-calculation/coral53.yml	false	unknown	3.323662	1.3686368440003207	167.895040	unknown	3.133133	1.2932199120004952	171.790336
float-nonlinear-calculation/coral54.yml	false	unknown	3.090286	1.3256213289996595	167.899136	unknown	2.925906	1.2362351320007292	160.223232
float-nonlinear-calculation/coral55.yml	true	true	3.250994	1.3450046529997053	167.788544	true	3.156923	1.272869463000461	170.811392
float-nonlinear-calculation/coral56.yml	false	true	3.27624	1.3421462599999359	167.866368	true	3.168734	1.284610093000083	171.806720
float-nonlinear-calculation/coral57.yml	false	true	3.206348	1.3206666200003383	170.995712	true	3.016151	1.2642016670015437	170.766336
float-nonlinear-calculation/coral58.yml	false	true	3.240923	1.3260545769999226	169.906176	true	3.178501	1.2925448679998226	172.924928
float-nonlinear-calculation/coral59.yml	false	true	3.100734	1.3252523889996155	169.943040	true	3.068116	1.2666196080008376	160.673792
float-nonlinear-calculation/coral6.yml	false	unknown	3.208755	1.3246405520003464	168.263680	false	3.050763	1.2825444299996889	174.137344
float-nonlinear-calculation/coral60.yml	false	true	3.2282	1.3489229119995798	175.079424	true	3.363609	1.3208725120002782	174.727168
float-nonlinear-calculation/coral61.yml	false	true	3.060284	1.297201696999764	169.525248	true	3.188647	1.2944216119994962	170.024960
float-nonlinear-calculation/coral62.yml	false	true	3.146968	1.3048168420000366	167.571456	true	3.09983	1.2845051629992668	170.311680
float-nonlinear-calculation/coral63.yml	false	true	3.314965	1.3423599099996864	169.504768	true	3.29011	1.3126212160004798	176.312320
float-nonlinear-calculation/coral64.yml	false	true	3.196435	1.3102761749996716	167.800832	true	3.13552	1.3018513239985623	172.290048
float-nonlinear-calculation/coral65.yml	false	true	3.209213	1.332031724999979	170.012672	true	3.141103	1.2887473229984607	171.225088
float-nonlinear-calculation/coral66.yml	false	true	3.201725	1.2926013819997024	168.071168	true	3.20868	1.3156694850003987	176.177152
float-nonlinear-calculation/coral67.yml	false	true	3.215089	1.322528874999989	168.620032	true	3.22608	1.3214380190001975	173.297664
float-nonlinear-calculation/coral68.yml	false	true	3.16408	1.3012229919995661	168.566784	true	3.19898	1.3192716690009547	174.379008
float-nonlinear-calculation/coral69.yml	false	true	3.017687	1.2771198199998253	168.955904	true	3.153776	1.293095741999423	170.500096
float-nonlinear-calculation/coral71.yml	false	unknown	3.258694	1.3150321639996037	172.359680	false	3.453754	1.3473419429992646	180.318208
float-nonlinear-calculation/coral72.yml	false	unknown	3.032223	1.2878000979999342	169.570304	false	3.367137	1.3349225350011693	175.431680
float-nonlinear-calculation/coral73.yml	false	unknown	3.133542	1.3005116820004332	173.400064	false	3.419883	1.3497860160005075	183.906304
float-nonlinear-calculation/coral74.yml	false	unknown	2.946658	1.2602906990005067	167.096320	false	3.380624	1.34238489100062	176.001024
float-nonlinear-calculation/coral75.yml	false	unknown	3.295492	1.3245841059997474	172.875776	false	3.380981	1.3426397709990852	180.957184
float-nonlinear-calculation/coral76.yml	false	true	3.251851	1.3294057990005967	172.072960	true	3.027609	1.2637544059998618	175.665152
float-nonlinear-calculation/coral77.yml	false	true	3.228563	1.3279869260004489	168.177664	true	3.239224	1.3263969740000903	172.654592
float-nonlinear-calculation/coral79.yml	false	true	3.158082	1.341424248000294	167.088128	true	3.13909	1.3119087790000776	171.761664
float-nonlinear-calculation/coral80.yml	true	true	3.223293	1.3410657419999552	171.503616	true	2.940232	1.2373490379995928	169.295872
float-nonlinear-calculation/coral81.yml	false	true	3.088758	1.2937489030000506	170.139648	true	2.999914	1.2696459710005001	172.326912
float-nonlinear-calculation/coral84.yml	false	true	3.161254	1.3052527719992213	170.024960	true	3.136495	1.3092422989993793	173.109248
float-nonlinear-calculation/coral9.yml	false	unknown	3.130737	1.2776603780002915	167.182336	false	3.077692	1.2908708380000462	177.754112
float-nonlinear-calculation/coral91.yml	true	true	3.136046	1.3114238870002737	171.732992	true	2.918581	1.2501711650002107	170.483712
