tool		SPF Mon Jun 30 08:45:41 AM IST 2025	SPF Mon Jun 30 08:45:41 AM IST 2025	SPF Mon Jun 30 08:45:41 AM IST 2025	SPF Mon Jun 30 08:45:41 AM IST 2025	SPF Sat Jul 12 05:34:07 PM IST 2025	SPF Sat Jul 12 05:34:07 PM IST 2025	SPF Sat Jul 12 05:34:07 PM IST 2025	SPF Sat Jul 12 05:34:07 PM IST 2025
run set		SV-COMP25_assert_java.ReachSafety-Java	SV-COMP25_assert_java.ReachSafety-Java	SV-COMP25_assert_java.ReachSafety-Java	SV-COMP25_assert_java.ReachSafety-Java	SV-COMP25_assert_java.ReachSafety-Java	SV-COMP25_assert_java.ReachSafety-Java	SV-COMP25_assert_java.ReachSafety-Java	SV-COMP25_assert_java.ReachSafety-Java
../sv-benchmarks/java/		status	cputime (s)	walltime (s)	memory (MB)	status	cputime (s)	walltime (s)	memory (MB)
jayhorn-recursive/Ackermann01.yml	false	false	1.99428	0.9569375820001369	170.983424	false	2.021222	1.0075506530001803	177.684480
jayhorn-recursive/Addition.yml	true	true	2.033634	0.9766509520004547	174.608384	true	2.190475	1.018519815000218	181.534720
jayhorn-recursive/InfiniteLoop.yml	false	false	1.937778	0.939605704999849	170.377216	false	1.91514	0.9357553179997922	177.291264
jayhorn-recursive/SatAckermann01.yml	true	true	10.852807	6.254946449000272	605.671424	true	17.292226	12.59647192400007	613.142528
jayhorn-recursive/SatAckermann02.yml	true	true	10.706172	6.44602957799998	582.770688	true	17.381972	12.783127108000372	616.546304
jayhorn-recursive/SatAckermann03.yml	true	true	10.587576	6.286787709999771	587.587584	true	17.597705	12.772302421000859	613.883904
jayhorn-recursive/SatAddition01.yml	true	true	2.576256	1.258398244000091	180.514816	true	2.246253	1.0415667329998541	184.254464
jayhorn-recursive/SatEvenOdd01.yml	true	true	3.036863	1.5848130340000353	176.553984	true	2.299339	1.0759103199998208	183.480320
jayhorn-recursive/SatFibonacci01.yml	true	true	3.818756	1.704729808000593	219.537408	true	3.38848	1.5274735069997405	224.980992
jayhorn-recursive/SatFibonacci02.yml	true	true	2.027765	0.9937490340007571	114.839552	true	1.89501	0.9131652759997451	114.253824
jayhorn-recursive/SatFibonacci03.yml	true	true	4.098461	1.7678730529996756	232.804352	true	3.783381	1.8152581510003074	242.872320
jayhorn-recursive/SatGcd.yml	true	true	3.445073	1.4867253350003011	217.894912	true	3.107902	1.4106000530000529	222.609408
jayhorn-recursive/SatHanoi01.yml	true	true	7.129782	3.594795162000082	516.808704	true	7.951986	5.015497252999921	518.803456
jayhorn-recursive/SatMccarthy91.yml	true	true	8.806528	5.07203675799974	559.218688	true	9.812877	6.344370122999862	562.749440
jayhorn-recursive/SatMultCommutative01.yml	true	true	2.585716	1.1825215310000203	188.674048	true	2.480186	1.1619515009997485	199.352320
jayhorn-recursive/SatPrimes01.yml	true	TIMEOUT	900.710899	837.0345001209998	1853.554688	TIMEOUT	900.517522	840.9459049419993	1802.465280
jayhorn-recursive/UnsatAckermann01.yml	false	false	2.151285	1.0568881939998391	171.925504	false	2.208353	1.0521952719991532	181.882880
jayhorn-recursive/UnsatAddition01.yml	false	false	2.136168	1.0361131350000505	171.978752	false	2.200848	1.0397461170005045	182.497280
jayhorn-recursive/UnsatAddition02.yml	false	true	2.433555	1.0988595360004183	188.293120	true	2.535499	1.1772157840005093	195.739648
jayhorn-recursive/UnsatEvenOdd01.yml	false	false	2.101029	1.0052354579993334	171.167744	false	2.196403	1.048779029999423	181.620736
jayhorn-recursive/UnsatFibonacci01.yml	false	false	2.267524	1.0526536740007941	174.796800	false	2.363419	1.0831574399999226	181.256192
jayhorn-recursive/UnsatFibonacci02.yml	false	false	2.93053	1.2348519950000991	216.137728	false	3.050964	1.3860862089995862	225.402880
jayhorn-recursive/UnsatMccarthy91.yml	false	false	2.13092	1.0269776300001467	172.695552	false	2.169939	1.0666727289999471	180.506624
jbmc-regression/ArithmeticException1.yml	false	false	2.097433	1.014069845999984	171.155456	false	2.122184	1.0352676749998864	180.383744
jbmc-regression/ArithmeticException5.yml	true	true	1.848233	0.893802570999469	114.442240	true	1.923537	0.9337465799999336	114.368512
jbmc-regression/ArithmeticException6.yml	false	false	2.099018	1.0077315720000115	169.766912	false	2.117474	1.0324616359994252	177.700864
jbmc-regression/ArrayIndexOutOfBoundsException1.yml	false	false	2.078191	1.019266848999905	171.499520	false	2.121073	1.0361587659999714	177.336320
jbmc-regression/ArrayIndexOutOfBoundsException2.yml	false	false	2.05514	0.9807121049998386	170.692608	false	2.110712	1.0244961819998935	177.778688
jbmc-regression/ArrayIndexOutOfBoundsException3.yml	false	false	2.18197	1.0548276409999744	172.257280	false	2.166195	1.036592262999875	181.145600
jbmc-regression/BufferedReaderReadLine.yml	false	false	2.207965	1.0595586070003264	171.573248	false	2.164803	1.0393196980003268	182.489088
jbmc-regression/CharSequenceBug.yml	false	false	2.037737	0.9999023880000095	170.123264	false	2.170107	1.030146459000207	181.473280
jbmc-regression/CharSequenceToString.yml	true	false	2.108882	1.0389311650005766	175.177728	false	2.130804	1.0592312440003298	178.622464
jbmc-regression/ClassCastException1.yml	false	false	1.916318	0.9244608640001388	115.437568	false	1.91894	0.9123517460002404	115.187712
jbmc-regression/ClassCastException2.yml	true	true	1.925557	0.918939569000031	114.487296	true	1.957224	0.9456253009993816	121.712640
jbmc-regression/ClassCastException3.yml	false	false	1.872009	0.897930388999157	115.572736	false	1.987329	0.9606027440004254	115.601408
jbmc-regression/Class_method1.yml	true	true	1.836738	0.8898040250005579	114.114560	true	1.956188	0.9669826819999798	114.499584
jbmc-regression/Inheritance1.yml	true	true	1.882136	0.9007654710003408	114.438144	true	1.993721	0.9880481480004164	117.518336
jbmc-regression/NegativeArraySizeException1.yml	false	false	1.867271	0.9032889560003241	114.958336	false	1.860913	0.9195439040004203	121.655296
jbmc-regression/NegativeArraySizeException2.yml	false	false	1.865544	0.9054362229999242	114.757632	false	1.989055	0.9620311759999822	115.482624
jbmc-regression/NullPointerException1.yml	true	true	1.843207	0.8870787490004659	114.089984	true	1.873854	0.9150849309999103	114.548736
jbmc-regression/NullPointerException2.yml	false	false	1.863875	0.8936300650002522	114.384896	false	1.911126	0.9032618679993902	114.458624
jbmc-regression/NullPointerException3.yml	false	false	1.900996	0.9251692990001175	114.839552	false	1.958009	0.9495717520003382	115.126272
jbmc-regression/NullPointerException4.yml	false	false	1.946757	0.9341079529995113	114.827264	false	1.967341	0.9444784930001333	115.228672
jbmc-regression/RegexMatches01.yml	true	true	1.867197	0.9093693340000755	114.675712	true	1.982368	0.9419736499994542	115.240960
jbmc-regression/RegexMatches02.yml	false	true	1.915214	0.923293484000169	116.305920	true	1.931863	0.9506007429999954	117.116928
jbmc-regression/RegexSubstitution01.yml	true	true	2.031301	0.9518302690003111	116.817920	true	2.024686	0.9553148790000705	125.583360
jbmc-regression/RegexSubstitution02.yml	false	unknown	1.941084	0.9405326100004459	116.604928	unknown	2.038079	0.9678092900003321	116.375552
jbmc-regression/RegexSubstitution03.yml	true	true	1.906045	0.9346228629992765	116.674560	true	1.99246	0.9659087449999788	116.338688
jbmc-regression/StaticCharMethods01.yml	true	true	1.909007	0.908217615000467	113.987584	true	1.8778	0.914029782000398	114.647040
jbmc-regression/StaticCharMethods02.yml	false	false	2.111062	1.0106055070000366	170.958848	false	2.146642	1.0310072140000557	177.164288
jbmc-regression/StaticCharMethods03.yml	false	false	2.038756	1.008710666999832	169.340928	false	2.164874	1.0407771069994851	180.695040
jbmc-regression/StaticCharMethods04.yml	false	false	1.937944	0.9168724940000175	124.760064	false	2.01363	0.9543764750005721	124.248064
jbmc-regression/StaticCharMethods05.yml	false	unknown	2.035433	0.9695799780001835	117.047296	unknown	2.104025	0.9807903840001018	127.700992
jbmc-regression/StaticCharMethods06.yml	true	true	2.075818	1.0187102899999445	169.967616	true	2.231439	1.0885464240000147	180.776960
jbmc-regression/StringBuilderAppend01.yml	true	true	2.075458	0.9630514049995327	125.657088	true	2.069206	0.9976998430001913	116.752384
jbmc-regression/StringBuilderAppend02.yml	false	unknown	2.01581	0.9638704279996091	116.547584	unknown	2.094125	0.9898214280001412	117.358592
jbmc-regression/StringBuilderCapLen01.yml	true	true	1.950524	0.9156474659994274	116.633600	true	1.975304	0.9648803159998351	116.559872
jbmc-regression/StringBuilderCapLen02.yml	false	false	1.989654	0.9463837959992816	120.623104	false	1.966708	0.9602579269994749	118.595584
jbmc-regression/StringBuilderCapLen03.yml	false	unknown	1.937155	0.9409478519992263	116.002816	unknown	1.901548	0.9242495739999868	116.019200
jbmc-regression/StringBuilderCapLen04.yml	false	unknown	1.966958	0.9314304980007364	116.326400	unknown	1.959151	0.9338603500000318	124.203008
jbmc-regression/StringBuilderChars01.yml	true	true	2.023101	0.9662997059995178	115.503104	true	2.016045	0.9525110760005191	116.383744
jbmc-regression/StringBuilderChars02.yml	false	false	1.984518	0.9582700440005283	120.655872	false	2.003064	0.9651690849996157	118.571008
jbmc-regression/StringBuilderChars03.yml	false	unknown	2.01054	0.9652003250002963	116.723712	unknown	1.934824	0.935867670999869	124.293120
jbmc-regression/StringBuilderChars04.yml	false	unknown	1.957928	0.9249312700003429	116.871168	unknown	1.979275	0.942778485999952	124.583936
jbmc-regression/StringBuilderChars05.yml	false	unknown	1.872655	0.912930595999569	116.719616	unknown	1.98874	0.9553657269998439	124.137472
jbmc-regression/StringBuilderChars06.yml	false	unknown	1.969587	0.9562026389994571	116.756480	unknown	2.042784	1.0201478429999042	115.945472
jbmc-regression/StringBuilderConstructors01.yml	true	unknown	1.962436	0.9605743669999356	167.829504	unknown	2.142028	1.044294047999756	175.202304
jbmc-regression/StringBuilderConstructors02.yml	false	unknown	1.955289	0.954527441999744	116.047872	unknown	1.909401	0.9389248939996833	116.551680
jbmc-regression/StringBuilderInsertDelete01.yml	true	true	2.024107	0.9636108189997685	120.782848	true	2.101575	0.9943541140000889	117.542912
jbmc-regression/StringBuilderInsertDelete02.yml	false	unknown	2.103228	0.983252070999697	116.371456	unknown	2.109259	1.0271180120007557	116.539392
jbmc-regression/StringBuilderInsertDelete03.yml	false	unknown	2.063875	0.96702292900045	125.054976	unknown	2.103148	1.0184733149999374	116.731904
jbmc-regression/StringCompare01.yml	true	true	1.964012	0.9365299170003709	114.888704	true	1.893716	0.919500429999971	121.901056
jbmc-regression/StringCompare02.yml	false	unknown	1.938151	0.9381976199993005	116.699136	unknown	1.882503	0.9091448250001122	116.785152
jbmc-regression/StringCompare03.yml	false	unknown	1.878102	0.916836375999992	116.391936	unknown	1.947874	0.9430992460002017	124.063744
jbmc-regression/StringCompare04.yml	false	unknown	1.918873	0.9296068109997577	116.916224	unknown	1.931434	0.9254657259998567	116.985856
jbmc-regression/StringCompare05.yml	false	false	2.020939	0.9668051280004875	126.058496	false	1.901361	0.9312050349999481	118.136832
jbmc-regression/StringConcatenation01.yml	true	false	2.006593	0.9635522789994866	121.004032	false	2.017919	0.9585230729999239	119.013376
jbmc-regression/StringConcatenation02.yml	false	false	1.993013	0.9494955999998638	121.749504	false	2.002494	0.9768086140002197	127.823872
jbmc-regression/StringConcatenation03.yml	false	false	2.041351	0.9759940740004822	121.602048	false	2.091298	1.006819928999903	128.004096
jbmc-regression/StringConcatenation04.yml	false	false	2.042834	0.9560748080002668	121.028608	false	2.054242	0.9841932460003591	128.376832
jbmc-regression/StringConstructors01.yml	true	true	1.981547	0.9409591539997564	115.859456	true	2.006613	0.96966110700032	115.671040
jbmc-regression/StringConstructors02.yml	false	false	2.022395	0.9751536110006782	119.468032	false	2.059769	0.9879340159995991	119.320576
jbmc-regression/StringConstructors03.yml	false	false	2.019086	0.9747919390001698	120.541184	false	2.023669	0.9731608480005889	118.980608
jbmc-regression/StringConstructors04.yml	false	false	1.960739	0.9375094530005299	121.282560	false	1.997198	0.9687810220002575	118.849536
jbmc-regression/StringConstructors05.yml	false	false	2.018504	0.9551401859998805	122.204160	false	2.00343	0.9701859759998115	120.520704
jbmc-regression/StringContains01.yml	false	false	1.927474	0.937267817999782	120.594432	false	1.946264	0.9407834450003065	118.243328
jbmc-regression/StringContains02.yml	false	false	1.965006	0.938799083000049	120.262656	false	2.059913	0.9838815920002162	129.355776
jbmc-regression/StringIndexMethods01.yml	true	true	1.96182	0.9167680969994763	114.958336	true	2.052195	0.9692515769993406	114.487296
jbmc-regression/StringIndexMethods02.yml	false	false	2.04845	0.9919051070000933	170.033152	false	2.092504	1.0284791149997545	176.885760
jbmc-regression/StringIndexMethods03.yml	false	false	1.993816	0.9858428040006402	169.431040	false	2.063751	1.014419584999814	178.335744
jbmc-regression/StringIndexMethods04.yml	false	false	2.113318	1.0304399639999247	170.577920	false	2.104527	1.0047756399999344	180.514816
jbmc-regression/StringIndexMethods05.yml	false	false	2.086207	0.9959419739998339	169.316352	false	2.125457	1.0231457529998806	177.299456
jbmc-regression/StringMiscellaneous01.yml	true	true	2.032732	0.9511436250004408	116.293632	true	1.975351	0.9618192720008665	115.814400
jbmc-regression/StringMiscellaneous02.yml	false	false	2.122885	1.0223533750004208	169.361408	false	2.034386	1.0152231350002694	176.250880
jbmc-regression/StringMiscellaneous03.yml	false	false	2.122678	1.0356734570004846	171.130880	false	2.108532	1.0354023910003889	177.696768
jbmc-regression/StringMiscellaneous04.yml	true	true	2.009431	0.9583227340008307	114.446336	true	2.020649	0.9386253769998802	115.003392
jbmc-regression/StringStartEnd01.yml	true	true	2.020328	0.9629538919998595	115.486720	true	1.884338	0.9461583149995931	114.278400
jbmc-regression/StringStartEnd02.yml	false	false	2.010556	0.9569324040003266	121.163776	false	2.097523	0.9946514809998916	128.913408
jbmc-regression/StringStartEnd03.yml	false	false	2.036565	0.9648539820000224	121.233408	false	2.02615	0.9686453129997972	128.909312
jbmc-regression/StringValueOf01.yml	true	true	1.962194	0.9374715909998486	115.748864	true	2.021042	0.9780157679997501	115.814400
jbmc-regression/StringValueOf02.yml	false	false	2.034029	0.9607500479996816	116.068352	false	1.972855	0.9515506269999605	119.349248
jbmc-regression/StringValueOf03.yml	false	false	1.965286	0.9486189180006477	117.415936	false	1.99985	0.9735380860001897	118.525952
jbmc-regression/StringValueOf04.yml	false	false	2.017001	0.9566290820002905	120.737792	false	1.993615	0.986880831000235	118.444032
jbmc-regression/StringValueOf05.yml	false	false	2.110046	1.0508599740005593	172.773376	false	2.170866	1.0523183180002889	178.253824
jbmc-regression/StringValueOf06.yml	false	false	1.975154	0.9475691900006495	120.913920	false	1.982788	0.9613290389997928	118.697984
jbmc-regression/StringValueOf07.yml	false	unknown	1.959655	0.9318763379997108	116.727808	unknown	1.955553	0.9464409820002402	116.731904
jbmc-regression/StringValueOf08.yml	false	unknown	1.952369	0.9392917309996847	121.085952	unknown	2.01115	0.9817950709993966	118.087680
jbmc-regression/StringValueOf09.yml	false	unknown	2.013945	0.9696736839996447	120.160256	unknown	2.034472	0.9753587310005969	117.977088
jbmc-regression/StringValueOf10.yml	false	false	1.95845	0.9411987249995946	120.176640	false	1.985654	0.9546846929997628	118.579200
jbmc-regression/SubString01.yml	true	true	1.923081	0.9226253540000471	114.188288	true	1.969344	0.9389592419993278	116.736000
jbmc-regression/SubString02.yml	false	false	1.955179	0.944074584000191	121.204736	false	1.966761	0.9547482629996011	129.417216
jbmc-regression/SubString03.yml	false	false	2.063093	0.9897147900001073	121.184256	false	1.938606	0.9480316500003028	118.394880
jbmc-regression/TokenTest01.yml	true	true	1.997898	0.9318428149999818	122.863616	true	2.030665	0.9538376500004233	115.679232
jbmc-regression/TokenTest02.yml	false	unknown	1.897068	0.9242071459993895	116.695040	unknown	1.994228	0.9522775810000894	124.620800
jbmc-regression/Validate01.yml	true	true	1.989423	0.9252130909999323	114.929664	true	1.989198	0.9544342059998598	113.201152
jbmc-regression/Validate02.yml	false	unknown	1.947154	0.9211365500004831	116.707328	unknown	1.822914	0.9261946980004723	124.145664
jbmc-regression/aastore_aaload1.yml	true	true	183.527352	183.26533456000016	208.306176	true	196.076343	196.23612696500004	215.105536
jbmc-regression/array1.yml	true	true	2.198198	1.0467286539997076	178.810880	true	2.347305	1.102589762000207	188.112896
jbmc-regression/array2.yml	true	true	2.023695	0.9757823870004358	168.513536	true	2.132131	1.030288835000647	176.934912
jbmc-regression/arraylength1.yml	true	true	2.04942	0.9876293110000915	169.246720	true	2.135652	1.0496896959994046	177.152000
jbmc-regression/arrayread1.yml	true	true	2.165427	1.0379663610001444	173.137920	true	2.186571	1.0626823579996199	181.985280
jbmc-regression/assert1.yml	true	true	2.052317	0.9916660179997052	172.216320	true	2.043663	1.0082250800005568	176.599040
jbmc-regression/assert2.yml	false	false	2.131477	1.016026442999646	172.281856	false	2.16613	1.054024680999646	177.557504
jbmc-regression/assert3.yml	false	false	2.062594	1.0079088760003287	171.683840	false	2.165698	1.033722597000633	180.457472
jbmc-regression/assert4.yml	false	false	2.083211	0.9877148919995307	169.185280	false	2.190559	1.0969986970003447	177.373184
jbmc-regression/assert5.yml	true	true	2.005471	0.9722932739996395	169.066496	true	2.172139	1.0426705350000702	175.325184
jbmc-regression/assert6.yml	true	true	2.037382	0.9801436970001305	167.636992	true	2.158446	1.0504726139997729	180.477952
jbmc-regression/astore_aload1.yml	true	true	2.059823	0.9742547349997039	114.651136	true	2.069654	1.0095804080001471	116.068352
jbmc-regression/athrow1.yml	false	false	1.871331	0.8944100280004932	115.118080	false	1.92059	0.9397619639994446	114.966528
jbmc-regression/basic1.yml	true	true	1.977671	0.9200701159998061	115.118080	true	2.048434	0.9720520809996742	116.736000
jbmc-regression/bitwise1.yml	true	unknown	2.107306	1.0114670700004353	166.703104	unknown	2.047657	1.0112379239999427	171.626496
jbmc-regression/boolean1.yml	true	true	2.035365	0.9782703620003304	169.320448	true	2.131766	1.020132243000262	179.646464
jbmc-regression/boolean2.yml	true	true	2.098762	1.0095763520002947	169.418752	true	2.151993	1.0456023690003349	178.905088
jbmc-regression/bug-test-gen-095.yml	false	false	2.030522	0.9734279750000496	120.152064	false	2.087047	0.9993325189998359	128.335872
jbmc-regression/bug-test-gen-119-2.yml	true	true	1.933	0.9357749280006828	114.663424	true	2.051619	0.9660932360002334	114.851840
jbmc-regression/bug-test-gen-119.yml	true	false	2.100779	1.008064018999903	172.531712	false	2.170179	1.0607959580001989	179.154944
jbmc-regression/calc.yml	true	true	47.69473	46.793665131000125	191.111168	true	51.461249	50.522185565000655	195.969024
jbmc-regression/cast1.yml	true	unknown	1.988226	0.9755242900000667	168.095744	unknown	2.066487	1.0422508769997876	177.545216
jbmc-regression/catch1.yml	true	true	1.853651	0.9077534759999253	114.081792	true	1.883119	0.9143223879991638	114.868224
jbmc-regression/char1.yml	true	true	2.089551	1.012925813000038	174.231552	true	2.128633	1.0383282820002933	176.529408
jbmc-regression/charArray.yml	true	unknown	2.07589	0.9959331700001712	173.264896	unknown	2.194917	1.0879181860000244	177.623040
jbmc-regression/classtest1.yml	true	true	1.883465	0.8998336519998702	115.953664	true	1.922943	0.9437321719997271	120.975360
jbmc-regression/const1.yml	true	true	1.853774	0.8795687540005019	117.276672	true	1.947957	0.9382088119991749	116.772864
jbmc-regression/constructor1.yml	true	true	1.85948	0.9060703800005285	122.023936	true	1.929162	0.9253569040001821	114.118656
jbmc-regression/enum1.yml	true	true	1.918786	0.9533310340002572	115.007488	true	1.994015	0.9751361859998724	114.728960
jbmc-regression/exceptions1.yml	false	false	1.968451	0.9592118099999425	115.646464	false	1.963591	0.94701688799978	122.257408
jbmc-regression/exceptions10.yml	false	false	1.913952	0.9154591859996799	114.876416	false	2.012481	0.9718820990001404	123.076608
jbmc-regression/exceptions11.yml	false	false	1.979935	0.9493230119996952	115.417088	false	1.950799	0.9422580079999534	114.368512
jbmc-regression/exceptions12.yml	false	false	1.927323	0.928945281999404	116.498432	false	1.989046	0.9738049630004753	123.445248
jbmc-regression/exceptions13.yml	false	false	1.94353	0.923980754000695	114.249728	false	2.011143	0.9683793690001039	123.207680
jbmc-regression/exceptions14.yml	true	true	1.956157	0.9321952840000449	115.085312	true	2.002725	0.9703748820002147	114.946048
jbmc-regression/exceptions15.yml	true	true	1.927805	0.9271060620003482	121.053184	true	1.990156	0.9673367030000009	117.723136
jbmc-regression/exceptions16.yml	false	false	1.945657	0.9356196349999664	116.670464	false	2.050276	0.980858442000681	124.960768
jbmc-regression/exceptions18.yml	true	true	1.953956	0.9299536850003278	122.216448	true	2.01267	1.0008215309999287	114.421760
jbmc-regression/exceptions2.yml	false	false	1.950176	0.9259243910000805	122.458112	false	2.02224	0.9629610490001141	114.343936
jbmc-regression/exceptions3.yml	false	false	1.938654	0.9379433300000528	122.474496	false	2.006771	0.9528102289996241	115.490816
jbmc-regression/exceptions4.yml	true	true	1.922861	0.9239171949993761	115.527680	true	2.006061	0.9708477879994462	122.421248
jbmc-regression/exceptions5.yml	true	true	1.986904	0.9647839049994218	116.064256	true	2.036448	0.9735786340006598	114.778112
jbmc-regression/exceptions6.yml	false	false	1.941478	0.9425032439994538	114.475008	false	1.986721	0.9673517709998123	114.184192
jbmc-regression/exceptions7.yml	false	false	1.945921	0.9342213570007516	115.179520	false	2.089981	1.0127537369999118	115.027968
jbmc-regression/exceptions8.yml	false	false	1.881917	0.9206767599998784	115.310592	false	2.044048	0.985812992999854	114.716672
jbmc-regression/exceptions9.yml	true	true	1.852696	0.9164160210002592	114.597888	true	2.000015	0.9717371030001232	115.023872
jbmc-regression/fcmpx_dcmpx1.yml	true	true	1.888451	0.9158151969995743	116.609024	true	1.921018	0.9361582060000728	114.290688
jbmc-regression/iarith1.yml	true	true	1.888729	0.8998289720002504	114.704384	true	2.01239	0.9727562950001811	114.524160
jbmc-regression/iarith2.yml	true	true	1.971236	0.9457627139991018	114.462720	true	2.062315	0.9817964100002428	114.683904
jbmc-regression/if_acmp1.yml	true	true	1.956234	0.929862482000317	114.446336	true	2.00795	0.9746822759998395	114.143232
jbmc-regression/if_expr1.yml	true	true	2.052658	0.9873794899995119	169.205760	true	2.060528	1.0422685109997474	177.311744
jbmc-regression/if_icmp1.yml	true	true	2.091794	0.9924770280003941	168.611840	true	2.305555	1.1154218659994513	177.344512
jbmc-regression/ifxx1.yml	true	true	1.868347	0.8910384170003454	114.511872	true	1.989477	0.9663205169999856	113.905664
jbmc-regression/instanceof1.yml	true	true	1.825543	0.8817510320004658	114.229248	true	1.937403	0.9433486960006121	114.524160
jbmc-regression/instanceof2.yml	true	true	1.871008	0.9037863599996854	114.434048	true	1.934602	0.9384391590001542	114.683904
jbmc-regression/instanceof3.yml	true	true	1.904364	0.9179499550000401	114.651136	true	2.019399	1.0000272850002148	116.441088
jbmc-regression/instanceof4.yml	true	true	1.861417	0.9202734390000842	116.699136	true	1.998373	0.9641841470001964	116.682752
jbmc-regression/instanceof5.yml	true	true	1.917752	0.9056191380004748	114.319360	true	1.970178	0.9558974700003091	114.880512
jbmc-regression/instanceof6.yml	true	true	1.896641	0.9138528740004404	117.030912	true	1.975579	0.9415413590004391	114.618368
jbmc-regression/instanceof7.yml	true	true	1.863507	0.9247677499997735	114.622464	true	1.980368	0.9410242290005044	114.253824
jbmc-regression/instanceof8.yml	true	true	1.857315	0.8898735080001643	113.950720	true	2.044317	0.961964168999657	115.539968
jbmc-regression/interface1.yml	false	false	1.910855	0.9130438480005978	114.995200	false	2.020505	0.980454266000379	114.814976
jbmc-regression/java_append_char.yml	false	false	2.137653	1.0479887310002596	170.573824	false	2.215325	1.0895677220005382	177.913856
jbmc-regression/lazyloading4.yml	true	true	1.907635	0.9291364629998498	114.192384	true	1.966336	0.9266289540000798	116.957184
jbmc-regression/list1.yml	true	true	37.227861	16.5346997380002	611.356672	true	42.976017	21.96002493299966	612.270080
jbmc-regression/long1.yml	true	true	1.908074	0.9117203209998479	114.884608	true	1.894051	0.919866182000078	114.712576
jbmc-regression/lookupswitch1.yml	true	true	2.268036	1.060292918000414	175.177728	true	2.148741	1.038932229999773	178.089984
jbmc-regression/multinewarray.yml	true	true	1.927859	0.9267408019995855	114.384896	true	1.975767	0.9460843339993517	114.249728
jbmc-regression/overloading1.yml	true	true	1.959628	0.9530398650003917	114.212864	true	1.868714	0.9117950069994549	114.544640
jbmc-regression/package1.yml	true	true	1.849938	0.886943990999498	114.495488	true	1.875515	0.9248410439995496	117.063680
jbmc-regression/putfield_getfield1.yml	true	true	1.96429	0.9383460999997624	114.032640	true	1.905338	0.9046487639998304	113.131520
jbmc-regression/putstatic_getstatic1.yml	true	true	1.916543	0.9120578480005861	116.490240	true	1.993921	0.9470540709999113	116.649984
jbmc-regression/recursion2.yml	true	true	1.886608	0.9050628380000489	114.671616	true	1.920192	0.9021408439994048	114.745344
jbmc-regression/return1.yml	false	false	1.90669	0.9204907089997505	114.548736	false	1.923758	0.9190883890005352	121.556992
jbmc-regression/return2.yml	false	false	2.002943	0.9734180059995197	169.345024	false	2.041315	1.020500243999777	176.701440
jbmc-regression/store_load1.yml	true	true	1.983302	0.9392404170002919	114.335744	true	1.921594	0.9343807800005379	121.466880
jbmc-regression/swap1.yml	true	true	1.880377	0.8958634700002222	115.671040	true	1.895938	0.9191762459995516	114.003968
jbmc-regression/synchronized.yml	true	true	1.879167	0.9159173899997768	115.159040	true	1.876217	0.9026198809997368	114.274304
jbmc-regression/tableswitch1.yml	true	true	2.184372	1.0300248769999598	173.932544	true	2.307013	1.0864443089994893	183.128064
jbmc-regression/uninitialised1.yml	true	true	1.875889	0.8910037610003201	114.569216	true	1.896364	0.9213444520000849	116.322304
jbmc-regression/virtual1.yml	true	true	1.926546	0.9135942160000923	114.634752	true	1.89014	0.9207412499999919	114.573312
jbmc-regression/virtual2.yml	false	false	1.895106	0.9135690289995182	115.224576	false	1.880133	0.9015801409996129	114.806784
jbmc-regression/virtual4.yml	true	true	1.969074	0.9348402350005927	114.425856	true	1.927156	0.9382054830002744	122.298368
jbmc-regression/virtual_function_unwinding.yml	true	true	1.867966	0.8990213600000061	117.096448	true	1.961085	0.935071287000028	114.446336
jpf-regression/ExDarko_false.yml	false	false	2.235185	1.0517807670003094	176.050176	false	2.225754	1.059298941000634	178.044928
jpf-regression/ExDarko_true.yml	true	true	2.147309	1.0476325400004498	172.752896	true	2.172121	1.0431701369998336	177.455104
jpf-regression/ExException_false.yml	false	false	2.092518	1.0152717090004444	170.094592	false	2.217992	1.0632639000004929	177.344512
jpf-regression/ExException_true.yml	true	true	1.969471	0.9706007600007069	169.603072	true	2.125354	1.0411013180000737	176.590848
jpf-regression/ExGenSymExe_false.yml	false	false	1.904522	0.9059939460003079	115.642368	false	1.870793	0.9107109540000238	115.064832
jpf-regression/ExGenSymExe_true.yml	true	true	1.917419	0.9205365750003693	115.331072	true	1.894202	0.917191155999717	115.290112
jpf-regression/ExLazy_false.yml	false	false	2.077228	0.988675775000047	168.505344	false	2.18636	1.0609771600002205	176.816128
jpf-regression/ExLazy_true.yml	true	true	2.011166	0.9911085559997446	169.074688	true	2.126121	1.0461427959999128	177.635328
jpf-regression/ExMIT_false.yml	false	false	2.07296	0.9912322290001612	168.034304	false	2.0939	1.0342488310006956	177.786880
jpf-regression/ExMIT_true.yml	true	true	2.059736	1.0036402719997568	168.652800	true	2.168896	1.0343793479996748	180.428800
jpf-regression/ExSymExe10_false.yml	false	false	2.173905	1.0370226499999262	175.263744	false	2.226493	1.0967552070005695	178.176000
jpf-regression/ExSymExe10_true.yml	true	true	2.101329	1.011434447999818	167.796736	true	2.11138	1.0250122689994896	176.046080
jpf-regression/ExSymExe11_false.yml	false	false	1.92818	0.9212359249995643	116.178944	false	2.060488	0.9948049720005656	117.284864
jpf-regression/ExSymExe11_true.yml	true	true	2.122056	0.998537574000693	169.635840	true	2.217947	1.0735584559997733	177.184768
jpf-regression/ExSymExe12_false.yml	false	false	2.100195	1.006409376999727	168.542208	false	2.185069	1.065131637000377	178.077696
jpf-regression/ExSymExe12_true.yml	true	true	2.142151	1.0351304389996585	175.054848	true	2.159846	1.0695125330003066	177.070080
jpf-regression/ExSymExe13_false.yml	false	false	2.147633	1.0397716870002114	172.916736	false	2.134419	1.0335739129996	178.614272
jpf-regression/ExSymExe13_true.yml	true	true	2.177851	1.0291588119998778	169.422848	true	2.097144	1.011020531000213	175.792128
jpf-regression/ExSymExe14_false.yml	false	false	2.132555	1.0134230710000338	170.418176	false	2.22955	1.0797284609998314	182.038528
jpf-regression/ExSymExe14_true.yml	true	true	2.189237	1.0292881959994702	169.291776	true	2.191943	1.0664244959998541	176.631808
jpf-regression/ExSymExe15_false.yml	false	false	2.15984	1.0111330299996553	169.431040	false	2.231727	1.0793453050000608	180.129792
jpf-regression/ExSymExe15_true.yml	true	true	2.10866	0.9996194349996586	167.596032	true	2.20159	1.066358480999952	180.932608
jpf-regression/ExSymExe16_false.yml	false	false	1.922766	0.9347037469997304	114.528256	false	1.910367	0.9273276829999304	115.167232
jpf-regression/ExSymExe16_true.yml	true	true	1.938687	0.9364993350000077	114.667520	true	2.055376	0.9612102499995672	114.442240
jpf-regression/ExSymExe17_false.yml	false	false	1.883449	0.9047705670000141	114.323456	false	1.934822	0.960724159000165	114.823168
jpf-regression/ExSymExe17_true.yml	true	true	1.927143	0.9160357729997486	116.178944	true	2.004693	0.9514865050005028	117.223424
jpf-regression/ExSymExe18_false.yml	false	false	2.088381	0.9811559869995108	166.772736	false	2.216266	1.0866192399998909	175.898624
jpf-regression/ExSymExe18_true.yml	true	true	1.901914	0.8995734910004103	114.434048	true	2.051281	0.9985236649999933	114.577408
jpf-regression/ExSymExe19_false.yml	false	false	2.086097	1.0063819749993854	170.041344	false	2.199658	1.0663276320001387	177.946624
jpf-regression/ExSymExe19_true.yml	true	true	2.068968	0.9882868120002968	169.316352	true	2.086638	1.0182568549998905	176.254976
jpf-regression/ExSymExe1_false.yml	false	false	2.144612	1.00918003499919	169.975808	false	2.140778	1.0398136100002375	178.814976
jpf-regression/ExSymExe1_true.yml	true	true	2.005	0.955891765999695	114.782208	true	1.96119	0.9619194829992921	114.458624
jpf-regression/ExSymExe20_false.yml	false	false	2.143762	1.0204801460004091	171.012096	false	2.122253	1.045145536999371	181.141504
jpf-regression/ExSymExe20_true.yml	true	true	1.8817	0.9027286040000035	113.618944	true	1.941435	0.9376676439997027	114.733056
jpf-regression/ExSymExe21_false.yml	false	false	2.143609	1.0457445669999288	172.199936	false	2.229752	1.0870085169999584	181.444608
jpf-regression/ExSymExe21_true.yml	true	true	1.910147	0.9200474329991266	114.229248	true	1.987018	0.9413489259995913	114.774016
jpf-regression/ExSymExe25_false.yml	false	false	2.11983	1.0236158529996828	169.254912	false	2.162065	1.058872263000012	177.393664
jpf-regression/ExSymExe25_true.yml	true	true	1.959697	0.9272845089999464	117.211136	true	1.865477	0.9321931570002562	114.790400
jpf-regression/ExSymExe26_false.yml	false	false	2.153036	1.0448407019994193	174.837760	false	2.213316	1.0632268099998328	177.758208
jpf-regression/ExSymExe26_true.yml	true	true	1.934973	0.9138303119998454	114.745344	true	1.935984	0.9407277600002999	114.663424
jpf-regression/ExSymExe27_false.yml	false	false	2.145543	1.0263374790001762	174.518272	false	2.284343	1.095552819000659	181.358592
jpf-regression/ExSymExe27_true.yml	true	true	1.971505	0.9446969030004766	118.394880	true	2.020273	0.9594404580002447	114.401280
jpf-regression/ExSymExe28_false.yml	false	false	2.114831	0.9941781580000679	173.924352	false	2.247689	1.1014387959994565	177.491968
jpf-regression/ExSymExe28_true.yml	true	true	1.908386	0.8997233440004493	114.724864	true	2.052276	0.9671440270003586	115.011584
jpf-regression/ExSymExe29_false.yml	false	false	2.01955	0.9984918469999684	170.598400	false	2.238396	1.085989518000133	177.676288
jpf-regression/ExSymExe29_true.yml	true	true	1.899014	0.9071161430001666	114.941952	true	1.929952	0.9403960219997316	114.909184
jpf-regression/ExSymExe2_false.yml	false	false	2.187921	1.0378688569999213	173.322240	false	2.249151	1.0611564190003264	181.948416
jpf-regression/ExSymExe2_true.yml	true	true	1.871788	0.8974566260003485	114.266112	true	1.982696	0.93458836300033	114.606080
jpf-regression/ExSymExe3_false.yml	false	false	2.088998	1.0012425670001903	170.524672	false	2.164815	1.0716774940001415	177.819648
jpf-regression/ExSymExe3_true.yml	true	true	1.92501	0.9180358860003253	115.073024	true	2.030116	0.9708541939999122	117.407744
jpf-regression/ExSymExe4_false.yml	false	false	2.19688	1.0602821279999262	172.638208	false	2.185376	1.070512878000045	177.201152
jpf-regression/ExSymExe4_true.yml	true	true	1.894908	0.9215525420004269	114.651136	true	2.043502	0.9553393709993543	115.142656
jpf-regression/ExSymExe5_false.yml	false	false	2.135728	1.0238226129995383	170.688512	false	2.099469	1.033597517999624	177.905664
jpf-regression/ExSymExe5_true.yml	true	true	1.982298	0.9299342880003678	117.424128	true	1.958309	0.9661411380002392	116.715520
jpf-regression/ExSymExe6_false.yml	false	false	2.106095	0.9989145949994054	168.321024	false	2.152406	1.0269426149998253	176.951296
jpf-regression/ExSymExe6_true.yml	true	true	1.925556	0.9179903309996007	114.352128	true	1.891811	0.9189709370002674	114.802688
jpf-regression/ExSymExe7_false.yml	false	false	2.17364	1.046255841999482	172.732416	false	2.192459	1.0390148870001212	180.400128
jpf-regression/ExSymExe7_true.yml	true	true	2.047656	1.0056110599998647	173.817856	true	2.115802	1.041902195000148	177.500160
jpf-regression/ExSymExe8_false.yml	false	false	2.173605	1.0495414819997677	172.388352	false	2.161945	1.0342875240003195	181.325824
jpf-regression/ExSymExe8_true.yml	true	true	1.932942	0.9234208580000995	115.060736	true	1.865811	0.9166725739996764	118.050816
jpf-regression/ExSymExe9_false.yml	false	false	1.890958	0.9172736189993884	114.532352	false	1.962984	0.936956277999343	114.733056
jpf-regression/ExSymExe9_true.yml	true	true	1.919264	0.9190973900003883	115.253248	true	1.889766	0.915104865000103	113.991680
jpf-regression/ExSymExeArrays_false.yml	false	false	1.927317	0.9322702549998212	115.015680	false	1.968798	0.9330215559994031	114.982912
jpf-regression/ExSymExeArrays_true.yml	true	true	1.916435	0.932219119000365	115.138560	true	1.99755	0.950469238999176	117.764096
jpf-regression/ExSymExeBool_false.yml	false	false	1.903059	0.9072399859996949	114.790400	false	2.043272	0.9637916580004458	122.630144
jpf-regression/ExSymExeBool_true.yml	true	true	1.923817	0.9248485809994236	114.118656	true	1.903086	0.9086352829999669	116.379648
jpf-regression/ExSymExeComplexMath_false.yml	false	false	2.050129	0.9559406589996797	115.298304	false	2.054382	0.9685725130002538	115.314688
jpf-regression/ExSymExeComplexMath_true.yml	true	true	2.027206	0.9689284649994079	114.900992	true	2.148276	1.004123509999772	115.388416
jpf-regression/ExSymExeD2I_false.yml	false	false	1.983287	0.9403068089995941	122.138624	false	1.923455	0.9177129640002022	115.089408
jpf-regression/ExSymExeD2I_true.yml	true	true	2.085372	1.0010841690000234	166.973440	true	2.132384	1.0153862090000985	178.577408
jpf-regression/ExSymExeD2L_false.yml	false	unknown	2.171768	1.029761900000267	167.616512	unknown	2.132064	1.0404832280000846	177.217536
jpf-regression/ExSymExeD2L_true.yml	true	true	2.153983	1.036245854000299	171.327488	true	2.083076	1.0115730679999615	176.914432
jpf-regression/ExSymExeF2I_false.yml	false	false	1.907716	0.9272084149997681	115.064832	false	1.977898	0.9563073049994273	122.130432
jpf-regression/ExSymExeF2I_true.yml	true	true	2.103864	1.0113531650004006	167.260160	true	2.137295	1.0283233599993764	180.203520
jpf-regression/ExSymExeF2L_false.yml	false	true	2.056224	0.9893218650004201	167.714816	true	2.085868	1.0016912029996092	174.845952
jpf-regression/ExSymExeF2L_true.yml	true	true	2.067232	0.9966055580007378	166.350848	true	2.139651	1.0466682810001657	175.984640
jpf-regression/ExSymExeFNEG_false.yml	false	true	2.043794	0.9829527870006132	167.354368	true	2.100472	1.0223634129997663	173.277184
jpf-regression/ExSymExeFNEG_true.yml	true	true	2.077999	0.9807298830000946	166.473728	true	2.15759	1.0410510429992428	172.830720
jpf-regression/ExSymExeGetStatic_false.yml	false	false	1.884182	0.9148580709997987	115.359744	false	1.943775	0.9447187980003946	114.872320
jpf-regression/ExSymExeGetStatic_true.yml	true	true	1.976546	0.943055796000408	121.180160	true	1.932102	0.9230344530005823	117.723136
jpf-regression/ExSymExeI2D_false.yml	false	unknown	2.074497	1.0035598299991761	169.095168	unknown	2.145454	1.0463627429999178	177.111040
jpf-regression/ExSymExeI2D_true.yml	true	unknown	2.073224	1.0038183070000741	168.218624	unknown	2.091881	1.0297182809999867	177.864704
jpf-regression/ExSymExeI2F_false.yml	false	false	1.987822	0.9515884359998381	115.159040	false	1.995731	0.9412817860002178	115.462144
jpf-regression/ExSymExeI2F_true.yml	true	true	2.142396	1.0419927980001376	171.057152	true	2.171196	1.0454138140003124	177.963008
jpf-regression/ExSymExeLCMP_false.yml	false	false	2.16433	1.028034160000061	169.701376	false	2.2008	1.0524539380003262	179.785728
jpf-regression/ExSymExeLCMP_true.yml	true	true	2.061075	0.9771378249997724	167.792640	true	2.217716	1.0401378160004242	176.328704
jpf-regression/ExSymExeLongBytecodes_false.yml	false	false	2.145753	1.0261767060001148	168.763392	false	2.160289	1.0178186570001344	176.160768
jpf-regression/ExSymExeLongBytecodes_true.yml	true	true	2.22324	1.0563793230003284	171.765760	true	2.269824	1.06367446799959	178.434048
jpf-regression/ExSymExeResearch_false.yml	false	false	2.174925	1.022983629999544	170.266624	false	2.179207	1.03376181800013	177.905664
jpf-regression/ExSymExeResearch_true.yml	true	true	2.175221	1.0525392580002517	171.806720	true	2.250734	1.0714942859995062	177.586176
jpf-regression/ExSymExeSimple_false.yml	false	false	2.181944	1.0358255319997625	170.164224	false	2.200073	1.0657525869992241	177.639424
jpf-regression/ExSymExeSimple_true.yml	true	true	2.116818	1.028815764000683	171.442176	true	2.164266	1.0389710899999045	180.744192
jpf-regression/ExSymExeSuzette_false.yml	false	false	2.140658	1.0329821060004178	172.023808	false	2.055347	1.0111958719999166	178.491392
jpf-regression/ExSymExeSuzette_true.yml	true	true	2.144931	1.011617514000136	173.355008	true	2.206115	1.0584318129995154	176.304128
jpf-regression/ExSymExeSwitch_false.yml	false	false	2.166609	1.0422056900006282	171.266048	false	2.093931	1.0343167480004922	181.297152
jpf-regression/ExSymExeSwitch_true.yml	true	true	2.118669	1.0031901820002531	169.558016	true	2.125448	1.0244900140005484	176.697344
jpf-regression/ExSymExeTestAssignments_false.yml	false	false	2.104006	1.0100955520001662	171.888640	false	2.136558	1.0280599850002545	177.360896
jpf-regression/ExSymExeTestAssignments_true.yml	true	true	2.115832	1.0158985009993557	168.714240	true	2.146906	1.0203764449997834	176.230400
jpf-regression/ExSymExeTestClassFields_false.yml	false	false	2.006572	0.9904028749997451	172.572672	false	2.118793	1.0388227189996542	177.049600
jpf-regression/ExSymExeTestClassFields_true.yml	true	true	2.029323	0.9798594710000543	172.175360	true	2.086803	0.9935827039998912	174.768128
jpf-regression/ExSymExe_false.yml	false	false	2.081954	0.9742193990005035	115.625984	false	2.04056	0.9747005350000109	114.409472
jpf-regression/ExSymExe_true.yml	true	true	2.073519	0.9577412460002961	115.417088	true	2.074287	0.9701238899997406	114.487296
jpf-regression/TestLazy_false.yml	false	false	2.109365	1.0237340160001622	174.133248	false	2.145355	1.0267191699995237	181.604352
jpf-regression/TestLazy_true.yml	true	true	2.066703	0.9901880190000156	167.903232	true	2.070589	1.0185364750004737	177.147904
java-ranger-regression/LoopCharAt.yml	false	true	2.918369	1.3024851539994415	215.277568	true	3.078783	1.4228598510007942	222.670848
java-ranger-regression/TCAS_prop1.yml	false	false	2.960005	1.3124653149998267	206.118912	false	3.171032	1.49673003099997	207.388672
java-ranger-regression/TCAS_prop2.yml	true	true	5.357398	2.3362133680002444	250.335232	true	5.973076	3.0884236519996193	248.602624
java-ranger-regression/TCAS_prop3.yml	true	true	5.354652	2.3020073050001884	248.102912	true	6.145774	3.094608166999933	250.507264
java-ranger-regression/apachecli_eqchk.yml	true	true	30.973823	12.87047990100018	563.765248	true	36.755786	20.271182419999604	573.140992
java-ranger-regression/schedule_eqchk.yml	true	true	7.087519	2.5983822569996846	314.552320	true	7.631107	3.61777030400026	314.036224
java-ranger-regression/WBS/WBS_prop1.yml	false	false	2.352946	1.0876417009994839	173.875200	false	2.276765	1.0830664810000599	179.695616
java-ranger-regression/WBS/WBS_prop2.yml	true	true	5.302299	2.2172535050003717	236.490752	true	6.465251	3.229057090000424	243.974144
java-ranger-regression/WBS/WBS_prop3.yml	false	false	2.282347	1.0786415800002942	173.395968	false	2.34993	1.154448816000695	179.077120
java-ranger-regression/WBS/WBS_prop4.yml	false	false	5.174507	2.2776443960001416	234.250240	false	6.259923	3.017914779000421	244.244480
java-ranger-regression/alarm/Alarm_prop1.yml	true	true	3.086905	1.2654646310002136	181.927936	true	3.128332	1.3113573929995255	189.853696
java-ranger-regression/alarm/Alarm_prop10.yml	true	true	3.126993	1.2976318270002594	183.484416	true	3.136628	1.302177071999722	189.341696
java-ranger-regression/alarm/Alarm_prop2.yml	true	true	3.143812	1.3006264770001508	183.099392	true	3.14268	1.3175216709996675	188.174336
java-ranger-regression/alarm/Alarm_prop3.yml	true	true	3.108043	1.2979143490001661	183.312384	true	3.144456	1.3234456039999714	188.784640
java-ranger-regression/alarm/Alarm_prop4.yml	true	true	3.127564	1.29240028500044	183.103488	true	3.187736	1.3400341249998746	185.565184
java-ranger-regression/alarm/Alarm_prop5.yml	true	true	3.105479	1.2902178670001376	180.678656	true	3.041449	1.2886303130007946	187.445248
java-ranger-regression/alarm/Alarm_prop6.yml	true	true	3.108407	1.2989398439995057	182.411264	true	3.107688	1.3076068200007285	188.858368
java-ranger-regression/alarm/Alarm_prop8.yml	true	true	3.057313	1.2551008259997616	183.599104	true	3.115832	1.3107377409996843	189.366272
java-ranger-regression/alarm/Alarm_prop9.yml	true	true	3.055378	1.2710402920001798	182.423552	true	3.192018	1.3376895409992358	187.289600
java-ranger-regression/infusion/Infusion_prop1.yml	true	true	2.717016	1.1826298420000967	180.387840	true	2.893692	1.2791925539995646	186.052608
java-ranger-regression/infusion/Infusion_prop10.yml	true	true	2.758845	1.2008494900001097	180.903936	true	2.825913	1.2461681199993109	187.113472
java-ranger-regression/infusion/Infusion_prop11.yml	true	true	2.754718	1.1892042179997588	181.444608	true	2.868618	1.257287178000297	186.576896
java-ranger-regression/infusion/Infusion_prop12.yml	true	true	2.757675	1.1900355560001117	180.604928	true	2.869227	1.2771153359999516	185.823232
java-ranger-regression/infusion/Infusion_prop13.yml	true	true	2.697479	1.182138225000017	181.350400	true	2.866059	1.2473296970001684	186.818560
java-ranger-regression/infusion/Infusion_prop2.yml	true	true	2.702346	1.1806770980001602	182.304768	true	2.829203	1.2221908359997542	187.002880
java-ranger-regression/infusion/Infusion_prop3.yml	true	true	2.765948	1.182059787000071	179.392512	true	2.925444	1.2833436149994668	187.408384
java-ranger-regression/infusion/Infusion_prop4.yml	true	true	2.735001	1.1869349150001653	179.015680	true	2.773398	1.2236284850005177	186.822656
java-ranger-regression/infusion/Infusion_prop5.yml	true	true	2.697966	1.2022399240004233	179.019776	true	2.781328	1.2221378559997902	186.138624
java-ranger-regression/infusion/Infusion_prop6.yml	true	true	2.718143	1.1762302870001804	180.297728	true	2.896334	1.2301617900002384	188.076032
java-ranger-regression/infusion/Infusion_prop7.yml	true	true	2.872269	1.1956059569993158	179.335168	true	2.805706	1.2363993170001777	184.750080
java-ranger-regression/infusion/Infusion_prop8.yml	true	true	2.758096	1.1917442999993	180.379648	true	2.833092	1.2465680760005853	187.891712
java-ranger-regression/infusion/Infusion_prop9.yml	true	true	2.718702	1.1804963469994618	179.404800	true	2.885376	1.2629187180000372	186.814464
java-ranger-regression/siena_eqchk/siena_prop1.yml	true	unknown	7.065287	2.5321214719997442	305.963008	unknown	8.844416	3.2058240329997716	304.087040
java-ranger-regression/siena_eqchk/siena_prop2.yml	false	false	6.207263	2.2218802259994845	277.118976	false	7.069563	2.6210093709996727	285.200384
java-ranger-regression/replace5_eqchk/replace5_prop1.yml	true	true	9.655477	3.94079640200016	454.791168	true	13.145226	6.70875245499974	464.453632
java-ranger-regression/replace5_eqchk/replace5_prop2.yml	false	false	2.804355	1.2354633920003835	176.713728	false	2.761309	1.2326851920006447	180.686848
java-ranger-regression/nanoxml_eqchk/nanoxml_prop1.yml	true	unknown	3.281087	1.3557441170005404	177.815552	unknown	3.338459	1.3917602870005794	178.831360
java-ranger-regression/nanoxml_eqchk/nanoxml_prop2.yml	false	unknown	3.177855	1.3311556009994092	177.881088	unknown	3.446411	1.4401981900000465	182.681600
java-ranger-regression/nanoxml_eqchk/nanoxml_prop3.yml	false	unknown	3.30825	1.3594853960003093	177.692672	unknown	3.545926	1.4308185320005578	178.683904
java-ranger-regression/printtokens_eqchk/printtokens_prop1.yml	true	unknown	2.377155	1.1256498279999505	176.672768	unknown	2.65223	1.1939128780004467	184.397824
java-ranger-regression/printtokens_eqchk/printtokens_prop2.yml	false	false	2.512069	1.1193550710004274	175.423488	false	2.61763	1.1931015529999058	183.037952
MinePump/spec1-5_product1.yml	false	false	2.42771	1.097896951999246	173.490176	false	2.518719	1.1446474690001196	184.942592
MinePump/spec1-5_product10.yml	false	false	2.420623	1.119053632000032	174.387200	false	2.52485	1.141374254000766	183.296000
MinePump/spec1-5_product11.yml	false	false	3.575993	1.4925764220006386	217.710592	false	3.953382	1.7289171759994133	223.424512
MinePump/spec1-5_product12.yml	false	false	2.594047	1.1470499070001097	182.513664	false	2.801285	1.228287287999592	191.832064
MinePump/spec1-5_product13.yml	false	false	2.341808	1.0961594340005831	176.762880	false	2.614894	1.1702452159997847	184.975360
MinePump/spec1-5_product14.yml	false	false	2.396267	1.0798172780005189	173.236224	false	2.523315	1.159687844000473	188.358656
MinePump/spec1-5_product15.yml	false	false	3.67454	1.5204775880001762	227.041280	false	3.969716	1.7656393260003824	233.840640
MinePump/spec1-5_product16.yml	false	false	2.560941	1.139314893000119	181.153792	false	2.994799	1.3423384809993877	194.863104
MinePump/spec1-5_product17.yml	false	false	2.455423	1.120540878000611	173.826048	false	2.642437	1.2346273099992686	180.023296
MinePump/spec1-5_product18.yml	false	false	2.486511	1.1164758580007401	174.055424	false	2.602392	1.1890582299993184	188.223488
MinePump/spec1-5_product19.yml	false	false	3.602912	1.5079048850002437	220.000256	false	4.062602	1.7441342229994916	233.930752
MinePump/spec1-5_product2.yml	false	false	2.436913	1.1042297309995774	173.645824	false	2.672673	1.2404831970006853	180.146176
MinePump/spec1-5_product20.yml	false	false	2.696548	1.1726367960000061	185.372672	false	2.862032	1.274878709999939	196.440064
MinePump/spec1-5_product21.yml	false	false	2.470038	1.1205028269996546	174.010368	false	2.663633	1.244360174000576	184.680448
MinePump/spec1-5_product22.yml	false	false	2.449701	1.1169648909999523	173.162496	false	2.634006	1.2288123700000142	185.450496
MinePump/spec1-5_product23.yml	false	false	3.593274	1.4802129139998215	218.947584	false	4.001206	1.807066847999522	231.727104
MinePump/spec1-5_product24.yml	false	false	2.624194	1.1590561819994036	180.228096	false	2.825873	1.2407873519996429	191.913984
MinePump/spec1-5_product25.yml	false	false	2.461135	1.1163104460001705	177.082368	false	2.574833	1.220250949999354	186.720256
MinePump/spec1-5_product26.yml	false	false	2.468282	1.1360655309999856	175.517696	false	2.749781	1.2447961180005223	184.827904
MinePump/spec1-5_product27.yml	false	false	3.563159	1.4960028470004545	215.785472	false	4.078329	1.788090435000413	233.005056
MinePump/spec1-5_product28.yml	false	false	2.670335	1.169280233999416	180.445184	false	2.703627	1.2274877569998353	183.185408
MinePump/spec1-5_product29.yml	false	false	2.418043	1.1005858259995875	173.608960	false	2.551141	1.1719915960002254	188.076032
MinePump/spec1-5_product3.yml	false	false	3.647341	1.4983139380001376	227.434496	false	3.996555	1.7401752120003948	235.687936
MinePump/spec1-5_product30.yml	false	false	2.435731	1.1144290060001367	174.469120	false	2.598534	1.1819912640003167	185.413632
MinePump/spec1-5_product31.yml	false	false	3.572984	1.5009283310000683	218.984448	false	4.085472	1.7480636400005096	236.163072
MinePump/spec1-5_product32.yml	false	false	2.590811	1.148107582999728	182.321152	false	2.839686	1.237574499999937	191.361024
MinePump/spec1-5_product33.yml	false	false	2.370193	1.1148117180000554	173.195264	false	2.556142	1.1819600250000803	179.396608
MinePump/spec1-5_product34.yml	false	false	2.412754	1.1096456710001803	173.719552	false	2.434358	1.1264487160005956	178.679808
MinePump/spec1-5_product35.yml	false	false	3.554636	1.474570336999932	222.674944	false	3.890283	1.7030422449997786	231.555072
MinePump/spec1-5_product36.yml	false	false	2.537631	1.1240361739992295	181.301248	false	2.771724	1.2367133629995806	190.902272
MinePump/spec1-5_product37.yml	false	false	2.351262	1.0991669579998415	172.810240	false	2.540875	1.1629773710001245	181.891072
MinePump/spec1-5_product38.yml	false	false	2.4502	1.1181604169996717	173.465600	false	2.479799	1.166434153999944	180.006912
MinePump/spec1-5_product39.yml	false	false	3.547051	1.4818001679996087	216.248320	false	3.870498	1.6975006519996896	236.642304
MinePump/spec1-5_product4.yml	false	false	2.565201	1.1427850300005957	178.253824	false	2.820913	1.2381040810005288	193.081344
MinePump/spec1-5_product40.yml	false	false	2.565898	1.1342449660005514	185.626624	false	2.76394	1.2359088420007538	194.347008
MinePump/spec1-5_product41.yml	false	false	2.518527	1.1218344190001517	178.319360	false	2.664579	1.2075487550000616	193.867776
MinePump/spec1-5_product42.yml	false	false	2.527586	1.1448890309993658	174.456832	false	2.664543	1.2018421100001433	188.739584
MinePump/spec1-5_product43.yml	false	false	3.528115	1.4782889629996134	218.636288	false	3.99113	1.7360550650000732	232.116224
MinePump/spec1-5_product44.yml	false	false	2.683713	1.1514908170001945	188.940288	false	2.840089	1.2555670829997325	192.081920
MinePump/spec1-5_product45.yml	false	false	2.514594	1.1264725510000062	175.697920	false	2.688941	1.2018730890004008	185.126912
MinePump/spec1-5_product46.yml	false	false	2.566136	1.1355637750002643	177.098752	false	2.802816	1.230669038999622	190.238720
MinePump/spec1-5_product47.yml	false	false	3.657301	1.5094230790000438	223.805440	false	3.967287	1.7455407020006533	232.402944
MinePump/spec1-5_product48.yml	false	false	2.588154	1.1510669070003132	184.127488	false	2.775803	1.2290470239995557	184.688640
MinePump/spec1-5_product49.yml	false	false	2.366693	1.1048122199999852	173.326336	false	2.508118	1.1635337220004658	179.687424
MinePump/spec1-5_product5.yml	false	false	2.463739	1.1129661850000048	173.342720	false	2.521564	1.1604222020005182	185.929728
MinePump/spec1-5_product50.yml	false	false	2.377913	1.106559737999305	172.449792	false	2.567836	1.192106479999893	181.428224
MinePump/spec1-5_product51.yml	false	false	3.536184	1.4943874190003044	226.918400	false	3.871256	1.6898901089998617	231.694336
MinePump/spec1-5_product52.yml	false	false	2.547135	1.131814889999987	185.143296	false	2.787092	1.2405025440002646	186.806272
MinePump/spec1-5_product53.yml	false	false	2.419147	1.0992924250003853	172.838912	false	2.515517	1.146572487999947	182.427648
MinePump/spec1-5_product54.yml	false	false	2.424502	1.097955813000226	172.920832	false	2.446055	1.1403975570001421	180.637696
MinePump/spec1-5_product55.yml	false	false	3.572383	1.484998844999609	223.051776	false	3.982823	1.7281544440002108	235.147264
MinePump/spec1-5_product56.yml	false	false	2.667279	1.1640700119996836	189.390848	false	2.812219	1.2606176889994458	185.520128
MinePump/spec1-5_product57.yml	true	true	9.88785	4.011781381999754	448.811008	true	11.148951	6.311010874000203	454.696960
MinePump/spec1-5_product58.yml	true	true	9.982121	4.213032968000334	451.510272	true	9.769048	5.49028901300062	454.295552
MinePump/spec1-5_product59.yml	true	true	9.428966	3.609590408999793	334.114816	true	13.558148	5.461652875000254	360.357888
MinePump/spec1-5_product6.yml	false	false	2.449788	1.114721328000087	173.490176	false	2.621809	1.1960703519998788	184.311808
MinePump/spec1-5_product60.yml	true	true	9.749446	4.389952161999645	425.029632	true	10.499811	5.3346682500005045	334.909440
MinePump/spec1-5_product61.yml	true	true	8.050006	3.8725703689997317	437.915648	true	10.228408	6.06059021100009	453.394432
MinePump/spec1-5_product62.yml	true	true	7.966415	3.9021011790000557	442.908672	true	10.292578	5.970773899000051	455.225344
MinePump/spec1-5_product63.yml	true	true	8.914753	3.4349798700004612	353.607680	true	11.456134	5.385434341999826	369.500160
MinePump/spec1-5_product64.yml	true	true	8.877569	4.352920467999866	425.717760	true	10.7848	5.372042922000219	334.610432
MinePump/spec1-5_product7.yml	false	false	3.617843	1.494702523000342	227.127296	false	4.05911	1.7857248039999831	235.155456
MinePump/spec1-5_product8.yml	false	false	2.556042	1.1275649019999037	182.951936	false	2.8137	1.2675030390000757	190.402560
MinePump/spec1-5_product9.yml	false	false	2.409941	1.1125705089998519	173.252608	false	2.555167	1.1957739580002453	184.320000
algorithms/BellmanFord-FunSat01.yml	true	true	2.451325	1.0962819149999632	183.341056	true	2.612068	1.2004925239998556	189.370368
algorithms/BellmanFord-FunSat02.yml	false	unknown	2.12553	1.007247758999256	167.645184	unknown	2.254498	1.095259421999799	175.501312
algorithms/BellmanFord-FunUnsat01.yml	false	false	2.416398	1.1024711430000025	182.976512	false	2.593112	1.1910021120002057	188.370944
algorithms/BellmanFord-FunUnsat02.yml	false	unknown	2.099739	1.0164710019998893	167.575552	unknown	2.239019	1.059711540000535	178.741248
algorithms/BellmanFord-MemSat01.yml	true	true	2.404751	1.0993203669995637	181.141504	true	2.567072	1.1935427549997257	188.653568
algorithms/BellmanFord-MemSat02.yml	true	unknown	2.009385	0.9815638760001093	167.469056	unknown	2.259918	1.0906767610003953	179.961856
algorithms/BellmanFord-MemUnsat01.yml	false	false	2.484256	1.1317554490005932	184.299520	false	2.592957	1.1965817720001724	186.929152
algorithms/BellmanFord-MemUnsat02.yml	false	unknown	2.141372	1.033289355999841	168.017920	unknown	2.157708	1.062622497999655	174.829568
algorithms/BinaryTreeSearch-FunSat01.yml	true	true	4.278054	1.7166183309991538	230.449152	true	5.453654	2.211344416000429	234.684416
algorithms/BinaryTreeSearch-FunUnsat01.yml	false	false	2.233594	1.0457247900003495	174.870528	false	2.426802	1.1288067539999247	184.066048
algorithms/BinaryTreeSearch-MemSat01.yml	true	true	4.107861	1.6338027679994411	220.696576	true	5.118622	2.07400518599934	239.038464
algorithms/BinaryTreeSearch-MemUnsat01.yml	false	false	2.139196	1.013720332000048	171.569152	false	2.314771	1.108384737999586	179.130368
algorithms/BinaryTreeSearch-MemUnsat02.yml	false	false	2.098908	0.9930189509996126	170.094592	false	2.283471	1.1137389860004987	177.537024
algorithms/InsertionSort-FunSat01.yml	true	true	2.448013	1.1082895310000822	183.861248	true	2.499493	1.1851282600000559	189.034496
algorithms/InsertionSort-FunSat02.yml	true	true	2.475543	1.1233012969996707	184.643584	true	2.580653	1.2148157350002293	188.956672
algorithms/InsertionSort-FunUnsat01.yml	false	true	2.385916	1.0936170960003437	183.758848	true	2.603512	1.2546781359997112	188.870656
algorithms/InsertionSort-MemSat01.yml	true	true	2.392578	1.0984217730001546	182.329344	true	2.510277	1.1886753400003727	187.670528
algorithms/InsertionSort-MemUnsat01.yml	false	false	2.338017	1.0805546890005644	179.343360	false	2.476297	1.1511208469992198	188.125184
algorithms/MergeSortIterative-FunSat01.yml	true	true	2.525815	1.1368208659996526	183.185408	true	2.501863	1.1792460730002858	188.080128
algorithms/MergeSortIterative-FunSat02.yml	true	true	2.516457	1.1224108569995224	183.103488	true	2.421817	1.1894240530000388	176.721920
algorithms/MergeSortIterative-FunUnsat01.yml	false	unknown	2.491788	1.1362433260001126	181.895168	unknown	2.65517	1.2311588639995534	192.004096
algorithms/MergeSortIterative-MemSat01.yml	false	true	2.467909	1.1234151010003188	182.710272	true	2.566007	1.2177268529994763	187.895808
algorithms/MergeSortIterative-MemUnsat01.yml	false	true	2.495796	1.1476728130000993	182.050816	true	2.647824	1.2743074749996595	187.752448
algorithms/RedBlackTree-FunSat01.yml	true	true	2.868168	1.2477876859993557	195.158016	true	3.059648	1.372264014999928	199.393280
algorithms/RedBlackTree-FunUnsat01.yml	false	false	2.719362	1.171607584999947	184.311808	false	2.832599	1.23632587100019	190.074880
algorithms/RedBlackTree-MemSat01.yml	true	true	4.891565	1.8966660770001909	235.892736	true	5.763013	2.264389401000699	240.549888
algorithms/RedBlackTree-MemUnsat01.yml	false	false	2.968653	1.2898075129996869	194.224128	false	3.173819	1.419395373000043	198.430720
algorithms/SortedListInsert-FunSat01.yml	true	true	4.047346	1.6288876739999978	232.280064	true	4.981072	2.034896708000815	235.790336
algorithms/SortedListInsert-FunSat02.yml	true	true	4.612285	1.8310951729999942	235.569152	true	6.111673	2.404917519999799	239.341568
algorithms/SortedListInsert-FunUnsat01.yml	false	false	2.235352	1.0584771320000073	169.160704	false	2.602548	1.1986499290005668	183.414784
algorithms/SortedListInsert-MemSat01.yml	true	true	3.324656	1.400005192000208	226.263040	true	3.756287	1.6370970699999816	227.663872
algorithms/SortedListInsert-MemUnsat01.yml	false	false	2.100513	0.9924822880002466	170.483712	false	2.299476	1.128467348000413	177.229824
algorithms/Trie-FunSat01.yml	true	true	2.255119	1.0727717039999334	171.913216	true	2.442634	1.1672643609999795	178.655232
algorithms/Trie-FunUnsat01.yml	false	false	2.276358	1.053937315999974	173.641728	false	2.433215	1.1586791350000567	177.901568
algorithms/Trie-MemSat01.yml	true	true	2.270236	1.0439384990004328	171.433984	true	2.468547	1.1710981180003728	181.723136
algorithms/Trie-MemUnsat01.yml	false	false	2.28289	1.0557038389997615	172.441600	false	2.411715	1.1560641129999567	177.311744
algorithms/Tsp-FunSat01.yml	false	unknown	2.128747	1.0074323369999547	167.559168	unknown	2.309406	1.1082733699995515	175.337472
algorithms/Tsp-FunUnsat01.yml	false	unknown	2.026709	0.9896737789995314	167.768064	unknown	2.294103	1.109717637000358	177.192960
algorithms/Tsp-MemSat01.yml	true	unknown	2.126793	1.0205273250003302	167.100416	unknown	2.216305	1.0645116790001339	175.394816
algorithms/Tsp-MemUnsat01.yml	false	unknown	2.077877	1.0152509589997862	167.604224	unknown	2.264891	1.1121490460000132	176.877568
juliet-java/CWE369_Divide_by_Zero__float_connect_tcp_divide_01_bad.yml	false	unknown	2.277425	1.0127627539995956	118.964224	unknown	2.401777	1.094261041000209	129.687552
juliet-java/CWE369_Divide_by_Zero__float_connect_tcp_divide_01_bad_version2.yml	false	unknown	2.301767	1.0197652269998798	129.302528	unknown	2.369797	1.0768335289994866	119.005184
juliet-java/CWE369_Divide_by_Zero__float_connect_tcp_divide_01_good.yml	true	unknown	2.277474	1.018526591000409	119.689216	unknown	2.346099	1.073918123999647	120.217600
juliet-java/CWE369_Divide_by_Zero__float_connect_tcp_divide_81a_bad.yml	false	unknown	2.230611	1.0084765470001003	119.062528	unknown	2.447478	1.0986374450003495	119.357440
juliet-java/CWE369_Divide_by_Zero__float_connect_tcp_divide_81a_bad_version2.yml	false	unknown	2.32627	1.0400230309996914	118.788096	unknown	2.460155	1.0942459730003975	120.336384
juliet-java/CWE369_Divide_by_Zero__float_connect_tcp_divide_81a_good.yml	true	unknown	2.368121	1.0286954279999918	120.725504	unknown	2.458847	1.0942034429999694	121.057280
juliet-java/CWE369_Divide_by_Zero__float_console_readLine_divide_54_bad.yml	false	unknown	2.323672	1.0331081640006232	121.905152	unknown	2.428424	1.0949017820003064	120.119296
juliet-java/CWE369_Divide_by_Zero__float_console_readLine_divide_54_bad_version2.yml	false	unknown	2.25233	1.0221316919996752	121.004032	unknown	2.356854	1.1147977810005614	118.448128
juliet-java/CWE369_Divide_by_Zero__float_console_readLine_divide_54_good.yml	true	unknown	2.181092	1.017779330999474	121.012224	unknown	2.340732	1.0811744570000883	118.943744
jdart-regression/OverapproximationString01.yml	false	false	1.94257	0.9410558230001698	120.856576	false	2.049864	1.0080670119996284	118.603776
jdart-regression/URLDecoder01.yml	true	false	2.05777	0.9658064339992052	121.741312	false	2.195802	1.0253566450001017	131.014656
jdart-regression/URLDecoder02.yml	false	false	2.087182	0.9655627450001703	121.520128	false	2.20488	1.0352158579999013	130.871296
jdart-regression/addition01.yml	false	true	2.230804	1.0391909110003326	178.896896	true	2.461177	1.1503986329998952	181.452800
jdart-regression/array-iteration01.yml	false	false	2.313049	1.1038992679996227	210.296832	false	2.472375	1.1818187859998943	216.735744
jdart-regression/boundcheck100.yml	false	false	3.292969	1.4016169830001672	252.796928	false	3.459052	1.5742190629998731	257.830912
jdart-regression/boundcheck200.yml	false	false	4.262161	1.9496211079995192	509.112320	false	4.52343	2.426628932999847	508.080128
jdart-regression/boundcheck30.yml	false	false	2.319419	1.0714851659995475	180.465664	false	2.523648	1.1994870790003915	187.539456
jdart-regression/double2long.yml	false	true	2.097916	1.0190005349995772	167.661568	true	2.161471	1.06508607700016	176.599040
jdart-regression/float.yml	false	true	2.08047	0.9938014769995789	167.280640	true	2.165555	1.034979666000254	172.929024
jdart-regression/list2.yml	true	true	15.507558	7.457818635999502	541.892608	true	27.594325	15.296171526000762	558.678016
jdart-regression/radians.yml	false	unknown	1.954076	0.936899591000838	116.428800	unknown	2.063853	1.0039573280000695	123.080704
jdart-regression/shifting.yml	false	unknown	2.105742	1.0118671650006945	173.363200	unknown	2.151392	1.0664956880000318	181.342208
jdart-regression/shifting2.yml	false	unknown	2.077435	0.99628025399943	168.742912	unknown	2.166917	1.0550453529995139	176.099328
jdart-regression/shifting3.yml	false	unknown	2.10336	0.9856255499998952	171.950080	unknown	2.220099	1.0825372620001872	176.263168
jdart-regression/startswith.yml	true	false	2.003441	0.9457685349998428	123.396096	false	2.073217	1.0157096390003062	119.472128
securibench/Aliasing1.yml	false	false	4.016067	1.5340663380002297	125.444096	false	4.269266	1.6563533600001392	124.080128
securibench/Aliasing2.yml	true	true	3.990822	1.5153418180007066	122.318848	true	4.211906	1.6262582409999595	121.192448
securibench/Aliasing3.yml	true	true	3.982348	1.5037036869998701	131.264512	true	4.285658	1.6288813479995952	131.104768
securibench/Aliasing4.yml	false	false	4.127774	1.5914054300001226	132.341760	false	4.777876	1.7476640309996583	124.571648
securibench/Aliasing5.yml	false	false	4.067652	1.5480962909996379	127.459328	false	4.462471	1.6650375509998412	124.874752
securibench/Aliasing6.yml	false	false	4.336944	1.6192317840004762	137.244672	false	4.570786	1.698127884999849	129.032192
securibench/Arrays1.yml	false	false	4.318853	1.603038550000747	128.536576	false	4.420539	1.6375448400003734	132.853760
securibench/Arrays10.yml	false	unknown	4.226311	1.5788028200004192	131.182592	unknown	4.184434	1.6194620700007363	123.895808
securibench/Arrays2.yml	false	false	4.08318	1.5689549180005997	136.552448	false	4.249072	1.6298517169998377	126.312448
securibench/Arrays3.yml	false	false	4.080309	1.5464204889995017	129.220608	false	4.520512	1.6592208460006077	126.681088
securibench/Arrays4.yml	false	false	4.129844	1.5499041019993456	126.238720	false	4.392766	1.6212102970002888	126.091264
securibench/Arrays5.yml	true	true	4.287027	1.5709967410002719	122.077184	true	3.966233	1.5325132359994313	121.495552
securibench/Arrays6.yml	false	false	4.371569	1.6011894610001036	127.062016	false	4.423169	1.6453825629996572	123.723776
securibench/Arrays7.yml	false	false	4.342206	1.5861170019998099	128.811008	false	4.180735	1.5833251230005772	127.123456
securibench/Arrays8.yml	false	false	4.229421	1.5664102270002331	128.778240	false	4.199508	1.6287364170002547	128.663552
securibench/Arrays9.yml	false	false	4.405349	1.6150674069995148	127.082496	false	4.673149	1.7350041569998211	127.295488
securibench/Basic1.yml	false	false	4.281717	1.5964941709999039	135.536640	false	4.382497	1.6445509839995793	124.739584
securibench/Basic10.yml	false	false	4.073249	1.578816385999744	133.107712	false	4.288048	1.5840785560003496	124.784640
securibench/Basic11.yml	false	unknown	3.940709	1.5235692010001003	119.808000	unknown	4.060849	1.5461730939996414	119.177216
securibench/Basic12.yml	false	false	4.273942	1.633691679000549	181.379072	false	4.523632	1.678506541000388	182.804480
securibench/Basic15.yml	false	false	4.119213	1.5737374919999638	133.115904	false	4.116694	1.5706469259994265	134.193152
securibench/Basic16.yml	false	false	4.155855	1.582482574000096	132.694016	false	4.125298	1.5584934710004745	134.492160
securibench/Basic17.yml	false	false	4.364715	1.5989740409995647	126.808064	false	4.173729	1.5806172370002969	133.357568
securibench/Basic18.yml	false	false	4.51874	1.6694191110000247	153.796608	false	4.568246	1.6813555819999237	155.058176
securibench/Basic19.yml	false	false	4.09425	1.539362491999782	126.468096	false	4.193956	1.567786974000228	122.421248
securibench/Basic2.yml	false	false	4.538204	1.6965979650003646	177.324032	false	4.218341	1.631738024000697	183.169024
securibench/Basic20.yml	false	false	4.251438	1.588412452000739	134.504448	false	4.239369	1.5769854079999277	122.703872
securibench/Basic21.yml	false	unknown	4.66599	1.681146529000216	154.537984	unknown	4.596875	1.65804522200051	148.639744
securibench/Basic24.yml	false	unknown	4.3918	1.614289939999253	143.106048	unknown	4.427374	1.6714591489999293	149.458944
securibench/Basic25.yml	false	unknown	4.35991	1.647620571000516	145.879040	unknown	4.510722	1.6550676090000707	152.059904
securibench/Basic26.yml	false	false	4.19318	1.5869024929997977	131.702784	false	4.054267	1.5552348720002556	125.710336
securibench/Basic27.yml	false	false	4.105328	1.5595461149996481	137.801728	false	4.387812	1.614784501000031	135.888896
securibench/Basic28.yml	true	true	4.25898	1.5665977809994729	124.432384	true	4.210482	1.5618355369997516	121.933824
securibench/Basic29.yml	false	false	4.068666	1.5586945080003716	137.551872	false	4.025535	1.5337185559992577	133.611520
securibench/Basic3.yml	false	unknown	4.37185	1.6136981029994786	121.565184	unknown	4.369677	1.5950977339998644	123.772928
securibench/Basic30.yml	false	false	4.336811	1.6301898609999625	137.142272	false	4.030369	1.5366819210003086	124.637184
securibench/Basic31.yml	false	false	4.294111	1.5934627910000927	125.419520	false	4.063315	1.5586634800001775	124.829696
securibench/Basic32.yml	false	false	4.052309	1.5407862680003745	128.249856	false	4.140241	1.5528120999997554	125.644800
securibench/Basic33.yml	false	false	4.336484	1.6158661740000753	131.608576	false	4.099544	1.5426487370004907	124.358656
securibench/Basic34.yml	false	false	4.526761	1.6503450600002907	134.737920	false	4.116749	1.5658330209998894	125.042688
securibench/Basic35.yml	false	false	4.221879	1.5939453030005097	132.988928	false	4.156137	1.607332931000201	137.994240
securibench/Basic37.yml	false	false	4.390496	1.6644441549997282	180.314112	false	4.349466	1.6892665830000624	188.690432
securibench/Basic38.yml	false	false	4.30788	1.6293247900002825	180.764672	false	4.655498	1.7192132039999706	190.230528
securibench/Basic39.yml	false	false	4.39506	1.6777891760002603	180.744192	false	4.745991	1.7530770289995417	187.887616
securibench/Basic4.yml	false	false	4.242159	1.6340974240001742	179.392512	false	4.190829	1.6376713570007269	187.129856
securibench/Basic5.yml	false	unknown	4.393579	1.5992703000001711	129.171456	unknown	3.914003	1.5171834870006933	120.336384
securibench/Basic6.yml	true	unknown	4.246443	1.5534059689998685	125.534208	unknown	3.89806	1.5103163130006578	119.164928
securibench/Basic7.yml	false	unknown	3.999159	1.5228249369993136	120.389632	unknown	4.274844	1.5890798219998032	122.724352
securibench/Basic8.yml	true	true	4.139234	1.54514934099916	123.097088	true	4.008431	1.5155578289995901	130.916352
securibench/Basic9.yml	false	false	4.506713	1.6513758569999482	176.984064	false	4.260485	1.6262018249999528	182.796288
securibench/Collections1.yml	false	false	4.544354	1.6537974650000251	132.325376	false	4.446309	1.601231261999601	125.362176
securibench/Collections10.yml	false	false	4.437809	1.6311568760002046	137.445376	false	4.436828	1.6481489790003252	134.991872
securibench/Collections12.yml	false	false	4.164043	1.5913797410003099	132.141056	false	4.077302	1.5512413249998644	125.255680
securibench/Collections13.yml	false	true	4.225803	1.561971131000064	127.127552	true	4.299518	1.6003629839997302	133.578752
securibench/Collections14.yml	false	false	5.291179	1.9049478639999506	180.256768	false	5.546375	1.9543042010000136	180.817920
securibench/Collections2.yml	false	false	4.434165	1.6396718630003306	136.470528	false	3.98416	1.5306951870006742	136.888320
securibench/Collections3.yml	false	false	4.16912	1.5655278820004241	132.280320	false	4.3298	1.60742848100017	125.034496
securibench/Collections4.yml	false	false	4.164238	1.5638170339998396	128.548864	false	4.492646	1.631220282999493	124.653568
securibench/Collections5.yml	false	false	4.214096	1.5989889090005818	133.455872	false	4.068035	1.5454957239999203	126.537728
securibench/Collections6.yml	false	false	4.24142	1.5892336719998639	131.162112	false	4.191383	1.5707191809997312	124.698624
securibench/Collections7.yml	false	false	4.297165	1.586887776000367	136.392704	false	4.074199	1.5697764429996823	124.952576
securibench/Collections8.yml	true	true	4.101437	1.5413282010003968	125.353984	true	3.880777	1.5079557079998267	124.313600
securibench/Collections9.yml	true	unknown	4.283663	1.5678107099993213	125.341696	unknown	4.346382	1.6056271339994055	133.877760
securibench/Datastructures1.yml	false	false	4.534398	1.6334084950003671	137.105408	false	4.097397	1.550943045999702	133.435392
securibench/Datastructures2.yml	false	false	4.240982	1.5732929739997417	139.141120	false	4.015569	1.539205671999298	123.801600
securibench/Datastructures3.yml	false	false	4.186226	1.5916927719999876	146.743296	false	4.429628	1.6316446079999878	133.402624
securibench/Datastructures4.yml	true	true	4.235425	1.561145593999754	121.438208	true	4.357482	1.6122249529998953	121.569280
securibench/Datastructures5.yml	false	unknown	3.973643	1.5300420639996446	119.328768	unknown	3.997738	1.5117961269997977	120.643584
securibench/Datastructures6.yml	false	false	5.57336	2.015836357999433	249.905152	false	6.2084	2.181151494000005	254.013440
securibench/Factories1.yml	false	unknown	3.98354	1.529027681000116	128.815104	unknown	4.215589	1.5485821100000976	123.740160
securibench/Factories2.yml	false	false	4.096909	1.5606122270000924	125.304832	false	4.056128	1.5437851570004568	133.357568
securibench/Factories3.yml	false	false	4.337276	1.6050174140000308	126.222336	false	4.240748	1.5639096450004217	134.553600
securibench/Inter1.yml	false	false	4.363395	1.6207907560001331	132.132864	false	4.309556	1.6011642869998468	124.596224
securibench/Inter10.yml	false	unknown	4.260538	1.562007048999476	122.765312	unknown	4.282742	1.5830765270002303	121.839616
securibench/Inter11.yml	false	unknown	4.052084	1.5280796520000877	119.607296	unknown	4.054742	1.5348928670000532	119.435264
securibench/Inter12.yml	false	false	4.363399	1.6023283909999009	123.461632	false	4.32645	1.5962830779999422	126.337024
securibench/Inter13.yml	false	false	4.574298	1.6763149529997463	146.845696	false	4.643989	1.6666446099998211	140.980224
securibench/Inter14.yml	false	false	4.449851	1.6450495899998714	146.595840	false	4.607273	1.6835632629999964	135.536640
securibench/Inter2.yml	false	false	4.13166	1.5626500019998275	134.905856	false	4.39049	1.6247453690002658	128.053248
securibench/Inter3.yml	false	false	4.457117	1.6250252159998126	133.255168	false	4.332446	1.6036720470001455	130.867200
securibench/Inter4.yml	false	false	4.267952	1.5843243589997655	125.882368	false	4.164347	1.5817040550000456	134.090752
securibench/Inter5.yml	false	unknown	3.977098	1.5063296130001618	126.808064	unknown	4.085128	1.5540302670005985	126.906368
securibench/Inter6.yml	false	false	4.074992	1.5540250770000057	134.836224	false	4.138261	1.5864055969996116	134.467584
securibench/Inter7.yml	false	false	4.031635	1.5592437650002466	125.972480	false	4.03778	1.557192614000087	123.723776
securibench/Inter8.yml	false	false	4.392082	1.593404862999705	127.225856	false	4.275317	1.5785361480002393	125.296640
securibench/Inter9.yml	false	unknown	4.050385	1.518723038000644	119.255040	unknown	4.019462	1.5181788010004311	129.667072
securibench/Pred1.yml	true	true	4.37434	1.6008878819993697	122.740736	true	3.97313	1.5089303790000486	120.107008
securibench/Pred2.yml	false	false	4.361004	1.6296173410000847	176.353280	false	4.371557	1.643921653999314	183.693312
securibench/Pred3.yml	true	true	4.221953	1.6449910290002663	178.503680	true	4.486514	1.693170802000168	184.385536
securibench/Pred4.yml	false	false	4.406206	1.614194229999157	132.427776	false	4.185798	1.5591945120004311	123.080704
securibench/Pred5.yml	false	false	4.108806	1.55849019300058	127.918080	false	4.025543	1.5341169630000877	123.760640
securibench/Pred6.yml	true	true	4.176897	1.535506334999809	119.513088	true	4.25283	1.5612971299997298	121.663488
securibench/Pred7.yml	true	true	3.886942	1.4964929719999418	120.492032	true	3.99433	1.5322515540001405	121.229312
securibench/Pred8.yml	false	false	4.444804	1.6538272419993518	126.468096	false	4.253544	1.6029910409997683	124.919808
securibench/Pred9.yml	true	false	4.234372	1.6254750950001835	137.089024	false	4.085957	1.568066292000367	133.320704
securibench/Refl1.yml	false	false	4.407553	1.6491227449996586	136.544256	false	4.272406	1.5981521620005879	124.780544
securibench/Refl2.yml	false	true	4.35287	1.628277342999354	122.327040	true	4.231061	1.5654525210002248	122.826752
securibench/Refl3.yml	false	false	4.268381	1.635006489999796	133.615616	false	4.288474	1.5780296319999252	135.376896
securibench/Refl4.yml	false	false	4.359127	1.6223587050008064	132.841472	false	4.135372	1.5834251020005468	125.177856
securibench/Sanitizers1.yml	false	false	4.568391	1.7159085719995346	183.943168	false	4.627004	1.7268051459996059	188.956672
securibench/Sanitizers2.yml	true	false	4.53943	1.7816584629999852	188.121088	false	4.547151	1.7355363010001383	194.129920
securibench/Sanitizers3.yml	true	unknown	4.583574	1.752828695000062	153.985024	unknown	4.377175	1.6468510209997476	154.894336
securibench/Sanitizers4.yml	false	false	4.325505	1.6391388470001402	178.511872	false	4.45774	1.6869469279999976	185.847808
securibench/Sanitizers5.yml	false	unknown	4.726391	1.6779152030003388	144.044032	unknown	4.432886	1.6554226140005994	148.373504
securibench/Sanitizers6.yml	true	false	4.341796	1.665172488999815	185.974784	false	4.472224	1.726480764000371	194.412544
securibench/Session1.yml	false	false	4.434727	1.6502397029998974	123.678720	false	4.097089	1.5747947580002801	124.203008
securibench/Session2.yml	false	false	4.498184	1.7774275900001157	132.263936	false	4.196881	1.5974042600000757	124.977152
securibench/Session3.yml	false	false	4.302733	1.664614776000235	144.592896	false	4.084252	1.5618485499999224	126.529536
securibench/StrongUpdates1.yml	true	true	4.205159	1.564781504000166	131.817472	true	4.032162	1.5545319039993046	122.126336
securibench/StrongUpdates2.yml	true	true	4.321332	1.5669404580003174	122.204160	true	4.0339	1.5576657569999952	122.437632
securibench/StrongUpdates3.yml	true	true	4.082883	1.5795007469996563	129.650688	true	4.052242	1.557396117999815	122.286080
securibench/StrongUpdates4.yml	true	true	4.079313	1.545455507999577	122.167296	true	4.16031	1.5750930309995965	121.344000
securibench/StrongUpdates5.yml	true	unknown	4.337611	1.5934454790003656	124.784640	unknown	4.071884	1.5343235729997104	120.713216
float-nonlinear-calculation/Bessel.yml	true	true	2.111039	1.0168706060003387	173.248512	true	2.146077	1.051619349000248	173.015040
float-nonlinear-calculation/Conflict.yml	true	true	2.179055	1.0368078949995834	166.912000	true	2.24403	1.06020529000034	172.949504
float-nonlinear-calculation/EulerMethod.yml	false	unknown	2.291091	1.0399639500001285	213.180416	unknown	2.46565	1.1170862290000514	226.488320
float-nonlinear-calculation/MathSin.yml	false	unknown	3.123736	1.2387189649998618	120.614912	unknown	3.022471	1.2359537800002727	121.536512
float-nonlinear-calculation/Optimization1.yml	false	true	3.193897	1.3078321829998458	175.566848	true	3.01026	1.2755338430006304	173.969408
float-nonlinear-calculation/Optimization2.yml	false	true	2.9644	1.2420646079999642	172.068864	true	3.13091	1.2932845060004183	176.103424
float-nonlinear-calculation/Optimization3.yml	false	true	3.105049	1.2765004349994342	166.965248	true	3.232778	1.3205113920002987	178.765824
float-nonlinear-calculation/Optimization4.yml	false	true	3.132876	1.2764478160006547	167.501824	true	3.075046	1.2966756260002512	176.566272
float-nonlinear-calculation/Optimization5.yml	false	unknown	2.875719	1.2279912240001067	167.002112	unknown	2.975862	1.2772001890007232	173.285376
float-nonlinear-calculation/Optimization6.yml	false	true	2.972296	1.2323755460001848	172.847104	true	3.01097	1.2703460940001605	174.219264
float-nonlinear-calculation/PartitionEx.yml	true	true	2.150557	1.0257146730000386	166.645760	true	2.082214	1.0104471419999754	173.096960
float-nonlinear-calculation/TurnLogic.yml	true	true	1.985606	0.9711931580004602	116.408320	true	1.912675	0.9227938190006171	116.568064
float-nonlinear-calculation/coral1.yml	false	unknown	3.1992	1.3169673200000034	172.548096	unknown	2.997669	1.27609113500057	173.268992
float-nonlinear-calculation/coral10.yml	false	unknown	2.95367	1.2472266289996696	168.374272	unknown	3.004905	1.2714482549999957	177.881088
float-nonlinear-calculation/coral11.yml	false	unknown	2.931296	1.2439295970007151	167.997440	unknown	2.93293	1.259113780000007	174.153728
float-nonlinear-calculation/coral12.yml	false	unknown	2.956643	1.2689121160001378	168.001536	unknown	3.133077	1.3240313429996604	180.314112
float-nonlinear-calculation/coral13.yml	false	unknown	2.877601	1.2547500840000794	158.236672	unknown	2.996186	1.2543472859997564	176.787456
float-nonlinear-calculation/coral14.yml	false	unknown	2.975367	1.260577068999737	167.911424	unknown	3.158181	1.3107667140002377	180.273152
float-nonlinear-calculation/coral15.yml	false	unknown	2.82734	1.235504399999627	168.280064	unknown	3.064476	1.2834151349998137	174.981120
float-nonlinear-calculation/coral16.yml	false	true	2.920332	1.2320744980006566	171.765760	true	2.957765	1.254845906999435	175.378432
float-nonlinear-calculation/coral17.yml	false	unknown	2.978377	1.2696493370003736	168.124416	unknown	3.129046	1.292905631999929	175.144960
float-nonlinear-calculation/coral18.yml	false	unknown	3.173651	1.3042198380007903	166.948864	unknown	3.191913	1.3039711520004857	175.255552
float-nonlinear-calculation/coral19.yml	false	unknown	3.095506	1.2672956559999875	167.481344	unknown	3.046255	1.2883315509998283	173.277184
float-nonlinear-calculation/coral2.yml	false	unknown	3.097034	1.2666063349997785	168.394752	unknown	3.082568	1.2893022429998382	177.426432
float-nonlinear-calculation/coral20.yml	false	unknown	3.126542	1.275924316999408	168.136704	unknown	2.891272	1.2447387059992252	173.027328
float-nonlinear-calculation/coral21.yml	false	unknown	2.87669	1.2335117399998126	167.649280	unknown	2.963392	1.2735298719999264	173.441024
float-nonlinear-calculation/coral22.yml	false	unknown	3.159252	1.3044145940002636	167.993344	unknown	3.135952	1.2833007889994406	180.228096
float-nonlinear-calculation/coral23.yml	true	true	2.987711	1.2573028309998335	171.413504	true	2.94041	1.2609894389997862	173.137920
float-nonlinear-calculation/coral26.yml	true	true	2.969041	1.2462135369996759	168.038400	true	3.114748	1.2811737649999486	173.121536
float-nonlinear-calculation/coral27.yml	false	unknown	3.176169	1.284960607999892	171.339776	unknown	3.195646	1.2898815749995265	176.041984
float-nonlinear-calculation/coral28.yml	false	unknown	2.901569	1.242988621999757	167.366656	unknown	2.980052	1.2678525400006038	173.219840
float-nonlinear-calculation/coral29.yml	false	unknown	2.976272	1.2515558069999315	167.325696	unknown	2.923568	1.2529071799999656	174.931968
float-nonlinear-calculation/coral3.yml	true	true	2.923848	1.2478720050003176	166.805504	true	3.192394	1.315808286999527	172.552192
float-nonlinear-calculation/coral30.yml	false	unknown	2.97012	1.2003301300001112	117.104640	unknown	2.835904	1.204980285999227	117.121024
float-nonlinear-calculation/coral31.yml	false	true	3.063839	1.2704841020004096	168.038400	true	3.113233	1.289912453999932	174.145536
float-nonlinear-calculation/coral32.yml	false	unknown	2.846842	1.2208610490006322	167.616512	unknown	2.92861	1.259790938000151	177.430528
float-nonlinear-calculation/coral33.yml	false	unknown	3.014361	1.28271762499935	168.378368	unknown	3.162436	1.3041815990000032	172.924928
float-nonlinear-calculation/coral34.yml	false	unknown	3.302796	1.3734351170005539	167.477248	unknown	3.14267	1.3007443030001014	173.805568
float-nonlinear-calculation/coral35.yml	false	unknown	3.311586	1.4320377129997723	167.596032	unknown	3.098606	1.3162673630004065	176.758784
float-nonlinear-calculation/coral36.yml	false	unknown	2.939299	1.2606967150004493	116.629504	unknown	2.849193	1.1920768379995934	116.842496
float-nonlinear-calculation/coral38.yml	false	unknown	3.008525	1.2959266589996332	167.407616	unknown	2.983893	1.2824866429991744	177.889280
float-nonlinear-calculation/coral39.yml	false	unknown	3.110637	1.3091258949998519	167.714816	unknown	3.042001	1.2845195480003895	177.373184
float-nonlinear-calculation/coral4.yml	false	unknown	3.377685	1.467078992000097	172.130304	unknown	2.973377	1.2749686770002882	177.926144
float-nonlinear-calculation/coral40.yml	false	unknown	3.560071	1.5887291500002902	167.206912	unknown	3.167494	1.3164562689999002	174.530560
float-nonlinear-calculation/coral41.yml	false	unknown	3.660548	1.5868077849991096	167.919616	unknown	3.048558	1.2861656439999933	175.689728
float-nonlinear-calculation/coral42.yml	false	unknown	3.407805	1.4364517920002982	166.993920	unknown	3.220197	1.3330105759996513	173.645824
float-nonlinear-calculation/coral43.yml	false	unknown	3.374654	1.414629406000131	167.026688	unknown	3.197993	1.3154689059992961	176.263168
float-nonlinear-calculation/coral44.yml	false	unknown	3.064235	1.3020209979995343	166.834176	unknown	3.076575	1.2990924759997142	173.170688
float-nonlinear-calculation/coral45.yml	false	unknown	3.147472	1.3277954620007222	171.679744	unknown	2.935892	1.2815491740002471	173.531136
float-nonlinear-calculation/coral46.yml	true	unknown	3.021686	1.294457496999712	167.718912	unknown	2.99067	1.2883689010004673	175.267840
float-nonlinear-calculation/coral48.yml	false	true	3.088319	1.3077324449996013	167.464960	true	3.298568	1.369067692000499	180.903936
float-nonlinear-calculation/coral49.yml	false	unknown	2.993545	1.2815959289991952	168.386560	unknown	3.062897	1.272980175000157	175.030272
float-nonlinear-calculation/coral5.yml	true	true	3.240635	1.328397758000392	167.911424	true	3.197697	1.3112422610001886	173.514752
float-nonlinear-calculation/coral50.yml	false	unknown	3.183033	1.3161396579998836	167.874560	unknown	3.00569	1.2830393049998747	174.993408
float-nonlinear-calculation/coral51.yml	false	unknown	3.162661	1.3233795289997943	168.206336	unknown	3.15129	1.314289841999198	173.064192
float-nonlinear-calculation/coral52.yml	false	unknown	3.274753	1.3635939779996988	167.673856	unknown	3.121175	1.2883013650007342	177.635328
float-nonlinear-calculation/coral53.yml	false	unknown	3.323662	1.3686368440003207	167.895040	unknown	3.174887	1.3035486839999066	174.866432
float-nonlinear-calculation/coral54.yml	false	unknown	3.090286	1.3256213289996595	167.899136	unknown	3.043433	1.2730286059995706	173.658112
float-nonlinear-calculation/coral55.yml	true	true	3.250994	1.3450046529997053	167.788544	true	3.102383	1.2935666800003673	173.789184
float-nonlinear-calculation/coral56.yml	false	true	3.27624	1.3421462599999359	167.866368	true	3.113356	1.2911367540000356	175.513600
float-nonlinear-calculation/coral57.yml	false	true	3.206348	1.3206666200003383	170.995712	true	3.192245	1.330156199999692	178.159616
float-nonlinear-calculation/coral58.yml	false	true	3.240923	1.3260545769999226	169.906176	true	3.165318	1.3150093199992625	173.953024
float-nonlinear-calculation/coral59.yml	false	true	3.100734	1.3252523889996155	169.943040	true	2.96637	1.3095027589997699	177.590272
float-nonlinear-calculation/coral6.yml	false	unknown	3.208755	1.3246405520003464	168.263680	unknown	2.941011	1.259707721000268	174.100480
float-nonlinear-calculation/coral60.yml	false	true	3.2282	1.3489229119995798	175.079424	true	2.985093	1.307845300999361	177.594368
float-nonlinear-calculation/coral61.yml	false	true	3.060284	1.297201696999764	169.525248	true	3.08189	1.2837068439994255	175.452160
float-nonlinear-calculation/coral62.yml	false	true	3.146968	1.3048168420000366	167.571456	true	3.082819	1.2779739870002231	179.023872
float-nonlinear-calculation/coral63.yml	false	true	3.314965	1.3423599099996864	169.504768	true	3.224385	1.3278176069998153	181.223424
float-nonlinear-calculation/coral64.yml	false	true	3.196435	1.3102761749996716	167.800832	true	2.943996	1.2601391049993254	175.153152
float-nonlinear-calculation/coral65.yml	false	true	3.209213	1.332031724999979	170.012672	true	3.213973	1.3517541530000017	174.923776
float-nonlinear-calculation/coral66.yml	false	true	3.201725	1.2926013819997024	168.071168	true	3.020239	1.2820369139999457	175.476736
float-nonlinear-calculation/coral67.yml	false	true	3.215089	1.322528874999989	168.620032	true	3.238849	1.354202293000526	177.090560
float-nonlinear-calculation/coral68.yml	false	true	3.16408	1.3012229919995661	168.566784	true	2.997624	1.2905344279997735	178.667520
float-nonlinear-calculation/coral69.yml	false	true	3.017687	1.2771198199998253	168.955904	true	3.097396	1.2761006720002115	175.865856
float-nonlinear-calculation/coral71.yml	false	unknown	3.258694	1.3150321639996037	172.359680	unknown	3.025782	1.2865666309999142	174.276608
float-nonlinear-calculation/coral72.yml	false	unknown	3.032223	1.2878000979999342	169.570304	unknown	3.213962	1.3237888250005199	179.912704
float-nonlinear-calculation/coral73.yml	false	unknown	3.133542	1.3005116820004332	173.400064	unknown	3.280729	1.3670384329998342	177.000448
float-nonlinear-calculation/coral74.yml	false	unknown	2.946658	1.2602906990005067	167.096320	unknown	3.018568	1.2824470380001003	173.342720
float-nonlinear-calculation/coral75.yml	false	unknown	3.295492	1.3245841059997474	172.875776	unknown	3.211129	1.3260530580000705	180.342784
float-nonlinear-calculation/coral76.yml	false	true	3.251851	1.3294057990005967	172.072960	true	3.10363	1.3280363499998202	177.229824
float-nonlinear-calculation/coral77.yml	false	true	3.228563	1.3279869260004489	168.177664	true	2.960072	1.2913385150004615	177.160192
float-nonlinear-calculation/coral79.yml	false	true	3.158082	1.341424248000294	167.088128	true	3.100269	1.2966954330004228	173.223936
float-nonlinear-calculation/coral80.yml	true	true	3.223293	1.3410657419999552	171.503616	true	3.183475	1.3010886129995924	176.869376
float-nonlinear-calculation/coral81.yml	false	true	3.088758	1.2937489030000506	170.139648	true	2.927754	1.2902623340005448	177.311744
float-nonlinear-calculation/coral84.yml	false	true	3.161254	1.3052527719992213	170.024960	true	3.064465	1.3013907730000938	174.698496
float-nonlinear-calculation/coral9.yml	false	unknown	3.130737	1.2776603780002915	167.182336	unknown	3.009771	1.27169790500011	175.058944
float-nonlinear-calculation/coral91.yml	true	true	3.136046	1.3114238870002737	171.732992	true	3.218959	1.3251947380003912	177.238016
