tool		SPF Mon Jun 30 08:45:41 AM IST 2025	SPF Mon Jun 30 08:45:41 AM IST 2025	SPF Mon Jun 30 08:45:41 AM IST 2025	SPF Mon Jun 30 08:45:41 AM IST 2025	SPF Sat Jul 12 08:20:32 PM IST 2025	SPF Sat Jul 12 08:20:32 PM IST 2025	SPF Sat Jul 12 08:20:32 PM IST 2025	SPF Sat Jul 12 08:20:32 PM IST 2025
run set		SV-COMP25_assert_java.ReachSafety-Java	SV-COMP25_assert_java.ReachSafety-Java	SV-COMP25_assert_java.ReachSafety-Java	SV-COMP25_assert_java.ReachSafety-Java	SV-COMP25_assert_java.ReachSafety-Java	SV-COMP25_assert_java.ReachSafety-Java	SV-COMP25_assert_java.ReachSafety-Java	SV-COMP25_assert_java.ReachSafety-Java
../sv-benchmarks/java/		status	cputime (s)	walltime (s)	memory (MB)	status	cputime (s)	walltime (s)	memory (MB)
jayhorn-recursive/Ackermann01.yml	false	false	1.99428	0.9569375820001369	170.983424	false	1.909757	1.0976374649999912	179.687424
jayhorn-recursive/Addition.yml	true	true	2.033634	0.9766509520004547	174.608384	true	2.117723	1.0585203360000008	187.584512
jayhorn-recursive/InfiniteLoop.yml	false	false	1.937778	0.939605704999849	170.377216	false	1.791006	0.8955038770000101	177.111040
jayhorn-recursive/SatAckermann01.yml	true	true	10.852807	6.254946449000272	605.671424	true	60.992229	54.77334723500002	850.554880
jayhorn-recursive/SatAckermann02.yml	true	true	10.706172	6.44602957799998	582.770688	true	58.755352	52.68815223499999	832.004096
jayhorn-recursive/SatAckermann03.yml	true	true	10.587576	6.286787709999771	587.587584	true	59.264878	53.180023233999975	842.739712
jayhorn-recursive/SatAddition01.yml	true	true	2.576256	1.258398244000091	180.514816	true	2.293111	1.1450413069999854	190.230528
jayhorn-recursive/SatEvenOdd01.yml	true	true	3.036863	1.5848130340000353	176.553984	true	2.307795	1.1387814640000045	191.070208
jayhorn-recursive/SatFibonacci01.yml	true	true	3.818756	1.704729808000593	219.537408	true	4.904408	2.8796744029999957	283.222016
jayhorn-recursive/SatFibonacci02.yml	true	true	2.027765	0.9937490340007571	114.839552	true	1.720403	0.8461606760000109	114.532352
jayhorn-recursive/SatFibonacci03.yml	true	true	4.098461	1.7678730529996756	232.804352	true	6.548197	4.332665574000032	351.981568
jayhorn-recursive/SatGcd.yml	true	true	3.445073	1.4867253350003011	217.894912	true	5.392165	3.6414147809999804	230.875136
jayhorn-recursive/SatHanoi01.yml	true	true	7.129782	3.594795162000082	516.808704	true	20.418732	16.559831737999957	715.624448
jayhorn-recursive/SatMccarthy91.yml	true	true	8.806528	5.07203675799974	559.218688	true	32.118024	27.59460481100001	792.449024
jayhorn-recursive/SatMultCommutative01.yml	true	true	2.585716	1.1825215310000203	188.674048	true	3.067352	1.5518782799999826	226.885632
jayhorn-recursive/SatPrimes01.yml	true	TIMEOUT	900.710899	837.0345001209998	1853.554688	unknown	108.245123	102.487626487	1090.551808
jayhorn-recursive/UnsatAckermann01.yml	false	false	2.151285	1.0568881939998391	171.925504	false	2.072791	1.0005448619999697	182.894592
jayhorn-recursive/UnsatAddition01.yml	false	false	2.136168	1.0361131350000505	171.978752	false	2.010486	0.9828184340000234	180.883456
jayhorn-recursive/UnsatAddition02.yml	false	true	2.433555	1.0988595360004183	188.293120	true	2.751841	1.3983794819999957	219.914240
jayhorn-recursive/UnsatEvenOdd01.yml	false	false	2.101029	1.0052354579993334	171.167744	false	1.966025	0.9560347789999923	179.015680
jayhorn-recursive/UnsatFibonacci01.yml	false	false	2.267524	1.0526536740007941	174.796800	false	2.166016	1.0820888920000016	185.393152
jayhorn-recursive/UnsatFibonacci02.yml	false	false	2.93053	1.2348519950000991	216.137728	false	3.599638	1.9374008540000318	231.911424
jayhorn-recursive/UnsatMccarthy91.yml	false	false	2.13092	1.0269776300001467	172.695552	false	1.91021	0.9609668800000009	177.922048
jbmc-regression/ArithmeticException1.yml	false	false	2.097433	1.014069845999984	171.155456	false	1.96979	0.9770030860000247	178.909184
jbmc-regression/ArithmeticException5.yml	true	true	1.848233	0.893802570999469	114.442240	true	1.683773	0.8475281000000336	113.668096
jbmc-regression/ArithmeticException6.yml	false	false	2.099018	1.0077315720000115	169.766912	false	1.948095	0.9732194670000354	177.635328
jbmc-regression/ArrayIndexOutOfBoundsException1.yml	false	false	2.078191	1.019266848999905	171.499520	false	1.917091	0.9507172190000119	179.232768
jbmc-regression/ArrayIndexOutOfBoundsException2.yml	false	false	2.05514	0.9807121049998386	170.692608	false	1.889594	0.9401175159999866	179.793920
jbmc-regression/ArrayIndexOutOfBoundsException3.yml	false	false	2.18197	1.0548276409999744	172.257280	false	1.910537	0.9450776990000236	182.128640
jbmc-regression/BufferedReaderReadLine.yml	false	false	2.207965	1.0595586070003264	171.573248	false	2.028783	0.9791433279999637	184.127488
jbmc-regression/CharSequenceBug.yml	false	false	2.037737	0.9999023880000095	170.123264	false	1.986744	1.004356983999969	181.735424
jbmc-regression/CharSequenceToString.yml	true	false	2.108882	1.0389311650005766	175.177728	false	1.975632	0.9867769290000297	179.802112
jbmc-regression/ClassCastException1.yml	false	false	1.916318	0.9244608640001388	115.437568	false	1.726674	0.8534863160000441	122.052608
jbmc-regression/ClassCastException2.yml	true	true	1.925557	0.918939569000031	114.487296	true	1.696193	0.8322234099999832	114.204672
jbmc-regression/ClassCastException3.yml	false	false	1.872009	0.897930388999157	115.572736	false	1.735544	0.851702156999977	115.048448
jbmc-regression/Class_method1.yml	true	true	1.836738	0.8898040250005579	114.114560	true	1.684862	0.8485330149999868	116.531200
jbmc-regression/Inheritance1.yml	true	true	1.882136	0.9007654710003408	114.438144	true	1.713866	0.8336078320000411	114.089984
jbmc-regression/NegativeArraySizeException1.yml	false	false	1.867271	0.9032889560003241	114.958336	false	1.678306	0.823262131999968	115.548160
jbmc-regression/NegativeArraySizeException2.yml	false	false	1.865544	0.9054362229999242	114.757632	false	1.737405	0.8452979900000059	114.987008
jbmc-regression/NullPointerException1.yml	true	true	1.843207	0.8870787490004659	114.089984	true	1.720853	0.8503320809999764	113.696768
jbmc-regression/NullPointerException2.yml	false	false	1.863875	0.8936300650002522	114.384896	false	1.709123	0.828777902000013	115.318784
jbmc-regression/NullPointerException3.yml	false	false	1.900996	0.9251692990001175	114.839552	false	1.741634	0.8534778490000008	115.343360
jbmc-regression/NullPointerException4.yml	false	false	1.946757	0.9341079529995113	114.827264	false	1.774984	0.8830394269999715	115.757056
jbmc-regression/RegexMatches01.yml	true	true	1.867197	0.9093693340000755	114.675712	true	1.817508	0.8695362159999718	115.179520
jbmc-regression/RegexMatches02.yml	false	true	1.915214	0.923293484000169	116.305920	true	1.745008	0.8676152630000047	126.861312
jbmc-regression/RegexSubstitution01.yml	true	true	2.031301	0.9518302690003111	116.817920	true	1.875795	0.9117958319999957	117.837824
jbmc-regression/RegexSubstitution02.yml	false	unknown	1.941084	0.9405326100004459	116.604928	unknown	1.828735	0.8969529419999844	123.932672
jbmc-regression/RegexSubstitution03.yml	true	true	1.906045	0.9346228629992765	116.674560	true	1.816723	0.8833257210000056	117.481472
jbmc-regression/StaticCharMethods01.yml	true	true	1.909007	0.908217615000467	113.987584	true	1.760518	0.8725675520000209	117.432320
jbmc-regression/StaticCharMethods02.yml	false	false	2.111062	1.0106055070000366	170.958848	false	1.92978	0.9577180900000144	181.325824
jbmc-regression/StaticCharMethods03.yml	false	false	2.038756	1.008710666999832	169.340928	false	1.982935	0.9967265789999828	179.089408
jbmc-regression/StaticCharMethods04.yml	false	false	1.937944	0.9168724940000175	124.760064	false	1.722926	0.8360852239999872	124.329984
jbmc-regression/StaticCharMethods05.yml	false	unknown	2.035433	0.9695799780001835	117.047296	unknown	1.811863	0.8822851090000086	117.841920
jbmc-regression/StaticCharMethods06.yml	true	true	2.075818	1.0187102899999445	169.967616	true	1.941093	0.9480694499999913	177.700864
jbmc-regression/StringBuilderAppend01.yml	true	true	2.075458	0.9630514049995327	125.657088	true	1.865013	0.8828800199999591	116.670464
jbmc-regression/StringBuilderAppend02.yml	false	unknown	2.01581	0.9638704279996091	116.547584	unknown	1.898465	0.9166744229999608	124.182528
jbmc-regression/StringBuilderCapLen01.yml	true	true	1.950524	0.9156474659994274	116.633600	true	1.812592	0.886840828000004	116.654080
jbmc-regression/StringBuilderCapLen02.yml	false	false	1.989654	0.9463837959992816	120.623104	false	1.773824	0.8792419419999646	118.501376
jbmc-regression/StringBuilderCapLen03.yml	false	unknown	1.937155	0.9409478519992263	116.002816	unknown	1.714282	0.8474732279999557	116.277248
jbmc-regression/StringBuilderCapLen04.yml	false	unknown	1.966958	0.9314304980007364	116.326400	unknown	1.766782	0.8880076350000081	116.588544
jbmc-regression/StringBuilderChars01.yml	true	true	2.023101	0.9662997059995178	115.503104	true	1.929109	0.9460025340000016	115.884032
jbmc-regression/StringBuilderChars02.yml	false	false	1.984518	0.9582700440005283	120.655872	false	1.866756	0.9100038089999885	129.146880
jbmc-regression/StringBuilderChars03.yml	false	unknown	2.01054	0.9652003250002963	116.723712	unknown	1.749167	0.8780741290000265	116.600832
jbmc-regression/StringBuilderChars04.yml	false	unknown	1.957928	0.9249312700003429	116.871168	unknown	1.813336	0.8892802760000222	125.063168
jbmc-regression/StringBuilderChars05.yml	false	unknown	1.872655	0.912930595999569	116.719616	unknown	1.828548	0.9106855289999771	122.880000
jbmc-regression/StringBuilderChars06.yml	false	unknown	1.969587	0.9562026389994571	116.756480	unknown	1.765819	0.878319767999983	116.060160
jbmc-regression/StringBuilderConstructors01.yml	true	unknown	1.962436	0.9605743669999356	167.829504	unknown	1.925045	0.9566323600000146	178.040832
jbmc-regression/StringBuilderConstructors02.yml	false	unknown	1.955289	0.954527441999744	116.047872	unknown	1.718222	0.8587673140000334	116.305920
jbmc-regression/StringBuilderInsertDelete01.yml	true	true	2.024107	0.9636108189997685	120.782848	true	1.868655	0.895614452000018	118.378496
jbmc-regression/StringBuilderInsertDelete02.yml	false	unknown	2.103228	0.983252070999697	116.371456	unknown	1.891796	0.9056620000000066	116.383744
jbmc-regression/StringBuilderInsertDelete03.yml	false	unknown	2.063875	0.96702292900045	125.054976	unknown	1.83358	0.8953346249999754	116.875264
jbmc-regression/StringCompare01.yml	true	true	1.964012	0.9365299170003709	114.888704	true	1.804203	0.8867323579999606	122.179584
jbmc-regression/StringCompare02.yml	false	unknown	1.938151	0.9381976199993005	116.699136	unknown	1.796901	0.8806082469999978	124.420096
jbmc-regression/StringCompare03.yml	false	unknown	1.878102	0.916836375999992	116.391936	unknown	1.722566	0.8532797920000235	116.211712
jbmc-regression/StringCompare04.yml	false	unknown	1.918873	0.9296068109997577	116.916224	unknown	1.748868	0.876047820999986	116.137984
jbmc-regression/StringCompare05.yml	false	false	2.020939	0.9668051280004875	126.058496	false	1.782289	0.8685656029999791	124.968960
jbmc-regression/StringConcatenation01.yml	true	false	2.006593	0.9635522789994866	121.004032	false	1.793651	0.8761036059999583	118.579200
jbmc-regression/StringConcatenation02.yml	false	false	1.993013	0.9494955999998638	121.749504	false	1.79262	0.874270623999962	119.021568
jbmc-regression/StringConcatenation03.yml	false	false	2.041351	0.9759940740004822	121.602048	false	1.848264	0.8988457059999746	119.259136
jbmc-regression/StringConcatenation04.yml	false	false	2.042834	0.9560748080002668	121.028608	false	1.733717	0.8644526290000272	118.591488
jbmc-regression/StringConstructors01.yml	true	true	1.981547	0.9409591539997564	115.859456	true	1.79225	0.8648507180000138	115.974144
jbmc-regression/StringConstructors02.yml	false	false	2.022395	0.9751536110006782	119.468032	false	1.774613	0.8916780110000104	118.804480
jbmc-regression/StringConstructors03.yml	false	false	2.019086	0.9747919390001698	120.541184	false	1.762625	0.8887626810000029	118.456320
jbmc-regression/StringConstructors04.yml	false	false	1.960739	0.9375094530005299	121.282560	false	1.830126	0.8849918409999873	128.126976
jbmc-regression/StringConstructors05.yml	false	false	2.018504	0.9551401859998805	122.204160	false	1.901228	0.9203274939999915	119.971840
jbmc-regression/StringContains01.yml	false	false	1.927474	0.937267817999782	120.594432	false	1.78851	0.8778910610000139	118.599680
jbmc-regression/StringContains02.yml	false	false	1.965006	0.938799083000049	120.262656	false	1.830027	0.9030608120000352	118.947840
jbmc-regression/StringIndexMethods01.yml	true	true	1.96182	0.9167680969994763	114.958336	true	1.779305	0.8777320219999751	114.655232
jbmc-regression/StringIndexMethods02.yml	false	false	2.04845	0.9919051070000933	170.033152	false	1.877167	0.9627698170000372	177.852416
jbmc-regression/StringIndexMethods03.yml	false	false	1.993816	0.9858428040006402	169.431040	false	1.944952	0.9855208230000017	178.237440
jbmc-regression/StringIndexMethods04.yml	false	false	2.113318	1.0304399639999247	170.577920	false	1.937605	0.9772191530000214	178.323456
jbmc-regression/StringIndexMethods05.yml	false	false	2.086207	0.9959419739998339	169.316352	false	1.939095	0.9711311899999941	178.311168
jbmc-regression/StringMiscellaneous01.yml	true	true	2.032732	0.9511436250004408	116.293632	true	1.837258	0.8769402409999998	114.946048
jbmc-regression/StringMiscellaneous02.yml	false	false	2.122885	1.0223533750004208	169.361408	false	1.888425	0.9488999719999924	180.699136
jbmc-regression/StringMiscellaneous03.yml	false	false	2.122678	1.0356734570004846	171.130880	false	1.926218	0.9758387029999653	179.019776
jbmc-regression/StringMiscellaneous04.yml	true	true	2.009431	0.9583227340008307	114.446336	true	1.832522	0.9227828360000103	116.580352
jbmc-regression/StringStartEnd01.yml	true	true	2.020328	0.9629538919998595	115.486720	true	1.7283	0.8758770989999789	114.913280
jbmc-regression/StringStartEnd02.yml	false	false	2.010556	0.9569324040003266	121.163776	false	1.817234	0.8798581749999812	119.230464
jbmc-regression/StringStartEnd03.yml	false	false	2.036565	0.9648539820000224	121.233408	false	1.805059	0.8955757790000121	119.050240
jbmc-regression/StringValueOf01.yml	true	true	1.962194	0.9374715909998486	115.748864	true	1.764046	0.8813997169999084	115.802112
jbmc-regression/StringValueOf02.yml	false	false	2.034029	0.9607500479996816	116.068352	false	1.817897	0.8940821670000787	119.279616
jbmc-regression/StringValueOf03.yml	false	false	1.965286	0.9486189180006477	117.415936	false	1.877008	0.9310510139999906	117.649408
jbmc-regression/StringValueOf04.yml	false	false	2.017001	0.9566290820002905	120.737792	false	1.826097	0.9082674759999918	128.593920
jbmc-regression/StringValueOf05.yml	false	false	2.110046	1.0508599740005593	172.773376	false	1.98271	0.9767951840000251	182.784000
jbmc-regression/StringValueOf06.yml	false	false	1.975154	0.9475691900006495	120.913920	false	1.767248	0.8678469500000574	119.058432
jbmc-regression/StringValueOf07.yml	false	unknown	1.959655	0.9318763379997108	116.727808	unknown	1.803902	0.8931391219999796	116.334592
jbmc-regression/StringValueOf08.yml	false	unknown	1.952369	0.9392917309996847	121.085952	unknown	1.757155	0.871682652000004	119.005184
jbmc-regression/StringValueOf09.yml	false	unknown	2.013945	0.9696736839996447	120.160256	unknown	1.744633	0.878235109000002	117.686272
jbmc-regression/StringValueOf10.yml	false	false	1.95845	0.9411987249995946	120.176640	false	1.920856	0.9481248920000098	118.644736
jbmc-regression/SubString01.yml	true	true	1.923081	0.9226253540000471	114.188288	true	1.763385	0.8510529679999763	114.872320
jbmc-regression/SubString02.yml	false	false	1.955179	0.944074584000191	121.204736	false	1.841823	0.8852556079999658	121.942016
jbmc-regression/SubString03.yml	false	false	2.063093	0.9897147900001073	121.184256	false	1.785436	0.8851467219999449	119.128064
jbmc-regression/TokenTest01.yml	true	true	1.997898	0.9318428149999818	122.863616	true	1.760322	0.8408311230000436	115.601408
jbmc-regression/TokenTest02.yml	false	unknown	1.897068	0.9242071459993895	116.695040	unknown	1.776562	0.890295186000003	116.236288
jbmc-regression/Validate01.yml	true	true	1.989423	0.9252130909999323	114.929664	true	1.79904	0.859028655999964	114.642944
jbmc-regression/Validate02.yml	false	unknown	1.947154	0.9211365500004831	116.707328	unknown	1.848349	0.8969441060000918	116.740096
jbmc-regression/aastore_aaload1.yml	true	true	183.527352	183.26533456000016	208.306176	true	251.032648	251.44882047500005	217.145344
jbmc-regression/array1.yml	true	true	2.198198	1.0467286539997076	178.810880	true	2.157313	1.0411007469999731	191.201280
jbmc-regression/array2.yml	true	true	2.023695	0.9757823870004358	168.513536	true	1.963056	0.953596771999969	181.690368
jbmc-regression/arraylength1.yml	true	true	2.04942	0.9876293110000915	169.246720	true	1.878171	0.9352756619999809	177.258496
jbmc-regression/arrayread1.yml	true	true	2.165427	1.0379663610001444	173.137920	true	1.910626	0.9370027869999831	180.469760
jbmc-regression/assert1.yml	true	true	2.052317	0.9916660179997052	172.216320	true	1.940217	0.9616555640000115	178.020352
jbmc-regression/assert2.yml	false	false	2.131477	1.016026442999646	172.281856	false	1.946677	0.9759723740000936	180.899840
jbmc-regression/assert3.yml	false	false	2.062594	1.0079088760003287	171.683840	false	1.971984	0.9909200339999416	180.879360
jbmc-regression/assert4.yml	false	false	2.083211	0.9877148919995307	169.185280	false	1.959352	0.9739601409999068	177.455104
jbmc-regression/assert5.yml	true	true	2.005471	0.9722932739996395	169.066496	true	1.92148	0.9777805129999706	178.450432
jbmc-regression/assert6.yml	true	true	2.037382	0.9801436970001305	167.636992	true	1.918386	0.954552743000022	177.811456
jbmc-regression/astore_aload1.yml	true	true	2.059823	0.9742547349997039	114.651136	true	1.858107	0.8891611379999631	114.728960
jbmc-regression/athrow1.yml	false	false	1.871331	0.8944100280004932	115.118080	false	1.711577	0.8423019900000099	114.872320
jbmc-regression/basic1.yml	true	true	1.977671	0.9200701159998061	115.118080	true	1.781666	0.8913537600000154	115.068928
jbmc-regression/bitwise1.yml	true	unknown	2.107306	1.0114670700004353	166.703104	unknown	1.908095	0.955976263000025	173.690880
jbmc-regression/boolean1.yml	true	true	2.035365	0.9782703620003304	169.320448	true	1.968446	0.9848849370000607	177.381376
jbmc-regression/boolean2.yml	true	true	2.098762	1.0095763520002947	169.418752	true	1.953613	0.9580052850000129	182.693888
jbmc-regression/bug-test-gen-095.yml	false	false	2.030522	0.9734279750000496	120.152064	false	1.814777	0.9125246910000442	118.845440
jbmc-regression/bug-test-gen-119-2.yml	true	true	1.933	0.9357749280006828	114.663424	true	1.766788	0.8971852900000385	113.897472
jbmc-regression/bug-test-gen-119.yml	true	false	2.100779	1.008064018999903	172.531712	false	2.013424	0.9817247160000306	182.714368
jbmc-regression/calc.yml	true	true	47.69473	46.793665131000125	191.111168	true	48.365058	47.66713498699994	187.486208
jbmc-regression/cast1.yml	true	unknown	1.988226	0.9755242900000667	168.095744	unknown	1.920031	0.9637348649999922	177.795072
jbmc-regression/catch1.yml	true	true	1.853651	0.9077534759999253	114.081792	true	1.866911	0.894325729000002	115.179520
jbmc-regression/char1.yml	true	true	2.089551	1.012925813000038	174.231552	true	2.206061	1.1760401509999383	178.073600
jbmc-regression/charArray.yml	true	unknown	2.07589	0.9959331700001712	173.264896	unknown	2.238041	1.143850069999985	177.373184
jbmc-regression/classtest1.yml	true	true	1.883465	0.8998336519998702	115.953664	true	2.004516	1.0223602600000277	121.405440
jbmc-regression/const1.yml	true	true	1.853774	0.8795687540005019	117.276672	true	2.280003	1.1331035580000162	114.552832
jbmc-regression/constructor1.yml	true	true	1.85948	0.9060703800005285	122.023936	true	2.250368	1.110006273999943	114.720768
jbmc-regression/enum1.yml	true	true	1.918786	0.9533310340002572	115.007488	true	2.168819	1.0852726669999129	114.946048
jbmc-regression/exceptions1.yml	false	false	1.968451	0.9592118099999425	115.646464	false	2.107459	1.0625794640000095	114.622464
jbmc-regression/exceptions10.yml	false	false	1.913952	0.9154591859996799	114.876416	false	2.319804	1.1130216840000458	115.347456
jbmc-regression/exceptions11.yml	false	false	1.979935	0.9493230119996952	115.417088	false	2.31437	1.2002142930000446	115.138560
jbmc-regression/exceptions12.yml	false	false	1.927323	0.928945281999404	116.498432	false	2.241882	1.1340939630000548	115.892224
jbmc-regression/exceptions13.yml	false	false	1.94353	0.923980754000695	114.249728	false	2.110299	1.0508355839999695	122.458112
jbmc-regression/exceptions14.yml	true	true	1.956157	0.9321952840000449	115.085312	true	2.193546	1.1005594700000074	115.245056
jbmc-regression/exceptions15.yml	true	true	1.927805	0.9271060620003482	121.053184	true	2.016989	1.0257860520000577	113.598464
jbmc-regression/exceptions16.yml	false	false	1.945657	0.9356196349999664	116.670464	false	2.20348	1.0822342040000876	116.817920
jbmc-regression/exceptions18.yml	true	true	1.953956	0.9299536850003278	122.216448	true	2.093129	1.0577258009999468	115.068928
jbmc-regression/exceptions2.yml	false	false	1.950176	0.9259243910000805	122.458112	false	2.099372	1.0398364369999626	115.339264
jbmc-regression/exceptions3.yml	false	false	1.938654	0.9379433300000528	122.474496	false	1.998195	1.0028072909999537	114.892800
jbmc-regression/exceptions4.yml	true	true	1.922861	0.9239171949993761	115.527680	true	2.023031	0.9897272330000533	115.265536
jbmc-regression/exceptions5.yml	true	true	1.986904	0.9647839049994218	116.064256	true	1.976897	0.9774410320000015	115.224576
jbmc-regression/exceptions6.yml	false	false	1.941478	0.9425032439994538	114.475008	false	2.030319	1.0259640369999943	116.092928
jbmc-regression/exceptions7.yml	false	false	1.945921	0.9342213570007516	115.179520	false	1.838307	0.9178839139999582	115.658752
jbmc-regression/exceptions8.yml	false	false	1.881917	0.9206767599998784	115.310592	false	1.801737	0.9154507819999935	115.150848
jbmc-regression/exceptions9.yml	true	true	1.852696	0.9164160210002592	114.597888	true	1.867426	0.923968264999985	115.396608
jbmc-regression/fcmpx_dcmpx1.yml	true	true	1.888451	0.9158151969995743	116.609024	true	1.777286	0.8948565210000652	121.163776
jbmc-regression/iarith1.yml	true	true	1.888729	0.8998289720002504	114.704384	true	1.757598	0.8819647900000973	116.256768
jbmc-regression/iarith2.yml	true	true	1.971236	0.9457627139991018	114.462720	true	1.705973	0.8805039580000766	113.909760
jbmc-regression/if_acmp1.yml	true	true	1.956234	0.929862482000317	114.446336	true	1.796796	0.89403599700006	114.954240
jbmc-regression/if_expr1.yml	true	true	2.052658	0.9873794899995119	169.205760	true	1.92775	0.989745929000037	176.902144
jbmc-regression/if_icmp1.yml	true	true	2.091794	0.9924770280003941	168.611840	true	1.976248	0.9868304980000175	178.802688
jbmc-regression/ifxx1.yml	true	true	1.868347	0.8910384170003454	114.511872	true	1.760608	0.8827737340000112	114.634752
jbmc-regression/instanceof1.yml	true	true	1.825543	0.8817510320004658	114.229248	true	1.751627	0.865913847999991	114.147328
jbmc-regression/instanceof2.yml	true	true	1.871008	0.9037863599996854	114.434048	true	1.723471	0.8700590950001015	114.012160
jbmc-regression/instanceof3.yml	true	true	1.904364	0.9179499550000401	114.651136	true	1.75399	0.8895366319999312	113.627136
jbmc-regression/instanceof4.yml	true	true	1.861417	0.9202734390000842	116.699136	true	2.014815	0.9982706859999553	114.229248
jbmc-regression/instanceof5.yml	true	true	1.917752	0.9056191380004748	114.319360	true	1.868984	0.9431677279999349	113.790976
jbmc-regression/instanceof6.yml	true	true	1.896641	0.9138528740004404	117.030912	true	2.042549	1.0181600680000429	114.520064
jbmc-regression/instanceof7.yml	true	true	1.863507	0.9247677499997735	114.622464	true	1.94634	0.980977783999947	121.233408
jbmc-regression/instanceof8.yml	true	true	1.857315	0.8898735080001643	113.950720	true	2.155557	1.0583961139999474	114.204672
jbmc-regression/interface1.yml	false	false	1.910855	0.9130438480005978	114.995200	false	2.131996	1.0771275559999367	114.405376
jbmc-regression/java_append_char.yml	false	false	2.137653	1.0479887310002596	170.573824	false	2.264423	1.1800087060000806	178.880512
jbmc-regression/lazyloading4.yml	true	true	1.907635	0.9291364629998498	114.192384	true	2.059219	1.054518800999972	115.216384
jbmc-regression/list1.yml	true	true	37.227861	16.5346997380002	611.356672	true	58.94023	35.12583776400004	706.543616
jbmc-regression/long1.yml	true	true	1.908074	0.9117203209998479	114.884608	true	1.713741	0.8744641270000102	114.397184
jbmc-regression/lookupswitch1.yml	true	true	2.268036	1.060292918000414	175.177728	true	2.057223	1.0610721880000256	181.460992
jbmc-regression/multinewarray.yml	true	true	1.927859	0.9267408019995855	114.384896	true	1.827397	0.8880906969999387	114.421760
jbmc-regression/overloading1.yml	true	true	1.959628	0.9530398650003917	114.212864	true	1.748031	0.8879506629999696	113.983488
jbmc-regression/package1.yml	true	true	1.849938	0.886943990999498	114.495488	true	1.734381	0.8796549769999729	115.093504
jbmc-regression/putfield_getfield1.yml	true	true	1.96429	0.9383460999997624	114.032640	true	1.796095	0.8986043969999855	117.972992
jbmc-regression/putstatic_getstatic1.yml	true	true	1.916543	0.9120578480005861	116.490240	true	1.989859	0.9894766209999943	114.761728
jbmc-regression/recursion2.yml	true	true	1.886608	0.9050628380000489	114.671616	true	1.997467	1.0086219110000911	113.942528
jbmc-regression/return1.yml	false	false	1.90669	0.9204907089997505	114.548736	false	2.037307	1.0165238949999775	114.933760
jbmc-regression/return2.yml	false	false	2.002943	0.9734180059995197	169.345024	false	2.102787	1.0686377570000332	176.631808
jbmc-regression/store_load1.yml	true	true	1.983302	0.9392404170002919	114.335744	true	2.004708	1.0476397530001123	117.727232
jbmc-regression/swap1.yml	true	true	1.880377	0.8958634700002222	115.671040	true	1.820027	0.9218065090000209	116.158464
jbmc-regression/synchronized.yml	true	true	1.879167	0.9159173899997768	115.159040	true	1.863432	0.9410602130000143	114.626560
jbmc-regression/tableswitch1.yml	true	true	2.184372	1.0300248769999598	173.932544	true	2.342943	1.1832525720000149	182.788096
jbmc-regression/uninitialised1.yml	true	true	1.875889	0.8910037610003201	114.569216	true	2.083949	1.048968858999956	114.122752
jbmc-regression/virtual1.yml	true	true	1.926546	0.9135942160000923	114.634752	true	2.047764	1.0299010560000852	114.597888
jbmc-regression/virtual2.yml	false	false	1.895106	0.9135690289995182	115.224576	false	1.984166	1.029704924999919	115.281920
jbmc-regression/virtual4.yml	true	true	1.969074	0.9348402350005927	114.425856	true	2.057915	1.0225043249999999	114.028544
jbmc-regression/virtual_function_unwinding.yml	true	true	1.867966	0.8990213600000061	117.096448	true	2.166074	1.0867395089999263	121.298944
jpf-regression/ExDarko_false.yml	false	false	2.235185	1.0517807670003094	176.050176	false	2.139977	1.058100061999994	183.156736
jpf-regression/ExDarko_true.yml	true	true	2.147309	1.0476325400004498	172.752896	true	2.315649	1.1598172110000178	181.153792
jpf-regression/ExException_false.yml	false	false	2.092518	1.0152717090004444	170.094592	false	2.277758	1.1692823829999952	177.352704
jpf-regression/ExException_true.yml	true	true	1.969471	0.9706007600007069	169.603072	true	2.235374	1.1372801940000272	177.172480
jpf-regression/ExGenSymExe_false.yml	false	false	1.904522	0.9059939460003079	115.642368	false	1.998454	1.0031108869999343	114.831360
jpf-regression/ExGenSymExe_true.yml	true	true	1.917419	0.9205365750003693	115.331072	true	2.106335	1.0511912709999933	124.084224
jpf-regression/ExLazy_false.yml	false	false	2.077228	0.988675775000047	168.505344	false	2.133263	1.0989256930000693	178.286592
jpf-regression/ExLazy_true.yml	true	true	2.011166	0.9911085559997446	169.074688	true	2.194985	1.114588855000079	177.393664
jpf-regression/ExMIT_false.yml	false	false	2.07296	0.9912322290001612	168.034304	false	2.277493	1.1645537939999713	175.865856
jpf-regression/ExMIT_true.yml	true	true	2.059736	1.0036402719997568	168.652800	true	2.170917	1.11187513699997	177.430528
jpf-regression/ExSymExe10_false.yml	false	false	2.173905	1.0370226499999262	175.263744	false	2.30823	1.177193093000028	177.975296
jpf-regression/ExSymExe10_true.yml	true	true	2.101329	1.011434447999818	167.796736	true	2.22057	1.1346085339999945	177.242112
jpf-regression/ExSymExe11_false.yml	false	false	1.92818	0.9212359249995643	116.178944	false	2.221061	1.1152550909999945	116.719616
jpf-regression/ExSymExe11_true.yml	true	true	2.122056	0.998537574000693	169.635840	true	2.262354	1.155037966000009	177.692672
jpf-regression/ExSymExe12_false.yml	false	false	2.100195	1.006409376999727	168.542208	false	2.201149	1.0976923169999964	177.971200
jpf-regression/ExSymExe12_true.yml	true	true	2.142151	1.0351304389996585	175.054848	true	2.238646	1.1343897560000187	168.996864
jpf-regression/ExSymExe13_false.yml	false	false	2.147633	1.0397716870002114	172.916736	false	2.091037	1.030722093999998	183.631872
jpf-regression/ExSymExe13_true.yml	true	true	2.177851	1.0291588119998778	169.422848	true	2.121656	1.0895432700000356	178.368512
jpf-regression/ExSymExe14_false.yml	false	false	2.132555	1.0134230710000338	170.418176	false	2.2613	1.1719371089999413	179.023872
jpf-regression/ExSymExe14_true.yml	true	true	2.189237	1.0292881959994702	169.291776	true	2.085865	1.0428076289999808	180.756480
jpf-regression/ExSymExe15_false.yml	false	false	2.15984	1.0111330299996553	169.431040	false	2.459502	1.21969383499993	180.998144
jpf-regression/ExSymExe15_true.yml	true	true	2.10866	0.9996194349996586	167.596032	true	2.378269	1.1769996430000447	178.393088
jpf-regression/ExSymExe16_false.yml	false	false	1.922766	0.9347037469997304	114.528256	false	2.09072	1.0604856070000324	114.847744
jpf-regression/ExSymExe16_true.yml	true	true	1.938687	0.9364993350000077	114.667520	true	1.868928	0.9508489680000594	121.634816
jpf-regression/ExSymExe17_false.yml	false	false	1.883449	0.9047705670000141	114.323456	false	2.053193	1.019369089999941	115.040256
jpf-regression/ExSymExe17_true.yml	true	true	1.927143	0.9160357729997486	116.178944	true	1.826204	0.9073294500000202	114.696192
jpf-regression/ExSymExe18_false.yml	false	false	2.088381	0.9811559869995108	166.772736	false	1.984909	0.9927433429999155	173.842432
jpf-regression/ExSymExe18_true.yml	true	true	1.901914	0.8995734910004103	114.434048	true	2.133846	1.064790333000019	115.212288
jpf-regression/ExSymExe19_false.yml	false	false	2.086097	1.0063819749993854	170.041344	false	2.395232	1.1840296169999647	182.444032
jpf-regression/ExSymExe19_true.yml	true	true	2.068968	0.9882868120002968	169.316352	true	2.502819	1.2673985930000526	178.208768
jpf-regression/ExSymExe1_false.yml	false	false	2.144612	1.00918003499919	169.975808	false	2.246882	1.158285980999949	180.072448
jpf-regression/ExSymExe1_true.yml	true	true	2.005	0.955891765999695	114.782208	true	1.79288	0.9071281010000121	115.216384
jpf-regression/ExSymExe20_false.yml	false	false	2.143762	1.0204801460004091	171.012096	false	2.277538	1.0994903039999144	179.146752
jpf-regression/ExSymExe20_true.yml	true	true	1.8817	0.9027286040000035	113.618944	true	2.066856	1.009669813999949	115.351552
jpf-regression/ExSymExe21_false.yml	false	false	2.143609	1.0457445669999288	172.199936	false	2.404749	1.2107451739999533	179.625984
jpf-regression/ExSymExe21_true.yml	true	true	1.910147	0.9200474329991266	114.229248	true	2.200313	1.0880213710000817	114.434048
jpf-regression/ExSymExe25_false.yml	false	false	2.11983	1.0236158529996828	169.254912	false	2.14523	1.0806448539999565	178.417664
jpf-regression/ExSymExe25_true.yml	true	true	1.959697	0.9272845089999464	117.211136	true	2.00763	1.0208630470000344	115.486720
jpf-regression/ExSymExe26_false.yml	false	false	2.153036	1.0448407019994193	174.837760	false	2.089975	1.0322355069999958	179.093504
jpf-regression/ExSymExe26_true.yml	true	true	1.934973	0.9138303119998454	114.745344	true	1.870063	0.9284174680000206	114.540544
jpf-regression/ExSymExe27_false.yml	false	false	2.145543	1.0263374790001762	174.518272	false	2.040683	1.0418044880000252	176.734208
jpf-regression/ExSymExe27_true.yml	true	true	1.971505	0.9446969030004766	118.394880	true	1.850781	0.9301376109999637	119.996416
jpf-regression/ExSymExe28_false.yml	false	false	2.114831	0.9941781580000679	173.924352	false	1.991783	1.0038687869999876	179.490816
jpf-regression/ExSymExe28_true.yml	true	true	1.908386	0.8997233440004493	114.724864	true	1.818003	0.9355230239998491	114.487296
jpf-regression/ExSymExe29_false.yml	false	false	2.01955	0.9984918469999684	170.598400	false	2.096184	1.0908380019998276	179.552256
jpf-regression/ExSymExe29_true.yml	true	true	1.899014	0.9071161430001666	114.941952	true	2.005812	0.9960485029998836	117.039104
jpf-regression/ExSymExe2_false.yml	false	false	2.187921	1.0378688569999213	173.322240	false	2.310946	1.160769072999983	180.256768
jpf-regression/ExSymExe2_true.yml	true	true	1.871788	0.8974566260003485	114.266112	true	2.079334	1.0255954980000297	115.187712
jpf-regression/ExSymExe3_false.yml	false	false	2.088998	1.0012425670001903	170.524672	false	2.210461	1.1334242890000041	178.401280
jpf-regression/ExSymExe3_true.yml	true	true	1.92501	0.9180358860003253	115.073024	true	2.02204	1.0543796959998417	114.532352
jpf-regression/ExSymExe4_false.yml	false	false	2.19688	1.0602821279999262	172.638208	false	2.537841	1.2769299530000353	178.540544
jpf-regression/ExSymExe4_true.yml	true	true	1.894908	0.9215525420004269	114.651136	true	1.951968	0.9871375640000224	114.634752
jpf-regression/ExSymExe5_false.yml	false	false	2.135728	1.0238226129995383	170.688512	false	2.154046	1.130156898999985	177.848320
jpf-regression/ExSymExe5_true.yml	true	true	1.982298	0.9299342880003678	117.424128	true	1.93226	0.9888205250001647	114.507776
jpf-regression/ExSymExe6_false.yml	false	false	2.106095	0.9989145949994054	168.321024	false	2.109867	1.0860902599999918	166.723584
jpf-regression/ExSymExe6_true.yml	true	true	1.925556	0.9179903309996007	114.352128	true	1.901734	0.9796152110000094	113.901568
jpf-regression/ExSymExe7_false.yml	false	false	2.17364	1.046255841999482	172.732416	false	2.291898	1.1549620749999576	182.902784
jpf-regression/ExSymExe7_true.yml	true	true	2.047656	1.0056110599998647	173.817856	true	2.155323	1.0750810839999758	178.434048
jpf-regression/ExSymExe8_false.yml	false	false	2.173605	1.0495414819997677	172.388352	false	2.144442	1.130184250999946	179.011584
jpf-regression/ExSymExe8_true.yml	true	true	1.932942	0.9234208580000995	115.060736	true	1.897735	0.9885579310000594	115.290112
jpf-regression/ExSymExe9_false.yml	false	false	1.890958	0.9172736189993884	114.532352	false	1.94421	1.0045128819999718	115.089408
jpf-regression/ExSymExe9_true.yml	true	true	1.919264	0.9190973900003883	115.253248	true	2.155306	1.0836298009999155	114.274304
jpf-regression/ExSymExeArrays_false.yml	false	false	1.927317	0.9322702549998212	115.015680	false	1.925031	0.9908718030001182	115.494912
jpf-regression/ExSymExeArrays_true.yml	true	true	1.916435	0.932219119000365	115.138560	true	1.922795	0.9732235510000464	114.774016
jpf-regression/ExSymExeBool_false.yml	false	false	1.903059	0.9072399859996949	114.790400	false	1.921367	0.9527960390000771	114.946048
jpf-regression/ExSymExeBool_true.yml	true	true	1.923817	0.9248485809994236	114.118656	true	1.99921	0.9973198699999557	116.953088
jpf-regression/ExSymExeComplexMath_false.yml	false	false	2.050129	0.9559406589996797	115.298304	false	1.935407	0.981559407000077	115.441664
jpf-regression/ExSymExeComplexMath_true.yml	true	true	2.027206	0.9689284649994079	114.900992	true	2.058369	1.0196195519999947	112.922624
jpf-regression/ExSymExeD2I_false.yml	false	false	1.983287	0.9403068089995941	122.138624	false	1.923788	0.9949414259999685	118.439936
jpf-regression/ExSymExeD2I_true.yml	true	true	2.085372	1.0010841690000234	166.973440	unknown	2.103439	1.0564238699998896	173.867008
jpf-regression/ExSymExeD2L_false.yml	false	unknown	2.171768	1.029761900000267	167.616512	unknown	2.146782	1.0631742460000169	172.695552
jpf-regression/ExSymExeD2L_true.yml	true	true	2.153983	1.036245854000299	171.327488	unknown	2.196954	1.10285837299989	180.404224
jpf-regression/ExSymExeF2I_false.yml	false	false	1.907716	0.9272084149997681	115.064832	false	1.905396	0.9423368499999469	115.089408
jpf-regression/ExSymExeF2I_true.yml	true	true	2.103864	1.0113531650004006	167.260160	unknown	2.122609	1.0992795160000242	174.751744
jpf-regression/ExSymExeF2L_false.yml	false	true	2.056224	0.9893218650004201	167.714816	unknown	2.089112	1.0663741189998746	174.546944
jpf-regression/ExSymExeF2L_true.yml	true	true	2.067232	0.9966055580007378	166.350848	unknown	2.093229	1.0763003229999413	174.190592
jpf-regression/ExSymExeFNEG_false.yml	false	true	2.043794	0.9829527870006132	167.354368	unknown	1.911122	1.0141034619998663	174.673920
jpf-regression/ExSymExeFNEG_true.yml	true	true	2.077999	0.9807298830000946	166.473728	unknown	2.09699	1.052356692000103	173.797376
jpf-regression/ExSymExeGetStatic_false.yml	false	false	1.884182	0.9148580709997987	115.359744	false	1.910203	0.940837393000038	115.908608
jpf-regression/ExSymExeGetStatic_true.yml	true	true	1.976546	0.943055796000408	121.180160	true	1.748736	0.9032688839999992	112.328704
jpf-regression/ExSymExeI2D_false.yml	false	unknown	2.074497	1.0035598299991761	169.095168	unknown	2.017653	1.0221000989999993	177.926144
jpf-regression/ExSymExeI2D_true.yml	true	unknown	2.073224	1.0038183070000741	168.218624	unknown	2.401006	1.211331249000068	179.015680
jpf-regression/ExSymExeI2F_false.yml	false	false	1.987822	0.9515884359998381	115.159040	false	1.815931	0.9644696079999449	118.435840
jpf-regression/ExSymExeI2F_true.yml	true	true	2.142396	1.0419927980001376	171.057152	true	2.064593	1.0451687099998708	177.668096
jpf-regression/ExSymExeLCMP_false.yml	false	false	2.16433	1.028034160000061	169.701376	unknown	1.946293	0.9818109110001387	175.783936
jpf-regression/ExSymExeLCMP_true.yml	true	true	2.061075	0.9771378249997724	167.792640	true	1.932952	0.9683728449999762	178.470912
jpf-regression/ExSymExeLongBytecodes_false.yml	false	false	2.145753	1.0261767060001148	168.763392	unknown	1.963776	0.9702024749999509	177.197056
jpf-regression/ExSymExeLongBytecodes_true.yml	true	true	2.22324	1.0563793230003284	171.765760	true	2.17231	1.0321640219999608	183.365632
jpf-regression/ExSymExeResearch_false.yml	false	false	2.174925	1.022983629999544	170.266624	false	2.0322	0.9919135580000784	181.841920
jpf-regression/ExSymExeResearch_true.yml	true	true	2.175221	1.0525392580002517	171.806720	true	2.05183	1.002241720000029	178.954240
jpf-regression/ExSymExeSimple_false.yml	false	false	2.181944	1.0358255319997625	170.164224	false	2.0028	0.9980433239998092	177.790976
jpf-regression/ExSymExeSimple_true.yml	true	true	2.116818	1.028815764000683	171.442176	true	1.922404	0.9678785439998592	177.819648
jpf-regression/ExSymExeSuzette_false.yml	false	false	2.140658	1.0329821060004178	172.023808	false	2.035111	0.9953923770001438	179.458048
jpf-regression/ExSymExeSuzette_true.yml	true	true	2.144931	1.011617514000136	173.355008	true	1.902503	0.9786584780001704	177.246208
jpf-regression/ExSymExeSwitch_false.yml	false	false	2.166609	1.0422056900006282	171.266048	false	2.035997	1.0152048590000504	178.876416
jpf-regression/ExSymExeSwitch_true.yml	true	true	2.118669	1.0031901820002531	169.558016	true	1.954179	0.9729591020000043	178.302976
jpf-regression/ExSymExeTestAssignments_false.yml	false	false	2.104006	1.0100955520001662	171.888640	false	2.12509	1.0436308910000207	182.108160
jpf-regression/ExSymExeTestAssignments_true.yml	true	true	2.115832	1.0158985009993557	168.714240	true	2.084407	1.089456987000176	168.771584
jpf-regression/ExSymExeTestClassFields_false.yml	false	false	2.006572	0.9904028749997451	172.572672	false	2.102602	1.0871302209998248	178.376704
jpf-regression/ExSymExeTestClassFields_true.yml	true	true	2.029323	0.9798594710000543	172.175360	true	2.136468	1.0992934719999994	180.817920
jpf-regression/ExSymExe_false.yml	false	false	2.081954	0.9742193990005035	115.625984	false	1.941685	0.9347840909999832	115.617792
jpf-regression/ExSymExe_true.yml	true	true	2.073519	0.9577412460002961	115.417088	true	1.966178	0.9510605369998757	122.208256
jpf-regression/TestLazy_false.yml	false	false	2.109365	1.0237340160001622	174.133248	false	2.257894	1.139812794000136	177.426432
jpf-regression/TestLazy_true.yml	true	true	2.066703	0.9901880190000156	167.903232	true	2.140429	1.1041734529999303	177.537024
java-ranger-regression/LoopCharAt.yml	false	true	2.918369	1.3024851539994415	215.277568	true	5.35559	3.1405341100000896	228.630528
java-ranger-regression/TCAS_prop1.yml	false	false	2.960005	1.3124653149998267	206.118912	false	6.628669	4.307471511999893	236.093440
java-ranger-regression/TCAS_prop2.yml	true	true	5.357398	2.3362133680002444	250.335232	true	23.640721	20.803023123999992	297.181184
java-ranger-regression/TCAS_prop3.yml	true	true	5.354652	2.3020073050001884	248.102912	true	23.984377	20.93048742200017	292.667392
java-ranger-regression/apachecli_eqchk.yml	true	true	30.973823	12.87047990100018	563.765248	true	122.097435	99.83246130500015	509.378560
java-ranger-regression/schedule_eqchk.yml	true	true	7.087519	2.5983822569996846	314.552320	true	12.825767	8.857647453000027	280.461312
java-ranger-regression/WBS/WBS_prop1.yml	false	false	2.352946	1.0876417009994839	173.875200	false	2.338055	1.1460275310000725	182.312960
java-ranger-regression/WBS/WBS_prop2.yml	true	true	5.302299	2.2172535050003717	236.490752	true	13.526426	10.55799140299996	285.446144
java-ranger-regression/WBS/WBS_prop3.yml	false	false	2.282347	1.0786415800002942	173.395968	false	2.258525	1.110054595000065	183.603200
java-ranger-regression/WBS/WBS_prop4.yml	false	false	5.174507	2.2776443960001416	234.250240	false	16.340949	13.165245508999988	287.526912
java-ranger-regression/alarm/Alarm_prop1.yml	true	true	3.086905	1.2654646310002136	181.927936	true	2.945673	1.3372426910000286	190.169088
java-ranger-regression/alarm/Alarm_prop10.yml	true	true	3.126993	1.2976318270002594	183.484416	true	2.977906	1.3420530470000358	191.156224
java-ranger-regression/alarm/Alarm_prop2.yml	true	true	3.143812	1.3006264770001508	183.099392	true	3.020724	1.3734910160001164	196.370432
java-ranger-regression/alarm/Alarm_prop3.yml	true	true	3.108043	1.2979143490001661	183.312384	true	2.962495	1.360465331999876	190.459904
java-ranger-regression/alarm/Alarm_prop4.yml	true	true	3.127564	1.29240028500044	183.103488	true	3.023976	1.3670748260001346	191.139840
java-ranger-regression/alarm/Alarm_prop5.yml	true	true	3.105479	1.2902178670001376	180.678656	true	3.05851	1.3719556650000868	192.278528
java-ranger-regression/alarm/Alarm_prop6.yml	true	true	3.108407	1.2989398439995057	182.411264	true	3.108017	1.3662018820000412	190.099456
java-ranger-regression/alarm/Alarm_prop8.yml	true	true	3.057313	1.2551008259997616	183.599104	true	3.07084	1.4105993690000105	192.184320
java-ranger-regression/alarm/Alarm_prop9.yml	true	true	3.055378	1.2710402920001798	182.423552	true	2.921856	1.408866696999894	175.804416
java-ranger-regression/infusion/Infusion_prop1.yml	true	true	2.717016	1.1826298420000967	180.387840	true	2.709962	1.2677696140001444	190.185472
java-ranger-regression/infusion/Infusion_prop10.yml	true	true	2.758845	1.2008494900001097	180.903936	true	2.673928	1.2671883000000435	189.206528
java-ranger-regression/infusion/Infusion_prop11.yml	true	true	2.754718	1.1892042179997588	181.444608	true	2.709645	1.2870627970000896	190.005248
java-ranger-regression/infusion/Infusion_prop12.yml	true	true	2.757675	1.1900355560001117	180.604928	true	2.718136	1.2857344859999102	188.919808
java-ranger-regression/infusion/Infusion_prop13.yml	true	true	2.697479	1.182138225000017	181.350400	true	2.682498	1.2711979390001034	190.242816
java-ranger-regression/infusion/Infusion_prop2.yml	true	true	2.702346	1.1806770980001602	182.304768	true	2.862352	1.3060582999999042	189.198336
java-ranger-regression/infusion/Infusion_prop3.yml	true	true	2.765948	1.182059787000071	179.392512	true	2.690614	1.2754107210000711	188.702720
java-ranger-regression/infusion/Infusion_prop4.yml	true	true	2.735001	1.1869349150001653	179.015680	true	2.688474	1.251747579000039	186.421248
java-ranger-regression/infusion/Infusion_prop5.yml	true	true	2.697966	1.2022399240004233	179.019776	true	2.896833	1.3114473660000385	189.317120
java-ranger-regression/infusion/Infusion_prop6.yml	true	true	2.718143	1.1762302870001804	180.297728	true	2.973796	1.363711684000009	189.943808
java-ranger-regression/infusion/Infusion_prop7.yml	true	true	2.872269	1.1956059569993158	179.335168	true	2.78593	1.3111327330000222	189.345792
java-ranger-regression/infusion/Infusion_prop8.yml	true	true	2.758096	1.1917442999993	180.379648	true	2.713906	1.2659462920000806	189.050880
java-ranger-regression/infusion/Infusion_prop9.yml	true	true	2.718702	1.1804963469994618	179.404800	true	2.708309	1.2674672349999128	186.507264
java-ranger-regression/siena_eqchk/siena_prop1.yml	true	unknown	7.065287	2.5321214719997442	305.963008	unknown	12.448459	7.951831957999957	269.217792
java-ranger-regression/siena_eqchk/siena_prop2.yml	false	false	6.207263	2.2218802259994845	277.118976	false	8.884004	5.1169509499998185	326.447104
java-ranger-regression/replace5_eqchk/replace5_prop1.yml	true	true	9.655477	3.94079640200016	454.791168	true	32.024465	20.722425507000025	500.580352
java-ranger-regression/replace5_eqchk/replace5_prop2.yml	false	false	2.804355	1.2354633920003835	176.713728	false	2.664405	1.2032827349999025	183.947264
java-ranger-regression/nanoxml_eqchk/nanoxml_prop1.yml	true	unknown	3.281087	1.3557441170005404	177.815552	unknown	2.97832	1.2781374740000047	184.233984
java-ranger-regression/nanoxml_eqchk/nanoxml_prop2.yml	false	unknown	3.177855	1.3311556009994092	177.881088	unknown	3.109542	1.2966394370000671	179.388416
java-ranger-regression/nanoxml_eqchk/nanoxml_prop3.yml	false	unknown	3.30825	1.3594853960003093	177.692672	unknown	3.014066	1.2830996860000141	185.425920
java-ranger-regression/printtokens_eqchk/printtokens_prop1.yml	true	unknown	2.377155	1.1256498279999505	176.672768	unknown	2.584686	1.1840815350001321	180.576256
java-ranger-regression/printtokens_eqchk/printtokens_prop2.yml	false	false	2.512069	1.1193550710004274	175.423488	false	2.555986	1.2485596779999923	184.958976
MinePump/spec1-5_product1.yml	false	false	2.42771	1.097896951999246	173.490176	false	2.884549	1.3992694780001784	189.706240
MinePump/spec1-5_product10.yml	false	false	2.420623	1.119053632000032	174.387200	false	2.751674	1.334873289999905	192.147456
MinePump/spec1-5_product11.yml	false	false	3.575993	1.4925764220006386	217.710592	false	6.453443	3.9836997840000095	243.572736
MinePump/spec1-5_product12.yml	false	false	2.594047	1.1470499070001097	182.513664	false	2.784433	1.3608656819999396	199.475200
MinePump/spec1-5_product13.yml	false	false	2.341808	1.0961594340005831	176.762880	false	2.419758	1.1523207870000078	186.933248
MinePump/spec1-5_product14.yml	false	false	2.396267	1.0798172780005189	173.236224	false	2.448299	1.1431419520001782	193.748992
MinePump/spec1-5_product15.yml	false	false	3.67454	1.5204775880001762	227.041280	false	6.108662	3.8817266949999976	242.253824
MinePump/spec1-5_product16.yml	false	false	2.560941	1.139314893000119	181.153792	false	2.772199	1.3689272579999852	196.341760
MinePump/spec1-5_product17.yml	false	false	2.455423	1.120540878000611	173.826048	false	2.479322	1.1691076770000564	188.289024
MinePump/spec1-5_product18.yml	false	false	2.486511	1.1164758580007401	174.055424	false	2.415219	1.1321879029999309	194.424832
MinePump/spec1-5_product19.yml	false	false	3.602912	1.5079048850002437	220.000256	false	6.426663	3.9001554650001253	242.688000
MinePump/spec1-5_product2.yml	false	false	2.436913	1.1042297309995774	173.645824	false	2.426306	1.1510298599998805	189.607936
MinePump/spec1-5_product20.yml	false	false	2.696548	1.1726367960000061	185.372672	false	2.777092	1.3590093619998243	192.798720
MinePump/spec1-5_product21.yml	false	false	2.470038	1.1205028269996546	174.010368	false	2.407554	1.134641338999927	192.720896
MinePump/spec1-5_product22.yml	false	false	2.449701	1.1169648909999523	173.162496	false	2.470415	1.1780573849998746	188.858368
MinePump/spec1-5_product23.yml	false	false	3.593274	1.4802129139998215	218.947584	false	6.136674	3.8791510630001085	241.852416
MinePump/spec1-5_product24.yml	false	false	2.624194	1.1590561819994036	180.228096	false	2.773105	1.3611450180001157	194.011136
MinePump/spec1-5_product25.yml	false	false	2.461135	1.1163104460001705	177.082368	false	2.502763	1.1705618080000022	183.521280
MinePump/spec1-5_product26.yml	false	false	2.468282	1.1360655309999856	175.517696	false	2.394653	1.1429377130000375	182.648832
MinePump/spec1-5_product27.yml	false	false	3.563159	1.4960028470004545	215.785472	false	6.036385	3.8232115529999646	232.833024
MinePump/spec1-5_product28.yml	false	false	2.670335	1.169280233999416	180.445184	false	2.794898	1.3866683510000257	188.751872
MinePump/spec1-5_product29.yml	false	false	2.418043	1.1005858259995875	173.608960	false	2.451494	1.1578176939999594	184.897536
MinePump/spec1-5_product3.yml	false	false	3.647341	1.4983139380001376	227.434496	false	6.126284	3.8394652429999496	240.640000
MinePump/spec1-5_product30.yml	false	false	2.435731	1.1144290060001367	174.469120	false	2.928447	1.3624521550000281	190.193664
MinePump/spec1-5_product31.yml	false	false	3.572984	1.5009283310000683	218.984448	false	6.883771	4.445961514999908	242.847744
MinePump/spec1-5_product32.yml	false	false	2.590811	1.148107582999728	182.321152	false	3.094579	1.4923456859999078	195.727360
MinePump/spec1-5_product33.yml	false	false	2.370193	1.1148117180000554	173.195264	false	2.499366	1.218783736999967	179.138560
MinePump/spec1-5_product34.yml	false	false	2.412754	1.1096456710001803	173.719552	false	2.461482	1.1737094620000335	180.318208
MinePump/spec1-5_product35.yml	false	false	3.554636	1.474570336999932	222.674944	false	6.216991	3.80886830999998	244.912128
MinePump/spec1-5_product36.yml	false	false	2.537631	1.1240361739992295	181.301248	false	2.811861	1.411984007000001	187.158528
MinePump/spec1-5_product37.yml	false	false	2.351262	1.0991669579998415	172.810240	false	2.341288	1.1411336740000024	179.429376
MinePump/spec1-5_product38.yml	false	false	2.4502	1.1181604169996717	173.465600	false	2.334745	1.125914524000109	179.286016
MinePump/spec1-5_product39.yml	false	false	3.547051	1.4818001679996087	216.248320	false	6.391377	3.782292702999939	241.938432
MinePump/spec1-5_product4.yml	false	false	2.565201	1.1427850300005957	178.253824	false	2.820785	1.3833559090001017	196.161536
MinePump/spec1-5_product40.yml	false	false	2.565898	1.1342449660005514	185.626624	false	3.143088	1.5126292889999604	196.497408
MinePump/spec1-5_product41.yml	false	false	2.518527	1.1218344190001517	178.319360	false	2.983241	1.4235481400000936	196.575232
MinePump/spec1-5_product42.yml	false	false	2.527586	1.1448890309993658	174.456832	false	2.669712	1.2660208479999255	193.830912
MinePump/spec1-5_product43.yml	false	false	3.528115	1.4782889629996134	218.636288	false	7.249778	4.591942667000012	244.621312
MinePump/spec1-5_product44.yml	false	false	2.683713	1.1514908170001945	188.940288	false	3.240963	1.6455419559999882	196.485120
MinePump/spec1-5_product45.yml	false	false	2.514594	1.1264725510000062	175.697920	false	3.065037	1.459735935000026	197.369856
MinePump/spec1-5_product46.yml	false	false	2.566136	1.1355637750002643	177.098752	false	3.125555	1.5100456010000016	185.708544
MinePump/spec1-5_product47.yml	false	false	3.657301	1.5094230790000438	223.805440	false	7.302234	4.576962511999909	240.750592
MinePump/spec1-5_product48.yml	false	false	2.588154	1.1510669070003132	184.127488	false	3.185359	1.5114962150000792	192.974848
MinePump/spec1-5_product49.yml	false	false	2.366693	1.1048122199999852	173.326336	false	2.27302	1.09760699200001	183.459840
MinePump/spec1-5_product5.yml	false	false	2.463739	1.1129661850000048	173.342720	false	2.535602	1.1957857340000828	184.115200
MinePump/spec1-5_product50.yml	false	false	2.377913	1.106559737999305	172.449792	false	2.52876	1.1890387649998502	180.654080
MinePump/spec1-5_product51.yml	false	false	3.536184	1.4943874190003044	226.918400	false	5.83898	3.6229262770000332	238.374912
MinePump/spec1-5_product52.yml	false	false	2.547135	1.131814889999987	185.143296	false	2.924579	1.421999383999946	195.923968
MinePump/spec1-5_product53.yml	false	false	2.419147	1.0992924250003853	172.838912	false	2.381249	1.14417459099991	179.077120
MinePump/spec1-5_product54.yml	false	false	2.424502	1.097955813000226	172.920832	false	2.555515	1.1986661920000188	183.066624
MinePump/spec1-5_product55.yml	false	false	3.572383	1.484998844999609	223.051776	false	6.12238	3.7393883370000367	243.679232
MinePump/spec1-5_product56.yml	false	false	2.667279	1.1640700119996836	189.390848	false	3.153926	1.5095015509998575	187.215872
MinePump/spec1-5_product57.yml	true	true	9.88785	4.011781381999754	448.811008	true	31.7872	27.215808970000126	307.941376
MinePump/spec1-5_product58.yml	true	true	9.982121	4.213032968000334	451.510272	true	32.503044	27.566271612000037	312.217600
MinePump/spec1-5_product59.yml	true	true	9.428966	3.609590408999793	334.114816	true	31.90819	26.702844514999924	352.055296
MinePump/spec1-5_product6.yml	false	false	2.449788	1.114721328000087	173.490176	false	2.515425	1.1575528580001446	193.306624
MinePump/spec1-5_product60.yml	true	true	9.749446	4.389952161999645	425.029632	true	30.313159	26.001461239000037	327.639040
MinePump/spec1-5_product61.yml	true	true	8.050006	3.8725703689997317	437.915648	true	30.611847	26.261900835000006	313.798656
MinePump/spec1-5_product62.yml	true	true	7.966415	3.9021011790000557	442.908672	true	31.619416	27.331204168999875	308.543488
MinePump/spec1-5_product63.yml	true	true	8.914753	3.4349798700004612	353.607680	true	30.972754	26.027389526000206	350.736384
MinePump/spec1-5_product64.yml	true	true	8.877569	4.352920467999866	425.717760	true	30.760136	25.986986635999983	322.613248
MinePump/spec1-5_product7.yml	false	false	3.617843	1.494702523000342	227.127296	false	6.11122	3.8442888279998897	243.912704
MinePump/spec1-5_product8.yml	false	false	2.556042	1.1275649019999037	182.951936	false	2.827258	1.3901143860000502	197.099520
MinePump/spec1-5_product9.yml	false	false	2.409941	1.1125705089998519	173.252608	false	2.422179	1.1619359440001062	191.729664
algorithms/BellmanFord-FunSat01.yml	true	true	2.451325	1.0962819149999632	183.341056	true	2.386653	1.225407622000148	187.252736
algorithms/BellmanFord-FunSat02.yml	false	unknown	2.12553	1.007247758999256	167.645184	unknown	2.015442	1.0437918120001086	177.012736
algorithms/BellmanFord-FunUnsat01.yml	false	false	2.416398	1.1024711430000025	182.976512	false	2.394832	1.19725626200011	195.735552
algorithms/BellmanFord-FunUnsat02.yml	false	unknown	2.099739	1.0164710019998893	167.575552	unknown	2.103458	1.0472191250000833	181.354496
algorithms/BellmanFord-MemSat01.yml	true	true	2.404751	1.0993203669995637	181.141504	true	2.471062	1.2071446390000347	194.871296
algorithms/BellmanFord-MemSat02.yml	true	unknown	2.009385	0.9815638760001093	167.469056	unknown	2.10112	1.0632223620000332	181.194752
algorithms/BellmanFord-MemUnsat01.yml	false	false	2.484256	1.1317554490005932	184.299520	false	2.463058	1.2091151949998675	192.393216
algorithms/BellmanFord-MemUnsat02.yml	false	unknown	2.141372	1.033289355999841	168.017920	unknown	2.133201	1.070522962000041	178.270208
algorithms/BinaryTreeSearch-FunSat01.yml	true	true	4.278054	1.7166183309991538	230.449152	true	9.013604	5.906685157000084	262.393856
algorithms/BinaryTreeSearch-FunUnsat01.yml	false	false	2.233594	1.0457247900003495	174.870528	false	2.219931	1.1605921850000414	183.865344
algorithms/BinaryTreeSearch-MemSat01.yml	true	true	4.107861	1.6338027679994411	220.696576	true	8.496424	5.960406572000011	248.573952
algorithms/BinaryTreeSearch-MemUnsat01.yml	false	false	2.139196	1.013720332000048	171.569152	false	2.067216	1.0245382069999778	179.077120
algorithms/BinaryTreeSearch-MemUnsat02.yml	false	false	2.098908	0.9930189509996126	170.094592	false	2.054239	1.053185683000038	177.885184
algorithms/InsertionSort-FunSat01.yml	true	true	2.448013	1.1082895310000822	183.861248	true	2.331587	1.1764957700002014	197.324800
algorithms/InsertionSort-FunSat02.yml	true	true	2.475543	1.1233012969996707	184.643584	true	2.466825	1.2116533099999742	197.283840
algorithms/InsertionSort-FunUnsat01.yml	false	true	2.385916	1.0936170960003437	183.758848	true	2.443323	1.2050225259999934	196.481024
algorithms/InsertionSort-MemSat01.yml	true	true	2.392578	1.0984217730001546	182.329344	true	2.426802	1.1956682869999895	194.420736
algorithms/InsertionSort-MemUnsat01.yml	false	false	2.338017	1.0805546890005644	179.343360	false	2.32965	1.1531882450001376	191.229952
algorithms/MergeSortIterative-FunSat01.yml	true	true	2.525815	1.1368208659996526	183.185408	true	2.423595	1.210165126999982	196.616192
algorithms/MergeSortIterative-FunSat02.yml	true	true	2.516457	1.1224108569995224	183.103488	true	2.506553	1.227307749999909	197.206016
algorithms/MergeSortIterative-FunUnsat01.yml	false	unknown	2.491788	1.1362433260001126	181.895168	unknown	2.468115	1.2423571599999832	196.505600
algorithms/MergeSortIterative-MemSat01.yml	false	true	2.467909	1.1234151010003188	182.710272	true	2.782721	1.371645646999923	196.440064
algorithms/MergeSortIterative-MemUnsat01.yml	false	true	2.495796	1.1476728130000993	182.050816	true	2.791122	1.396427279999898	195.620864
algorithms/RedBlackTree-FunSat01.yml	true	true	2.868168	1.2477876859993557	195.158016	true	3.317769	1.661394638000047	202.592256
algorithms/RedBlackTree-FunUnsat01.yml	false	false	2.719362	1.171607584999947	184.311808	false	2.760559	1.2413291589998607	192.737280
algorithms/RedBlackTree-MemSat01.yml	true	true	4.891565	1.8966660770001909	235.892736	true	10.731817	7.073492035000072	258.174976
algorithms/RedBlackTree-MemUnsat01.yml	false	false	2.968653	1.2898075129996869	194.224128	false	4.037149	2.143966606000049	208.736256
algorithms/SortedListInsert-FunSat01.yml	true	true	4.047346	1.6288876739999978	232.280064	true	9.566695	6.324110997999924	255.594496
algorithms/SortedListInsert-FunSat02.yml	true	true	4.612285	1.8310951729999942	235.569152	true	12.058263	8.88566807799998	251.113472
algorithms/SortedListInsert-FunUnsat01.yml	false	false	2.235352	1.0584771320000073	169.160704	false	2.715581	1.4739345069999672	191.574016
algorithms/SortedListInsert-MemSat01.yml	true	true	3.324656	1.400005192000208	226.263040	true	6.503643	3.5501925130001837	240.922624
algorithms/SortedListInsert-MemUnsat01.yml	false	false	2.100513	0.9924822880002466	170.483712	false	2.065192	1.0397711379998782	178.069504
algorithms/Trie-FunSat01.yml	true	true	2.255119	1.0727717039999334	171.913216	true	2.162924	1.0635463739999977	166.830080
algorithms/Trie-FunUnsat01.yml	false	false	2.276358	1.053937315999974	173.641728	false	2.294204	1.1192968170000768	177.950720
algorithms/Trie-MemSat01.yml	true	true	2.270236	1.0439384990004328	171.433984	true	2.185869	1.08935925999981	179.318784
algorithms/Trie-MemUnsat01.yml	false	false	2.28289	1.0557038389997615	172.441600	false	2.22867	1.080888898000012	178.741248
algorithms/Tsp-FunSat01.yml	false	unknown	2.128747	1.0074323369999547	167.559168	unknown	2.079701	1.0482926459999362	178.049024
algorithms/Tsp-FunUnsat01.yml	false	unknown	2.026709	0.9896737789995314	167.768064	unknown	2.06086	1.0234822689999419	177.729536
algorithms/Tsp-MemSat01.yml	true	unknown	2.126793	1.0205273250003302	167.100416	unknown	2.120458	1.0646372109999902	177.848320
algorithms/Tsp-MemUnsat01.yml	false	unknown	2.077877	1.0152509589997862	167.604224	unknown	2.094156	1.0609894720000739	177.659904
juliet-java/CWE369_Divide_by_Zero__float_connect_tcp_divide_01_bad.yml	false	unknown	2.277425	1.0127627539995956	118.964224	unknown	2.226335	1.043400179999935	119.287808
juliet-java/CWE369_Divide_by_Zero__float_connect_tcp_divide_01_bad_version2.yml	false	unknown	2.301767	1.0197652269998798	129.302528	unknown	2.060883	0.9914067329998488	118.358016
juliet-java/CWE369_Divide_by_Zero__float_connect_tcp_divide_01_good.yml	true	unknown	2.277474	1.018526591000409	119.689216	unknown	2.143942	1.01170348200003	120.471552
juliet-java/CWE369_Divide_by_Zero__float_connect_tcp_divide_81a_bad.yml	false	unknown	2.230611	1.0084765470001003	119.062528	unknown	2.264776	1.0447279950001302	119.689216
juliet-java/CWE369_Divide_by_Zero__float_connect_tcp_divide_81a_bad_version2.yml	false	unknown	2.32627	1.0400230309996914	118.788096	unknown	2.25394	1.0550967019999007	130.191360
juliet-java/CWE369_Divide_by_Zero__float_connect_tcp_divide_81a_good.yml	true	unknown	2.368121	1.0286954279999918	120.725504	unknown	2.166461	1.031691445999968	121.163776
juliet-java/CWE369_Divide_by_Zero__float_console_readLine_divide_54_bad.yml	false	unknown	2.323672	1.0331081640006232	121.905152	unknown	2.210363	1.035583846999998	119.648256
juliet-java/CWE369_Divide_by_Zero__float_console_readLine_divide_54_bad_version2.yml	false	unknown	2.25233	1.0221316919996752	121.004032	unknown	2.102828	1.0010567479998826	128.532480
juliet-java/CWE369_Divide_by_Zero__float_console_readLine_divide_54_good.yml	true	unknown	2.181092	1.017779330999474	121.012224	unknown	2.190541	1.0375778939999236	119.611392
jdart-regression/OverapproximationString01.yml	false	false	1.94257	0.9410558230001698	120.856576	false	1.883699	0.9508681190000061	118.480896
jdart-regression/URLDecoder01.yml	true	false	2.05777	0.9658064339992052	121.741312	false	1.992164	0.9723639290000392	122.159104
jdart-regression/URLDecoder02.yml	false	false	2.087182	0.9655627450001703	121.520128	false	2.127868	1.0010962329999984	132.030464
jdart-regression/addition01.yml	false	true	2.230804	1.0391909110003326	178.896896	true	2.652754	1.3078911860000062	187.125760
jdart-regression/array-iteration01.yml	false	false	2.313049	1.1038992679996227	210.296832	false	2.602098	1.282183740000164	223.858688
jdart-regression/boundcheck100.yml	false	false	3.292969	1.4016169830001672	252.796928	false	4.938975	2.9694596720000845	300.142592
jdart-regression/boundcheck200.yml	false	false	4.262161	1.9496211079995192	509.112320	false	8.476237	6.3266009259998555	542.023680
jdart-regression/boundcheck30.yml	false	false	2.319419	1.0714851659995475	180.465664	false	2.570137	1.32284354300009	203.063296
jdart-regression/double2long.yml	false	true	2.097916	1.0190005349995772	167.661568	unknown	1.944285	1.011879044999887	173.690880
jdart-regression/float.yml	false	true	2.08047	0.9938014769995789	167.280640	unknown	2.015081	1.0313212239998393	179.507200
jdart-regression/list2.yml	true	true	15.507558	7.457818635999502	541.892608	true	207.716096	187.6396458029999	498.458624
jdart-regression/radians.yml	false	unknown	1.954076	0.936899591000838	116.428800	unknown	1.833934	0.9197764689999985	115.871744
jdart-regression/shifting.yml	false	unknown	2.105742	1.0118671650006945	173.363200	unknown	2.006994	1.0165862740000193	177.311744
jdart-regression/shifting2.yml	false	unknown	2.077435	0.99628025399943	168.742912	unknown	2.290271	1.1142531539999254	177.537024
jdart-regression/shifting3.yml	false	unknown	2.10336	0.9856255499998952	171.950080	unknown	2.012278	1.0238039560001653	177.520640
jdart-regression/startswith.yml	true	false	2.003441	0.9457685349998428	123.396096	false	1.884282	0.9457148340000003	119.500800
securibench/Aliasing1.yml	false	false	4.016067	1.5340663380002297	125.444096	false	4.179995	1.561664096999948	123.822080
securibench/Aliasing2.yml	true	true	3.990822	1.5153418180007066	122.318848	true	3.680869	1.4869812590000038	120.766464
securibench/Aliasing3.yml	true	true	3.982348	1.5037036869998701	131.264512	true	4.253178	1.6190460239999993	130.654208
securibench/Aliasing4.yml	false	false	4.127774	1.5914054300001226	132.341760	false	3.94312	1.5369300089998887	130.547712
securibench/Aliasing5.yml	false	false	4.067652	1.5480962909996379	127.459328	false	3.865547	1.5390789250000125	123.817984
securibench/Aliasing6.yml	false	false	4.336944	1.6192317840004762	137.244672	false	4.162212	1.6357418049999524	133.754880
securibench/Arrays1.yml	false	false	4.318853	1.603038550000747	128.536576	false	4.055989	1.6040774769999189	134.520832
securibench/Arrays10.yml	false	unknown	4.226311	1.5788028200004192	131.182592	unknown	3.90578	1.542012189999923	120.578048
securibench/Arrays2.yml	false	false	4.08318	1.5689549180005997	136.552448	false	4.120203	1.5947424979999596	134.447104
securibench/Arrays3.yml	false	false	4.080309	1.5464204889995017	129.220608	false	3.960516	1.542082150999704	127.733760
securibench/Arrays4.yml	false	false	4.129844	1.5499041019993456	126.238720	false	4.397367	1.6181229859998894	133.615616
securibench/Arrays5.yml	true	true	4.287027	1.5709967410002719	122.077184	true	4.178069	1.5522999620002338	122.155008
securibench/Arrays6.yml	false	false	4.371569	1.6011894610001036	127.062016	false	3.982256	1.5613910530000794	125.722624
securibench/Arrays7.yml	false	false	4.342206	1.5861170019998099	128.811008	false	3.744792	1.446541385999808	126.369792
securibench/Arrays8.yml	false	false	4.229421	1.5664102270002331	128.778240	false	3.871061	1.4927181329999257	129.720320
securibench/Arrays9.yml	false	false	4.405349	1.6150674069995148	127.082496	false	3.988173	1.5558853749998889	123.990016
securibench/Basic1.yml	false	false	4.281717	1.5964941709999039	135.536640	false	3.768005	1.4681405699998322	126.750720
securibench/Basic10.yml	false	false	4.073249	1.578816385999744	133.107712	false	3.90847	1.4781548380001368	124.256256
securibench/Basic11.yml	false	unknown	3.940709	1.5235692010001003	119.808000	unknown	3.764695	1.5088764000001902	118.624256
securibench/Basic12.yml	false	false	4.273942	1.633691679000549	181.379072	false	4.234094	1.6654099630000019	182.837248
securibench/Basic15.yml	false	false	4.119213	1.5737374919999638	133.115904	false	3.920536	1.5213171079999483	124.432384
securibench/Basic16.yml	false	false	4.155855	1.582482574000096	132.694016	false	3.7225	1.4649090240000078	123.600896
securibench/Basic17.yml	false	false	4.364715	1.5989740409995647	126.808064	false	3.995957	1.492387190000045	134.385664
securibench/Basic18.yml	false	false	4.51874	1.6694191110000247	153.796608	false	4.60764	1.6833870170003138	154.497024
securibench/Basic19.yml	false	false	4.09425	1.539362491999782	126.468096	false	4.264531	1.6371400870002617	123.392000
securibench/Basic2.yml	false	false	4.538204	1.6965979650003646	177.324032	false	4.161058	1.6533465269999397	182.456320
securibench/Basic20.yml	false	false	4.251438	1.588412452000739	134.504448	false	4.072814	1.5385451099996317	123.858944
securibench/Basic21.yml	false	unknown	4.66599	1.681146529000216	154.537984	unknown	4.284826	1.608471591000125	145.272832
securibench/Basic24.yml	false	unknown	4.3918	1.614289939999253	143.106048	unknown	4.005885	1.5360439099999894	145.739776
securibench/Basic25.yml	false	unknown	4.35991	1.647620571000516	145.879040	unknown	4.287031	1.5917483600001106	155.426816
securibench/Basic26.yml	false	false	4.19318	1.5869024929997977	131.702784	false	3.744986	1.46909836299983	124.858368
securibench/Basic27.yml	false	false	4.105328	1.5595461149996481	137.801728	false	3.960551	1.554259323000224	131.645440
securibench/Basic28.yml	true	true	4.25898	1.5665977809994729	124.432384	true	3.881586	1.466323617999933	133.042176
securibench/Basic29.yml	false	false	4.068666	1.5586945080003716	137.551872	false	3.759216	1.471689311999853	124.850176
securibench/Basic3.yml	false	unknown	4.37185	1.6136981029994786	121.565184	unknown	3.887378	1.4732254049999938	121.606144
securibench/Basic30.yml	false	false	4.336811	1.6301898609999625	137.142272	false	3.81123	1.476068027999645	124.456960
securibench/Basic31.yml	false	false	4.294111	1.5934627910000927	125.419520	false	3.818461	1.4995564800001375	124.469248
securibench/Basic32.yml	false	false	4.052309	1.5407862680003745	128.249856	false	3.621755	1.4321125840001514	124.067840
securibench/Basic33.yml	false	false	4.336484	1.6158661740000753	131.608576	false	3.787961	1.480705381000007	134.004736
securibench/Basic34.yml	false	false	4.526761	1.6503450600002907	134.737920	false	3.873072	1.478955775999566	124.358656
securibench/Basic35.yml	false	false	4.221879	1.5939453030005097	132.988928	false	4.08244	1.5755810139999085	135.962624
securibench/Basic37.yml	false	false	4.390496	1.6644441549997282	180.314112	false	4.313206	1.8277563830001782	193.081344
securibench/Basic38.yml	false	false	4.30788	1.6293247900002825	180.764672	false	4.170345	1.7410156390001248	198.901760
securibench/Basic39.yml	false	false	4.39506	1.6777891760002603	180.744192	false	4.70361	1.9047642790001191	193.777664
securibench/Basic4.yml	false	false	4.242159	1.6340974240001742	179.392512	false	4.17448	1.601201220999883	189.833216
securibench/Basic5.yml	false	unknown	4.393579	1.5992703000001711	129.171456	unknown	3.828294	1.4555052860000615	120.090624
securibench/Basic6.yml	true	unknown	4.246443	1.5534059689998685	125.534208	unknown	3.732242	1.4425876410000456	121.516032
securibench/Basic7.yml	false	unknown	3.999159	1.5228249369993136	120.389632	unknown	3.584228	1.434491092999906	120.729600
securibench/Basic8.yml	true	true	4.139234	1.54514934099916	123.097088	true	4.073496	1.5892288450004344	131.690496
securibench/Basic9.yml	false	false	4.506713	1.6513758569999482	176.984064	false	4.168432	1.6016962319999948	187.334656
securibench/Collections1.yml	false	false	4.544354	1.6537974650000251	132.325376	false	4.48457	1.7603533149999748	123.961344
securibench/Collections10.yml	false	false	4.437809	1.6311568760002046	137.445376	false	4.358416	1.6891069080002126	136.196096
securibench/Collections12.yml	false	false	4.164043	1.5913797410003099	132.141056	false	3.878273	1.5275051210001038	124.923904
securibench/Collections13.yml	false	true	4.225803	1.561971131000064	127.127552	true	4.158212	1.6031372360002933	134.242304
securibench/Collections14.yml	false	false	5.291179	1.9049478639999506	180.256768	false	5.675686	2.10334164599999	183.754752
securibench/Collections2.yml	false	false	4.434165	1.6396718630003306	136.470528	false	4.990453	1.9579587010002797	124.379136
securibench/Collections3.yml	false	false	4.16912	1.5655278820004241	132.280320	false	4.628242	1.8280621290000454	125.333504
securibench/Collections4.yml	false	false	4.164238	1.5638170339998396	128.548864	false	4.483437	1.7626908759998514	134.774784
securibench/Collections5.yml	false	false	4.214096	1.5989889090005818	133.455872	false	5.081845	1.9837691650000124	126.259200
securibench/Collections6.yml	false	false	4.24142	1.5892336719998639	131.162112	false	4.649358	1.8511738009997316	124.751872
securibench/Collections7.yml	false	false	4.297165	1.586887776000367	136.392704	false	5.589377	2.2294566470000063	124.866560
securibench/Collections8.yml	true	true	4.101437	1.5413282010003968	125.353984	true	5.426768	2.0858725400003095	124.317696
securibench/Collections9.yml	true	unknown	4.283663	1.5678107099993213	125.341696	unknown	4.497092	1.793325606000053	124.100608
securibench/Datastructures1.yml	false	false	4.534398	1.6334084950003671	137.105408	false	4.764945	1.8583462479996342	134.823936
securibench/Datastructures2.yml	false	false	4.240982	1.5732929739997417	139.141120	false	5.0102	1.9887082970003576	123.912192
securibench/Datastructures3.yml	false	false	4.186226	1.5916927719999876	146.743296	false	5.066101	1.9235560550000628	124.993536
securibench/Datastructures4.yml	true	true	4.235425	1.561145593999754	121.438208	true	4.68947	1.8187029539999457	131.407872
securibench/Datastructures5.yml	false	unknown	3.973643	1.5300420639996446	119.328768	unknown	4.308577	1.7514404040002773	129.093632
securibench/Datastructures6.yml	false	false	5.57336	2.015836357999433	249.905152	false	6.06994	2.206836364999617	254.251008
securibench/Factories1.yml	false	unknown	3.98354	1.529027681000116	128.815104	unknown	4.07823	1.582084618999943	119.701504
securibench/Factories2.yml	false	false	4.096909	1.5606122270000924	125.304832	false	4.33222	1.6313795910000408	124.542976
securibench/Factories3.yml	false	false	4.337276	1.6050174140000308	126.222336	false	4.311384	1.637619837999864	123.879424
securibench/Inter1.yml	false	false	4.363395	1.6207907560001331	132.132864	false	4.456486	1.74531654600014	123.609088
securibench/Inter10.yml	false	unknown	4.260538	1.562007048999476	122.765312	unknown	4.320888	1.739278226999886	118.349824
securibench/Inter11.yml	false	unknown	4.052084	1.5280796520000877	119.607296	unknown	4.425498	1.824329820999992	118.812672
securibench/Inter12.yml	false	false	4.363399	1.6023283909999009	123.461632	false	4.343284	1.655747035999866	125.374464
securibench/Inter13.yml	false	false	4.574298	1.6763149529997463	146.845696	false	4.51178	1.7209976209996967	141.873152
securibench/Inter14.yml	false	false	4.449851	1.6450495899998714	146.595840	false	5.026347	1.9020326979998572	145.494016
securibench/Inter2.yml	false	false	4.13166	1.5626500019998275	134.905856	false	4.239206	1.6890713849998065	133.992448
securibench/Inter3.yml	false	false	4.457117	1.6250252159998126	133.255168	false	4.969606	1.9920552980001958	130.813952
securibench/Inter4.yml	false	false	4.267952	1.5843243589997655	125.882368	false	4.582843	1.760145637000278	124.342272
securibench/Inter5.yml	false	unknown	3.977098	1.5063296130001618	126.808064	unknown	4.388284	1.7101433170000746	119.853056
securibench/Inter6.yml	false	false	4.074992	1.5540250770000057	134.836224	false	4.45123	1.7133799600001112	124.137472
securibench/Inter7.yml	false	false	4.031635	1.5592437650002466	125.972480	false	4.765602	1.8002590620003502	124.395520
securibench/Inter8.yml	false	false	4.392082	1.593404862999705	127.225856	false	4.639408	1.7429362299999411	124.973056
securibench/Inter9.yml	false	unknown	4.050385	1.518723038000644	119.255040	unknown	4.796558	1.8372608509998827	121.221120
securibench/Pred1.yml	true	true	4.37434	1.6008878819993697	122.740736	true	4.185714	1.6108907819998421	119.226368
securibench/Pred2.yml	false	false	4.361004	1.6296173410000847	176.353280	false	4.299277	1.7142487500000243	184.594432
securibench/Pred3.yml	true	true	4.221953	1.6449910290002663	178.503680	true	4.419683	1.752186523999626	185.348096
securibench/Pred4.yml	false	false	4.406206	1.614194229999157	132.427776	false	3.761494	1.5181236529997477	125.698048
securibench/Pred5.yml	false	false	4.108806	1.55849019300058	127.918080	false	3.807048	1.52167331299961	125.497344
securibench/Pred6.yml	true	true	4.176897	1.535506334999809	119.513088	true	4.148648	1.591043687000365	119.472128
securibench/Pred7.yml	true	true	3.886942	1.4964929719999418	120.492032	true	3.888968	1.5368774670000676	119.017472
securibench/Pred8.yml	false	false	4.444804	1.6538272419993518	126.468096	false	4.306912	1.6079672280002342	134.311936
securibench/Pred9.yml	true	false	4.234372	1.6254750950001835	137.089024	false	4.34504	1.6449341800002912	133.074944
securibench/Refl1.yml	false	false	4.407553	1.6491227449996586	136.544256	false	4.137821	1.5780683840002894	136.462336
securibench/Refl2.yml	false	true	4.35287	1.628277342999354	122.327040	true	3.840037	1.5094085430000632	132.366336
securibench/Refl3.yml	false	false	4.268381	1.635006489999796	133.615616	false	4.177522	1.615289644999848	126.578688
securibench/Refl4.yml	false	false	4.359127	1.6223587050008064	132.841472	false	3.933427	1.5213066139999682	134.090752
securibench/Sanitizers1.yml	false	false	4.568391	1.7159085719995346	183.943168	false	4.154574	1.6490322579998065	191.557632
securibench/Sanitizers2.yml	true	false	4.53943	1.7816584629999852	188.121088	false	4.542251	1.8647143559996948	201.314304
securibench/Sanitizers3.yml	true	unknown	4.583574	1.752828695000062	153.985024	unknown	4.417396	1.6440587680003773	149.725184
securibench/Sanitizers4.yml	false	false	4.325505	1.6391388470001402	178.511872	false	4.299114	1.7151609519996782	188.702720
securibench/Sanitizers5.yml	false	unknown	4.726391	1.6779152030003388	144.044032	unknown	4.447459	1.6458349909999015	149.893120
securibench/Sanitizers6.yml	true	false	4.341796	1.665172488999815	185.974784	false	4.283402	1.661051266999948	189.620224
securibench/Session1.yml	false	false	4.434727	1.6502397029998974	123.678720	false	3.678229	1.4629674960001466	124.469248
securibench/Session2.yml	false	false	4.498184	1.7774275900001157	132.263936	false	3.892878	1.4911393980000867	124.108800
securibench/Session3.yml	false	false	4.302733	1.664614776000235	144.592896	false	4.114569	1.5786494949998087	135.315456
securibench/StrongUpdates1.yml	true	true	4.205159	1.564781504000166	131.817472	true	4.309803	1.699975952999921	120.766464
securibench/StrongUpdates2.yml	true	true	4.321332	1.5669404580003174	122.204160	true	3.942112	1.5334041510000134	121.843712
securibench/StrongUpdates3.yml	true	true	4.082883	1.5795007469996563	129.650688	true	4.642434	1.7637150330001532	124.293120
securibench/StrongUpdates4.yml	true	true	4.079313	1.545455507999577	122.167296	true	4.856912	1.8301448809997964	122.580992
securibench/StrongUpdates5.yml	true	unknown	4.337611	1.5934454790003656	124.784640	unknown	4.375166	1.7237100600000304	129.601536
float-nonlinear-calculation/Bessel.yml	true	true	2.111039	1.0168706060003387	173.248512	unknown	2.095608	1.090460943999915	172.650496
float-nonlinear-calculation/Conflict.yml	true	true	2.179055	1.0368078949995834	166.912000	unknown	2.35255	1.159468987999844	173.756416
float-nonlinear-calculation/EulerMethod.yml	false	unknown	2.291091	1.0399639500001285	213.180416	unknown	2.618382	1.2689897579998615	227.262464
float-nonlinear-calculation/MathSin.yml	false	unknown	3.123736	1.2387189649998618	120.614912	unknown	3.156378	1.3767325730000266	118.996992
float-nonlinear-calculation/Optimization1.yml	false	true	3.193897	1.3078321829998458	175.566848	true	3.404928	1.5218400859998837	174.735360
float-nonlinear-calculation/Optimization2.yml	false	true	2.9644	1.2420646079999642	172.068864	true	3.097891	1.3698133509997206	178.667520
float-nonlinear-calculation/Optimization3.yml	false	true	3.105049	1.2765004349994342	166.965248	unknown	3.129371	1.3761955750001107	175.280128
float-nonlinear-calculation/Optimization4.yml	false	true	3.132876	1.2764478160006547	167.501824	true	3.247382	1.4028797660002965	178.978816
float-nonlinear-calculation/Optimization5.yml	false	unknown	2.875719	1.2279912240001067	167.002112	unknown	3.065554	1.350431048000246	172.716032
float-nonlinear-calculation/Optimization6.yml	false	true	2.972296	1.2323755460001848	172.847104	true	3.330244	1.4764054359998227	177.635328
float-nonlinear-calculation/PartitionEx.yml	true	true	2.150557	1.0257146730000386	166.645760	unknown	1.904733	0.9843785449997995	173.879296
float-nonlinear-calculation/TurnLogic.yml	true	true	1.985606	0.9711931580004602	116.408320	true	1.942139	0.9750020430001314	116.830208
float-nonlinear-calculation/coral1.yml	false	unknown	3.1992	1.3169673200000034	172.548096	unknown	3.023854	1.291693683000176	173.748224
float-nonlinear-calculation/coral10.yml	false	unknown	2.95367	1.2472266289996696	168.374272	unknown	3.304983	1.4100906850003412	178.241536
float-nonlinear-calculation/coral11.yml	false	unknown	2.931296	1.2439295970007151	167.997440	unknown	3.490829	1.5299667019999106	173.670400
float-nonlinear-calculation/coral12.yml	false	unknown	2.956643	1.2689121160001378	168.001536	unknown	3.198174	1.369964914999855	174.977024
float-nonlinear-calculation/coral13.yml	false	unknown	2.877601	1.2547500840000794	158.236672	unknown	3.161687	1.4106406060000154	180.645888
float-nonlinear-calculation/coral14.yml	false	unknown	2.975367	1.260577068999737	167.911424	unknown	2.999781	1.3101335769997604	173.346816
float-nonlinear-calculation/coral15.yml	false	unknown	2.82734	1.235504399999627	168.280064	unknown	3.15389	1.4274762619998	173.465600
float-nonlinear-calculation/coral16.yml	false	true	2.920332	1.2320744980006566	171.765760	unknown	3.297762	1.4752709590002269	176.820224
float-nonlinear-calculation/coral17.yml	false	unknown	2.978377	1.2696493370003736	168.124416	unknown	3.312442	1.4714533659998779	174.067712
float-nonlinear-calculation/coral18.yml	false	unknown	3.173651	1.3042198380007903	166.948864	unknown	3.418714	1.4714319460003935	175.894528
float-nonlinear-calculation/coral19.yml	false	unknown	3.095506	1.2672956559999875	167.481344	unknown	3.137	1.4005068129999927	178.749440
float-nonlinear-calculation/coral2.yml	false	unknown	3.097034	1.2666063349997785	168.394752	unknown	3.119592	1.3666197500001545	176.054272
float-nonlinear-calculation/coral20.yml	false	unknown	3.126542	1.275924316999408	168.136704	unknown	3.28866	1.422429319999992	172.945408
float-nonlinear-calculation/coral21.yml	false	unknown	2.87669	1.2335117399998126	167.649280	unknown	3.030592	1.3053082860001268	173.953024
float-nonlinear-calculation/coral22.yml	false	unknown	3.159252	1.3044145940002636	167.993344	unknown	3.211681	1.3367209650000405	173.694976
float-nonlinear-calculation/coral23.yml	true	true	2.987711	1.2573028309998335	171.413504	unknown	3.131353	1.3464708259998588	177.332224
float-nonlinear-calculation/coral26.yml	true	true	2.969041	1.2462135369996759	168.038400	unknown	3.446917	1.4875163960000464	173.780992
float-nonlinear-calculation/coral27.yml	false	unknown	3.176169	1.284960607999892	171.339776	unknown	3.391991	1.4579849699998704	173.969408
float-nonlinear-calculation/coral28.yml	false	unknown	2.901569	1.242988621999757	167.366656	unknown	3.534852	1.570747639000274	172.351488
float-nonlinear-calculation/coral29.yml	false	unknown	2.976272	1.2515558069999315	167.325696	unknown	3.485539	1.4788447579999229	172.724224
float-nonlinear-calculation/coral3.yml	true	true	2.923848	1.2478720050003176	166.805504	unknown	3.2607	1.4558502710001449	175.013888
float-nonlinear-calculation/coral30.yml	false	unknown	2.97012	1.2003301300001112	117.104640	unknown	3.308493	1.39873440700012	116.744192
float-nonlinear-calculation/coral31.yml	false	true	3.063839	1.2704841020004096	168.038400	unknown	3.342707	1.4572213269998429	177.717248
float-nonlinear-calculation/coral32.yml	false	unknown	2.846842	1.2208610490006322	167.616512	unknown	3.29256	1.4415803990000313	175.595520
float-nonlinear-calculation/coral33.yml	false	unknown	3.014361	1.28271762499935	168.378368	unknown	3.063914	1.3382051319999846	177.844224
float-nonlinear-calculation/coral34.yml	false	unknown	3.302796	1.3734351170005539	167.477248	unknown	2.995392	1.302663738999854	176.730112
float-nonlinear-calculation/coral35.yml	false	unknown	3.311586	1.4320377129997723	167.596032	unknown	3.24871	1.396268745999805	177.147904
float-nonlinear-calculation/coral36.yml	false	unknown	2.939299	1.2606967150004493	116.629504	unknown	3.296957	1.3948105679996843	125.906944
float-nonlinear-calculation/coral38.yml	false	unknown	3.008525	1.2959266589996332	167.407616	unknown	3.298044	1.4183107650001148	173.416448
float-nonlinear-calculation/coral39.yml	false	unknown	3.110637	1.3091258949998519	167.714816	unknown	3.283781	1.4116507660000934	179.675136
float-nonlinear-calculation/coral4.yml	false	unknown	3.377685	1.467078992000097	172.130304	unknown	2.909591	1.3099819740000385	176.644096
float-nonlinear-calculation/coral40.yml	false	unknown	3.560071	1.5887291500002902	167.206912	unknown	2.925038	1.2967785759997241	172.470272
float-nonlinear-calculation/coral41.yml	false	unknown	3.660548	1.5868077849991096	167.919616	unknown	2.895868	1.2771480450001036	173.268992
float-nonlinear-calculation/coral42.yml	false	unknown	3.407805	1.4364517920002982	166.993920	unknown	2.741415	1.2159626080001544	174.526464
float-nonlinear-calculation/coral43.yml	false	unknown	3.374654	1.414629406000131	167.026688	unknown	2.800693	1.264975804000187	173.428736
float-nonlinear-calculation/coral44.yml	false	unknown	3.064235	1.3020209979995343	166.834176	unknown	3.176527	1.3653421199996956	175.239168
float-nonlinear-calculation/coral45.yml	false	unknown	3.147472	1.3277954620007222	171.679744	unknown	3.123005	1.3232895080000162	175.513600
float-nonlinear-calculation/coral46.yml	true	unknown	3.021686	1.294457496999712	167.718912	unknown	2.947043	1.3121768260002682	173.789184
float-nonlinear-calculation/coral48.yml	false	true	3.088319	1.3077324449996013	167.464960	unknown	3.187409	1.3838644479997129	178.360320
float-nonlinear-calculation/coral49.yml	false	unknown	2.993545	1.2815959289991952	168.386560	unknown	2.986698	1.2823951410000518	176.840704
float-nonlinear-calculation/coral5.yml	true	true	3.240635	1.328397758000392	167.911424	unknown	2.779388	1.222685545999866	174.235648
float-nonlinear-calculation/coral50.yml	false	unknown	3.183033	1.3161396579998836	167.874560	unknown	2.771226	1.2213873870000498	175.218688
float-nonlinear-calculation/coral51.yml	false	unknown	3.162661	1.3233795289997943	168.206336	unknown	2.84162	1.2255749920000198	173.477888
float-nonlinear-calculation/coral52.yml	false	unknown	3.274753	1.3635939779996988	167.673856	unknown	2.979344	1.2767077789999348	174.297088
float-nonlinear-calculation/coral53.yml	false	unknown	3.323662	1.3686368440003207	167.895040	unknown	2.990933	1.274208334999912	173.780992
float-nonlinear-calculation/coral54.yml	false	unknown	3.090286	1.3256213289996595	167.899136	unknown	2.969358	1.2620363230003022	173.981696
float-nonlinear-calculation/coral55.yml	true	true	3.250994	1.3450046529997053	167.788544	unknown	3.055012	1.3801978519995828	173.600768
float-nonlinear-calculation/coral56.yml	false	true	3.27624	1.3421462599999359	167.866368	unknown	3.076588	1.377955049999855	178.122752
float-nonlinear-calculation/coral57.yml	false	true	3.206348	1.3206666200003383	170.995712	unknown	2.978218	1.284789388000263	177.348608
float-nonlinear-calculation/coral58.yml	false	true	3.240923	1.3260545769999226	169.906176	unknown	2.881342	1.2975633999999445	175.656960
float-nonlinear-calculation/coral59.yml	false	true	3.100734	1.3252523889996155	169.943040	unknown	3.363483	1.502750438000021	177.254400
float-nonlinear-calculation/coral6.yml	false	unknown	3.208755	1.3246405520003464	168.263680	unknown	2.975189	1.3140334039999289	173.338624
float-nonlinear-calculation/coral60.yml	false	true	3.2282	1.3489229119995798	175.079424	unknown	3.434902	1.452326082000127	176.771072
float-nonlinear-calculation/coral61.yml	false	true	3.060284	1.297201696999764	169.525248	unknown	2.915521	1.2991758779999145	176.402432
float-nonlinear-calculation/coral62.yml	false	true	3.146968	1.3048168420000366	167.571456	unknown	3.013275	1.3000269369999842	178.393088
float-nonlinear-calculation/coral63.yml	false	true	3.314965	1.3423599099996864	169.504768	unknown	2.753184	1.2406306599996242	177.401856
float-nonlinear-calculation/coral64.yml	false	true	3.196435	1.3102761749996716	167.800832	unknown	2.723401	1.217147162999936	177.647616
float-nonlinear-calculation/coral65.yml	false	true	3.209213	1.332031724999979	170.012672	unknown	2.827842	1.2466406369999277	177.012736
float-nonlinear-calculation/coral66.yml	false	true	3.201725	1.2926013819997024	168.071168	unknown	2.686334	1.2140898509996987	178.438144
float-nonlinear-calculation/coral67.yml	false	true	3.215089	1.322528874999989	168.620032	unknown	2.909453	1.2535831960003634	177.946624
float-nonlinear-calculation/coral68.yml	false	true	3.16408	1.3012229919995661	168.566784	unknown	2.969444	1.248813949000123	181.985280
float-nonlinear-calculation/coral69.yml	false	true	3.017687	1.2771198199998253	168.955904	unknown	2.949522	1.2865521980002086	176.181248
float-nonlinear-calculation/coral71.yml	false	unknown	3.258694	1.3150321639996037	172.359680	unknown	3.007434	1.2636925540000448	179.773440
float-nonlinear-calculation/coral72.yml	false	unknown	3.032223	1.2878000979999342	169.570304	unknown	2.920093	1.298535654999796	181.022720
float-nonlinear-calculation/coral73.yml	false	unknown	3.133542	1.3005116820004332	173.400064	unknown	2.803113	1.224836174000302	177.496064
float-nonlinear-calculation/coral74.yml	false	unknown	2.946658	1.2602906990005067	167.096320	unknown	2.838569	1.254824808000194	175.067136
float-nonlinear-calculation/coral75.yml	false	unknown	3.295492	1.3245841059997474	172.875776	unknown	2.65291	1.195785892999993	174.944256
float-nonlinear-calculation/coral76.yml	false	true	3.251851	1.3294057990005967	172.072960	unknown	2.862184	1.2632604329996866	179.048448
float-nonlinear-calculation/coral77.yml	false	true	3.228563	1.3279869260004489	168.177664	unknown	3.446387	1.4960787270001674	177.758208
float-nonlinear-calculation/coral79.yml	false	true	3.158082	1.341424248000294	167.088128	unknown	3.008423	1.3759118030002355	177.405952
float-nonlinear-calculation/coral80.yml	true	true	3.223293	1.3410657419999552	171.503616	unknown	2.992605	1.325970211999902	176.259072
float-nonlinear-calculation/coral81.yml	false	true	3.088758	1.2937489030000506	170.139648	true	3.294739	1.4162302280001313	179.040256
float-nonlinear-calculation/coral84.yml	false	true	3.161254	1.3052527719992213	170.024960	true	3.311818	1.4362486559998615	176.840704
float-nonlinear-calculation/coral9.yml	false	unknown	3.130737	1.2776603780002915	167.182336	unknown	3.498059	1.505411014999936	175.538176
float-nonlinear-calculation/coral91.yml	true	true	3.136046	1.3114238870002737	171.732992	unknown	3.304808	1.4617693890004375	174.624768
