tool		SPF Wed Aug 20 01:45:48 PM IST 2025	SPF Wed Aug 20 01:45:48 PM IST 2025	SPF Wed Aug 20 01:45:48 PM IST 2025	SPF Wed Aug 20 01:45:48 PM IST 2025
run set		SV-COMP25_assert_java.ReachSafety-Java	SV-COMP25_assert_java.ReachSafety-Java	SV-COMP25_assert_java.ReachSafety-Java	SV-COMP25_assert_java.ReachSafety-Java
../sv-benchmarks/java/		status	cputime (s)	walltime (s)	memory (MB)
jayhorn-recursive/Ackermann01.yml	false	false	2.039293	1.0551933030001237	182.140928
jayhorn-recursive/Addition.yml	true	true	2.212991	1.0514656469995316	184.193024
jayhorn-recursive/InfiniteLoop.yml	false	false	2.121771	1.0286193219999404	184.700928
jayhorn-recursive/SatAckermann01.yml	true	true	11.217009	6.277716208000129	584.806400
jayhorn-recursive/SatAckermann02.yml	true	true	11.152398	6.362767730000087	576.925696
jayhorn-recursive/SatAckermann03.yml	true	true	11.331332	6.341763512000398	586.440704
jayhorn-recursive/SatAddition01.yml	true	true	2.207156	1.1325390820002212	186.920960
jayhorn-recursive/SatEvenOdd01.yml	true	true	2.368264	1.1293450009998196	189.837312
jayhorn-recursive/SatFibonacci01.yml	true	true	3.734227	1.5214855439999155	260.096000
jayhorn-recursive/SatFibonacci02.yml	true	true	1.862387	0.9158325749995129	124.608512
jayhorn-recursive/SatFibonacci03.yml	true	true	3.669617	1.498273330000302	259.072000
jayhorn-recursive/SatGcd.yml	true	true	2.985842	1.2904379970004811	227.811328
jayhorn-recursive/SatHanoi01.yml	true	true	6.575491	3.1121429830000125	539.324416
jayhorn-recursive/SatMccarthy91.yml	true	true	8.668531	4.711454769999364	557.006848
jayhorn-recursive/SatMultCommutative01.yml	true	true	2.424612	1.147207857000467	198.905856
jayhorn-recursive/SatPrimes01.yml	true	TIMEOUT	900.658991	837.6030012539995	1437.732864
jayhorn-recursive/UnsatAckermann01.yml	false	false	2.125983	1.0279940920008812	181.891072
jayhorn-recursive/UnsatAddition01.yml	false	false	2.04314	1.0144503170013195	180.350976
jayhorn-recursive/UnsatAddition02.yml	false	true	2.388503	1.1261515109999891	204.488704
jayhorn-recursive/UnsatEvenOdd01.yml	false	false	2.033965	1.0047752840000612	180.965376
jayhorn-recursive/UnsatFibonacci01.yml	false	false	2.263542	1.073959069999546	185.311232
jayhorn-recursive/UnsatFibonacci02.yml	false	false	2.849264	1.2509762789995875	225.964032
jayhorn-recursive/UnsatMccarthy91.yml	false	false	2.008517	0.9856015700006537	180.924416
jbmc-regression/ArithmeticException1.yml	false	false	2.038729	1.0199749370003701	182.018048
jbmc-regression/ArithmeticException5.yml	true	true	1.790013	0.8847795669989864	121.532416
jbmc-regression/ArithmeticException6.yml	false	false	2.013504	1.007880319000833	181.329920
jbmc-regression/ArrayIndexOutOfBoundsException1.yml	false	false	2.074171	1.023690871999861	181.833728
jbmc-regression/ArrayIndexOutOfBoundsException2.yml	false	false	2.077448	1.0231601320010668	181.563392
jbmc-regression/ArrayIndexOutOfBoundsException3.yml	false	false	2.051664	1.0279810480005835	181.415936
jbmc-regression/BufferedReaderReadLine.yml	false	false	2.099058	1.0383876979994966	181.686272
jbmc-regression/CharSequenceBug.yml	false	false	2.051714	1.0051268660008645	181.317632
jbmc-regression/CharSequenceToString.yml	true	true	2.236164	1.1077682039995125	205.209600
jbmc-regression/ClassCastException1.yml	false	false	1.901873	0.9333532950004155	123.367424
jbmc-regression/ClassCastException2.yml	true	true	1.880718	0.9379012760000478	122.310656
jbmc-regression/ClassCastException3.yml	false	false	1.846375	0.9128526530003	123.682816
jbmc-regression/Class_method1.yml	true	true	1.839823	0.9210781170004338	121.339904
jbmc-regression/Inheritance1.yml	true	true	1.819973	0.9114656219990138	129.712128
jbmc-regression/NegativeArraySizeException1.yml	false	false	1.875397	0.9564601019992551	122.621952
jbmc-regression/NegativeArraySizeException2.yml	false	false	1.913075	0.9536415860002307	124.002304
jbmc-regression/NullPointerException1.yml	true	unknown	1.833061	0.9149963079998997	122.826752
jbmc-regression/NullPointerException2.yml	false	false	1.845546	0.9258020699999179	123.695104
jbmc-regression/NullPointerException3.yml	false	false	1.826838	0.9121220170000015	124.186624
jbmc-regression/NullPointerException4.yml	false	false	1.857547	0.9102968520001014	120.909824
jbmc-regression/RegexMatches01.yml	true	true	1.877197	0.9252995940005349	130.453504
jbmc-regression/RegexMatches02.yml	false	unknown	1.887023	0.9448246789997938	125.087744
jbmc-regression/RegexSubstitution01.yml	true	true	1.90925	0.9365693290001218	124.690432
jbmc-regression/RegexSubstitution02.yml	false	unknown	1.922842	0.9384053649991984	124.014592
jbmc-regression/RegexSubstitution03.yml	true	true	1.963166	0.9516018269987399	135.299072
jbmc-regression/StaticCharMethods01.yml	true	true	1.84166	0.9063974420005252	122.548224
jbmc-regression/StaticCharMethods02.yml	false	unknown	2.079421	1.0150158920005197	201.048064
jbmc-regression/StaticCharMethods03.yml	false	unknown	2.073428	1.0456415429998742	179.785728
jbmc-regression/StaticCharMethods04.yml	false	false	2.078466	1.0190753739989304	181.805056
jbmc-regression/StaticCharMethods05.yml	false	unknown	1.9333	0.9485382699986076	126.279680
jbmc-regression/StaticCharMethods06.yml	true	unknown	2.065401	1.014900262998708	180.539392
jbmc-regression/StringBuilderAppend01.yml	true	true	1.927082	0.9433878149993689	125.980672
jbmc-regression/StringBuilderAppend02.yml	false	unknown	2.016431	0.9786888269991323	134.852608
jbmc-regression/StringBuilderCapLen01.yml	true	true	1.904355	0.9370551730007719	124.530688
jbmc-regression/StringBuilderCapLen02.yml	false	false	2.149111	1.053414284999235	183.427072
jbmc-regression/StringBuilderCapLen03.yml	false	false	2.093735	1.0371939310007292	180.531200
jbmc-regression/StringBuilderCapLen04.yml	false	unknown	1.932491	0.9382546920005552	125.739008
jbmc-regression/StringBuilderChars01.yml	true	true	1.963556	0.9548376490001829	126.246912
jbmc-regression/StringBuilderChars02.yml	false	false	2.125252	1.0381916990008904	183.058432
jbmc-regression/StringBuilderChars03.yml	false	unknown	1.934481	0.9594483479995688	124.416000
jbmc-regression/StringBuilderChars04.yml	false	unknown	1.878945	0.9409870850013249	124.674048
jbmc-regression/StringBuilderChars05.yml	false	unknown	1.893733	0.9629334389992437	124.981248
jbmc-regression/StringBuilderChars06.yml	false	unknown	1.845817	0.916983277998952	123.723776
jbmc-regression/StringBuilderConstructors01.yml	true	true	1.995188	1.0052665590010292	179.499008
jbmc-regression/StringBuilderConstructors02.yml	false	unknown	1.866608	0.9321292909990007	124.588032
jbmc-regression/StringBuilderInsertDelete01.yml	true	true	2.085281	0.9765296330006095	127.934464
jbmc-regression/StringBuilderInsertDelete02.yml	false	unknown	1.971875	0.9487828399996943	124.059648
jbmc-regression/StringBuilderInsertDelete03.yml	false	unknown	1.955321	0.9716275739992852	124.956672
jbmc-regression/StringCompare01.yml	true	true	1.886144	0.9430905440003698	122.179584
jbmc-regression/StringCompare02.yml	false	unknown	1.862571	0.934609840000121	124.440576
jbmc-regression/StringCompare03.yml	false	unknown	1.864001	0.9430494469997939	124.276736
jbmc-regression/StringCompare04.yml	false	unknown	1.859734	0.9225451390011585	124.002304
jbmc-regression/StringCompare05.yml	false	false	1.90038	0.9605965590017149	125.136896
jbmc-regression/StringConcatenation01.yml	true	true	2.201569	1.0947770399998262	179.802112
jbmc-regression/StringConcatenation02.yml	false	false	2.091483	1.0427150940013235	179.310592
jbmc-regression/StringConcatenation03.yml	false	false	2.151128	1.0251238189994183	184.303616
jbmc-regression/StringConcatenation04.yml	false	false	2.170997	1.0568265089987108	183.816192
jbmc-regression/StringConstructors01.yml	true	true	1.86317	0.9098654000008537	123.715584
jbmc-regression/StringConstructors02.yml	false	false	2.099304	1.0289310560001468	183.394304
jbmc-regression/StringConstructors03.yml	false	false	2.170023	1.0424427219986683	183.595008
jbmc-regression/StringConstructors04.yml	false	false	2.176957	1.0715803929997492	187.531264
jbmc-regression/StringConstructors05.yml	false	false	2.152335	1.0650264949999837	185.774080
jbmc-regression/StringContains01.yml	false	false	2.148093	1.0296717709989025	184.307712
jbmc-regression/StringContains02.yml	false	false	2.181711	1.0374621560004016	183.373824
jbmc-regression/StringIndexMethods01.yml	true	true	1.859687	0.9272420900015277	122.744832
jbmc-regression/StringIndexMethods02.yml	false	false	2.006356	0.997789623999779	181.694464
jbmc-regression/StringIndexMethods03.yml	false	false	2.061381	1.0300941249988682	180.920320
jbmc-regression/StringIndexMethods04.yml	false	false	2.011991	0.9892265139988012	181.362688
jbmc-regression/StringIndexMethods05.yml	false	false	2.072423	1.033818355999756	182.034432
jbmc-regression/StringMiscellaneous01.yml	true	true	1.93711	0.9282657879994076	127.815680
jbmc-regression/StringMiscellaneous02.yml	false	false	2.053169	1.018610458000694	181.166080
jbmc-regression/StringMiscellaneous03.yml	false	false	2.159868	1.073417130000962	207.634432
jbmc-regression/StringMiscellaneous04.yml	true	true	1.926038	0.9450398949993541	123.232256
jbmc-regression/StringStartEnd01.yml	true	true	1.87938	0.9191797439998481	122.347520
jbmc-regression/StringStartEnd02.yml	false	false	2.160169	1.070614543999909	185.974784
jbmc-regression/StringStartEnd03.yml	false	false	2.19682	1.0805972760008444	185.159680
jbmc-regression/StringValueOf01.yml	true	true	1.843362	0.9184146130010049	123.420672
jbmc-regression/StringValueOf02.yml	false	false	2.11875	1.0346864309994999	185.098240
jbmc-regression/StringValueOf03.yml	false	false	1.934751	0.9462368479998986	126.386176
jbmc-regression/StringValueOf04.yml	false	false	2.090875	1.028901790999953	179.478528
jbmc-regression/StringValueOf05.yml	false	false	2.154792	1.046234478999395	206.860288
jbmc-regression/StringValueOf06.yml	false	false	2.129454	1.030881048000083	181.796864
jbmc-regression/StringValueOf07.yml	false	unknown	1.900946	0.9415886680017138	127.430656
jbmc-regression/StringValueOf08.yml	false	unknown	1.855434	0.9071118860010756	125.157376
jbmc-regression/StringValueOf09.yml	false	unknown	1.894309	0.9360805289998098	125.308928
jbmc-regression/StringValueOf10.yml	false	false	2.085024	1.017726013000356	179.392512
jbmc-regression/SubString01.yml	true	true	1.867298	0.9196914370004379	122.671104
jbmc-regression/SubString02.yml	false	false	2.227288	1.095398469000429	209.555456
jbmc-regression/SubString03.yml	false	false	2.225841	1.0753659890015115	209.178624
jbmc-regression/TokenTest01.yml	true	true	1.950966	0.9551861839991034	123.416576
jbmc-regression/TokenTest02.yml	false	unknown	1.950543	0.9405673549990752	124.899328
jbmc-regression/Validate01.yml	true	true	1.913823	0.937874004999685	122.912768
jbmc-regression/Validate02.yml	false	unknown	1.961694	0.969088413999998	124.641280
jbmc-regression/aastore_aaload1.yml	true	true	162.798959	162.45026023699938	214.564864
jbmc-regression/array1.yml	true	true	2.169797	1.034116498000003	186.929152
jbmc-regression/array2.yml	true	true	2.013246	0.9978593949999777	179.597312
jbmc-regression/arraylength1.yml	true	true	2.007678	1.0041351890013175	178.737152
jbmc-regression/arrayread1.yml	true	true	2.022665	1.0237386919998244	181.288960
jbmc-regression/assert1.yml	true	true	2.091603	1.0502103140006511	180.293632
jbmc-regression/assert2.yml	false	false	2.072155	1.0231843380006467	180.060160
jbmc-regression/assert3.yml	false	false	2.022566	1.011270410999714	180.318208
jbmc-regression/assert4.yml	false	false	2.034636	1.021155408998311	179.990528
jbmc-regression/assert5.yml	true	true	1.995529	0.9955843829993682	179.720192
jbmc-regression/assert6.yml	true	true	2.012147	1.0217712289995688	178.688000
jbmc-regression/astore_aload1.yml	true	true	1.988048	0.9729123130000517	122.286080
jbmc-regression/athrow1.yml	false	false	1.881141	0.9447620509999979	123.760640
jbmc-regression/basic1.yml	true	true	1.774617	0.89846056100032	122.085376
jbmc-regression/bitwise1.yml	true	unknown	1.990925	0.9973054620004405	178.704384
jbmc-regression/boolean1.yml	true	true	2.0164	0.9914862480000011	179.687424
jbmc-regression/boolean2.yml	true	true	1.997882	0.9828652390006027	179.527680
jbmc-regression/bug-test-gen-095.yml	false	false	2.188222	1.07440223499907	180.137984
jbmc-regression/bug-test-gen-119-2.yml	true	true	1.862534	0.9258026709994738	123.482112
jbmc-regression/bug-test-gen-119.yml	true	true	2.180333	1.0606057629993302	205.320192
jbmc-regression/calc.yml	true	unknown	2.203975	1.062273923000248	187.240448
jbmc-regression/cast1.yml	true	unknown	2.06619	1.02432226000019	179.490816
jbmc-regression/catch1.yml	true	true	1.847834	0.9322199010002805	122.675200
jbmc-regression/char1.yml	true	unknown	2.129809	1.0449798770005145	201.068544
jbmc-regression/charArray.yml	true	unknown	2.027468	1.0061081029998604	179.941376
jbmc-regression/classtest1.yml	true	true	1.764984	0.9000009710016457	122.327040
jbmc-regression/const1.yml	true	true	1.875603	0.9308539399989968	122.482688
jbmc-regression/constructor1.yml	true	true	1.79095	0.897579862999919	121.614336
jbmc-regression/enum1.yml	true	true	1.870147	0.9312636110007588	122.580992
jbmc-regression/exceptions1.yml	false	false	1.865372	0.9229170679991512	123.338752
jbmc-regression/exceptions10.yml	false	false	1.890484	0.9240875519990368	122.802176
jbmc-regression/exceptions11.yml	false	false	1.899505	0.9501186750003399	123.580416
jbmc-regression/exceptions12.yml	false	false	1.917055	0.9476880790007272	123.990016
jbmc-regression/exceptions13.yml	false	false	1.82371	0.9124088370008394	123.670528
jbmc-regression/exceptions14.yml	true	true	1.880939	0.9289447259998269	122.101760
jbmc-regression/exceptions15.yml	true	true	1.846217	0.8975284750013088	122.290176
jbmc-regression/exceptions16.yml	false	false	1.914932	0.9548719730009907	124.088320
jbmc-regression/exceptions18.yml	true	true	1.849536	0.9355597880003188	122.798080
jbmc-regression/exceptions2.yml	false	false	1.930778	0.9512328930013609	123.109376
jbmc-regression/exceptions3.yml	false	false	1.836051	0.9091226119999192	123.457536
jbmc-regression/exceptions4.yml	true	true	1.927453	0.945405161999588	131.198976
jbmc-regression/exceptions5.yml	true	true	1.872166	0.9500695619990438	122.503168
jbmc-regression/exceptions6.yml	false	false	1.888219	0.9481672909987537	124.198912
jbmc-regression/exceptions7.yml	false	false	1.853257	0.9268135040001653	123.502592
jbmc-regression/exceptions8.yml	false	false	1.894825	0.9359661830003461	123.650048
jbmc-regression/exceptions9.yml	true	true	1.854285	0.9180473010001151	122.900480
jbmc-regression/fcmpx_dcmpx1.yml	true	true	1.820188	0.903900971999974	121.896960
jbmc-regression/iarith1.yml	true	true	1.891217	0.9303567040005873	122.273792
jbmc-regression/iarith2.yml	true	true	1.84498	0.9103660920009133	121.819136
jbmc-regression/if_acmp1.yml	true	true	1.852264	0.9329585309988033	122.368000
jbmc-regression/if_expr1.yml	true	true	1.987069	0.991412298000796	179.433472
jbmc-regression/if_icmp1.yml	true	true	2.071608	1.0085069389988348	179.871744
jbmc-regression/ifxx1.yml	true	true	1.840324	0.9309821409988217	121.335808
jbmc-regression/instanceof1.yml	true	true	1.823497	0.9170350160002272	122.318848
jbmc-regression/instanceof2.yml	true	true	1.835804	0.8967566930004978	121.094144
jbmc-regression/instanceof3.yml	true	true	1.825471	0.9177871819993015	122.236928
jbmc-regression/instanceof4.yml	true	true	1.83364	0.8993716860004497	122.920960
jbmc-regression/instanceof5.yml	true	true	1.831859	0.9052344219999213	122.183680
jbmc-regression/instanceof6.yml	true	true	1.87859	0.9366746269988653	121.958400
jbmc-regression/instanceof7.yml	true	true	1.848563	0.9054721400007111	122.380288
jbmc-regression/instanceof8.yml	true	true	1.867446	0.937048911000602	122.740736
jbmc-regression/interface1.yml	false	false	1.851692	0.9218688549990475	123.518976
jbmc-regression/java_append_char.yml	false	false	2.162665	1.0601497540010314	180.338688
jbmc-regression/lazyloading4.yml	true	true	1.813679	0.8853960369997367	122.273792
jbmc-regression/list1.yml	true	true	29.390343	13.986657239000124	594.755584
jbmc-regression/long1.yml	true	true	1.890417	0.9463523449994682	122.126336
jbmc-regression/lookupswitch1.yml	true	true	2.156548	1.0386703599997418	184.020992
jbmc-regression/multinewarray.yml	true	true	1.84758	0.9279998070014699	125.722624
jbmc-regression/overloading1.yml	true	true	1.798283	0.894614509999883	122.277888
jbmc-regression/package1.yml	true	true	1.817556	0.8897389020003175	121.987072
jbmc-regression/putfield_getfield1.yml	true	true	1.785306	0.9061104209995392	121.847808
jbmc-regression/putstatic_getstatic1.yml	true	true	1.885943	0.926028566000241	121.876480
jbmc-regression/recursion2.yml	true	true	1.817998	0.9116196619997936	121.982976
jbmc-regression/return1.yml	false	false	1.854797	0.919251699000597	122.867712
jbmc-regression/return2.yml	false	false	1.999265	0.9982941440011928	181.239808
jbmc-regression/store_load1.yml	true	true	1.901774	0.9436881589990662	122.683392
jbmc-regression/swap1.yml	true	true	1.787286	0.9017206770004123	121.851904
jbmc-regression/synchronized.yml	true	true	1.826167	0.9208349389991781	122.765312
jbmc-regression/tableswitch1.yml	true	true	2.100012	1.0199588569994376	182.308864
jbmc-regression/uninitialised1.yml	true	true	1.842166	0.9398277820000658	121.475072
jbmc-regression/virtual1.yml	true	true	1.817957	0.9068463660005364	122.204160
jbmc-regression/virtual2.yml	false	false	1.866428	0.9328630920008436	123.146240
jbmc-regression/virtual4.yml	true	true	1.81442	0.9032962040000712	122.368000
jbmc-regression/virtual_function_unwinding.yml	true	true	1.904226	0.9325214789987513	122.224640
jpf-regression/ExDarko_false.yml	false	false	2.177293	1.0638189510009397	181.899264
jpf-regression/ExDarko_true.yml	true	true	2.067632	1.0164660520003963	179.425280
jpf-regression/ExException_false.yml	false	false	2.05168	1.0225195570001233	181.346304
jpf-regression/ExException_true.yml	true	true	1.992605	1.0013278249989526	180.027392
jpf-regression/ExGenSymExe_false.yml	false	false	1.888947	0.9221077450001758	123.506688
jpf-regression/ExGenSymExe_true.yml	true	true	1.918489	0.948505608999767	124.792832
jpf-regression/ExLazy_false.yml	false	false	2.046888	1.028846306999185	181.014528
jpf-regression/ExLazy_true.yml	true	true	2.120892	1.0286971460009227	180.027392
jpf-regression/ExMIT_false.yml	false	false	2.088232	1.0272533179995662	180.932608
jpf-regression/ExMIT_true.yml	true	true	2.001302	0.9915270139990753	179.286016
jpf-regression/ExSymExe10_false.yml	false	false	2.031883	1.0218889799998578	181.997568
jpf-regression/ExSymExe10_true.yml	true	true	2.095901	1.0425651219993597	179.888128
jpf-regression/ExSymExe11_false.yml	false	false	1.947063	0.9480509229997551	125.407232
jpf-regression/ExSymExe11_true.yml	true	true	2.130237	1.0340615850000177	179.970048
jpf-regression/ExSymExe12_false.yml	false	false	2.202772	1.0415732549990935	190.083072
jpf-regression/ExSymExe12_true.yml	true	true	2.020197	1.0134307169992098	179.900416
jpf-regression/ExSymExe13_false.yml	false	false	2.048317	1.0026274510000803	182.489088
jpf-regression/ExSymExe13_true.yml	true	true	2.07151	1.0353384379995987	179.957760
jpf-regression/ExSymExe14_false.yml	false	false	2.167492	1.058467627999562	184.541184
jpf-regression/ExSymExe14_true.yml	true	true	2.050706	1.015901759999906	179.646464
jpf-regression/ExSymExe15_false.yml	false	false	2.040351	1.0225812030002999	181.374976
jpf-regression/ExSymExe15_true.yml	true	true	2.023059	1.009212225999363	179.560448
jpf-regression/ExSymExe16_false.yml	false	false	1.872882	0.9442731610015471	123.101184
jpf-regression/ExSymExe16_true.yml	true	true	1.939487	0.9383559920006519	121.933824
jpf-regression/ExSymExe17_false.yml	false	false	1.861662	0.9159993970006326	123.269120
jpf-regression/ExSymExe17_true.yml	true	true	1.86121	0.9198788600006083	122.548224
jpf-regression/ExSymExe18_false.yml	false	false	2.060443	1.0364222790012718	177.192960
jpf-regression/ExSymExe18_true.yml	true	true	1.816042	0.9071941310012335	122.822656
jpf-regression/ExSymExe19_false.yml	false	false	2.013511	1.0093111719997978	181.727232
jpf-regression/ExSymExe19_true.yml	true	true	2.061307	1.016063403998487	180.269056
jpf-regression/ExSymExe1_false.yml	false	false	2.062872	1.0244278690006468	180.994048
jpf-regression/ExSymExe1_true.yml	true	true	1.859141	0.9072658960012632	122.056704
jpf-regression/ExSymExe20_false.yml	false	false	2.10965	1.0321329139987938	181.981184
jpf-regression/ExSymExe20_true.yml	true	true	1.837411	0.8956549889990129	121.991168
jpf-regression/ExSymExe21_false.yml	false	false	2.053913	1.026132087001315	181.374976
jpf-regression/ExSymExe21_true.yml	true	true	1.875079	0.9172198439991917	121.810944
jpf-regression/ExSymExe25_false.yml	false	false	2.094359	1.0173176349999267	181.551104
jpf-regression/ExSymExe25_true.yml	true	true	1.868594	0.9320926910004346	123.002880
jpf-regression/ExSymExe26_false.yml	false	false	2.11742	1.0403717030003463	181.182464
jpf-regression/ExSymExe26_true.yml	true	true	1.809376	0.8888389479998295	122.376192
jpf-regression/ExSymExe27_false.yml	false	false	2.067392	1.0104002030002448	181.153792
jpf-regression/ExSymExe27_true.yml	true	true	1.850626	0.9102094069985469	122.335232
jpf-regression/ExSymExe28_false.yml	false	false	2.078666	1.0106194049985788	184.680448
jpf-regression/ExSymExe28_true.yml	true	true	1.843193	0.9031118560014875	122.499072
jpf-regression/ExSymExe29_false.yml	false	false	2.081631	1.0461729239996203	181.972992
jpf-regression/ExSymExe29_true.yml	true	true	1.876098	0.9272276030005742	122.425344
jpf-regression/ExSymExe2_false.yml	false	false	2.126936	1.0344269220004207	182.173696
jpf-regression/ExSymExe2_true.yml	true	true	1.911173	0.9439838160014915	122.687488
jpf-regression/ExSymExe3_false.yml	false	false	2.116456	1.038776028999564	180.822016
jpf-regression/ExSymExe3_true.yml	true	true	1.844595	0.9110869689993706	122.777600
jpf-regression/ExSymExe4_false.yml	false	false	2.076718	1.0190362990015274	181.248000
jpf-regression/ExSymExe4_true.yml	true	true	1.870826	0.9144269160005933	122.269696
jpf-regression/ExSymExe5_false.yml	false	false	2.13065	1.028289969999605	182.140928
jpf-regression/ExSymExe5_true.yml	true	true	1.815591	0.8956584449988441	121.892864
jpf-regression/ExSymExe6_false.yml	false	false	2.07255	1.022664469999654	180.477952
jpf-regression/ExSymExe6_true.yml	true	true	1.900613	0.9105815769999026	122.478592
jpf-regression/ExSymExe7_false.yml	false	false	2.073169	1.0198052579999057	181.383168
jpf-regression/ExSymExe7_true.yml	true	true	2.058465	1.0399653580006998	179.740672
jpf-regression/ExSymExe8_false.yml	false	false	2.02616	1.0112107590011874	181.534720
jpf-regression/ExSymExe8_true.yml	true	true	1.859671	0.9170764340015012	122.757120
jpf-regression/ExSymExe9_false.yml	false	false	1.859781	0.9286587869992218	123.633664
jpf-regression/ExSymExe9_true.yml	true	true	1.854265	0.9021802120005304	122.040320
jpf-regression/ExSymExeArrays_false.yml	false	false	1.901394	0.9441846950012405	124.387328
jpf-regression/ExSymExeArrays_true.yml	true	true	1.95175	0.9394534479997674	122.691584
jpf-regression/ExSymExeBool_false.yml	false	false	1.912967	0.9280156969998643	123.252736
jpf-regression/ExSymExeBool_true.yml	true	true	1.880883	0.9358476609995705	122.142720
jpf-regression/ExSymExeComplexMath_false.yml	false	false	1.948837	0.9597374320001109	123.236352
jpf-regression/ExSymExeComplexMath_true.yml	true	true	1.762354	0.9006180209999002	124.579840
jpf-regression/ExSymExeD2I_false.yml	false	false	1.854387	0.9344203630007542	123.871232
jpf-regression/ExSymExeD2I_true.yml	true	unknown	2.099999	1.0264492349997454	182.038528
jpf-regression/ExSymExeD2L_false.yml	false	false	2.243095	1.0562351849985134	193.843200
jpf-regression/ExSymExeD2L_true.yml	true	unknown	2.111466	1.0290260649999254	181.116928
jpf-regression/ExSymExeF2I_false.yml	false	false	1.834049	0.9023372880001261	122.740736
jpf-regression/ExSymExeF2I_true.yml	true	unknown	2.073334	1.0270033470005728	181.776384
jpf-regression/ExSymExeF2L_false.yml	false	unknown	2.136414	1.0591055490003782	181.432320
jpf-regression/ExSymExeF2L_true.yml	true	unknown	2.076311	1.019815446999928	181.395456
jpf-regression/ExSymExeFNEG_false.yml	false	false	2.102874	1.0316118329992605	181.460992
jpf-regression/ExSymExeFNEG_true.yml	true	true	2.002798	0.9966087509983481	179.961856
jpf-regression/ExSymExeGetStatic_false.yml	false	false	1.843959	0.9119164809999347	123.584512
jpf-regression/ExSymExeGetStatic_true.yml	true	true	1.834425	0.9064940529988235	122.863616
jpf-regression/ExSymExeI2D_false.yml	false	unknown	2.111884	1.0430439329993533	180.322304
jpf-regression/ExSymExeI2D_true.yml	true	unknown	2.042028	1.028574235000633	180.027392
jpf-regression/ExSymExeI2F_false.yml	false	false	1.820885	0.9051847280006768	122.818560
jpf-regression/ExSymExeI2F_true.yml	true	true	2.110556	1.0457700249990012	180.596736
jpf-regression/ExSymExeLCMP_false.yml	false	unknown	2.076733	1.0398077120007656	180.547584
jpf-regression/ExSymExeLCMP_true.yml	true	true	2.0018	1.0000706880000507	179.564544
jpf-regression/ExSymExeLongBytecodes_false.yml	false	unknown	2.143263	1.0399663300013344	181.047296
jpf-regression/ExSymExeLongBytecodes_true.yml	true	true	2.127369	1.0386927719991945	181.653504
jpf-regression/ExSymExeResearch_false.yml	false	false	2.077257	1.0402306880005199	180.797440
jpf-regression/ExSymExeResearch_true.yml	true	true	2.102422	1.0514423029999307	180.281344
jpf-regression/ExSymExeSimple_false.yml	false	false	2.028675	1.0107262060009816	179.171328
jpf-regression/ExSymExeSimple_true.yml	true	true	2.105248	1.0309258519992	179.617792
jpf-regression/ExSymExeSuzette_false.yml	false	false	2.095894	1.022326623000481	182.276096
jpf-regression/ExSymExeSuzette_true.yml	true	true	2.052509	1.004127234000407	179.273728
jpf-regression/ExSymExeSwitch_false.yml	false	false	2.136495	1.027043442998547	181.104640
jpf-regression/ExSymExeSwitch_true.yml	true	true	2.140843	1.0369140639995749	186.802176
jpf-regression/ExSymExeTestAssignments_false.yml	false	false	2.112749	1.0293943790002231	180.600832
jpf-regression/ExSymExeTestAssignments_true.yml	true	true	2.013441	1.0059389250000095	179.458048
jpf-regression/ExSymExeTestClassFields_false.yml	false	false	2.141736	1.0435519500006194	184.160256
jpf-regression/ExSymExeTestClassFields_true.yml	true	true	2.010766	1.001134149999416	179.306496
jpf-regression/ExSymExe_false.yml	false	false	1.97655	0.9684938959999272	123.588608
jpf-regression/ExSymExe_true.yml	true	true	1.964543	0.9515807669995411	122.392576
jpf-regression/TestLazy_false.yml	false	false	2.016442	0.9955402989999129	180.903936
jpf-regression/TestLazy_true.yml	true	true	2.004824	0.9824774489989068	179.388416
java-ranger-regression/LoopCharAt.yml	false	true	7.750135	5.529349616001127	257.138688
java-ranger-regression/TCAS_prop1.yml	false	false	3.090821	1.3698218209992774	221.839360
java-ranger-regression/TCAS_prop2.yml	true	true	5.208117	2.3987541900005453	268.206080
java-ranger-regression/TCAS_prop3.yml	true	true	5.145328	2.3575310989999707	267.804672
java-ranger-regression/apachecli_eqchk.yml	true	true	31.340607	14.57237965999957	578.453504
java-ranger-regression/schedule_eqchk.yml	true	true	7.075107	2.8009806469999603	443.064320
java-ranger-regression/WBS/WBS_prop1.yml	false	false	2.295067	1.0868601860001945	183.033856
java-ranger-regression/WBS/WBS_prop2.yml	true	true	5.267551	2.1300623179995455	274.665472
java-ranger-regression/WBS/WBS_prop3.yml	false	false	2.227532	1.0794258519999858	182.788096
java-ranger-regression/WBS/WBS_prop4.yml	false	false	5.293547	2.1900379689996043	297.172992
java-ranger-regression/alarm/Alarm_prop1.yml	true	true	3.103119	1.2911897289995977	205.344768
java-ranger-regression/alarm/Alarm_prop10.yml	true	true	3.044041	1.2445456929999636	207.601664
java-ranger-regression/alarm/Alarm_prop2.yml	true	true	3.049644	1.2799934630002099	205.795328
java-ranger-regression/alarm/Alarm_prop3.yml	true	true	3.031122	1.2639209469998605	208.781312
java-ranger-regression/alarm/Alarm_prop4.yml	true	true	3.093904	1.283755475000362	209.117184
java-ranger-regression/alarm/Alarm_prop5.yml	true	true	3.078293	1.2848527300011483	210.231296
java-ranger-regression/alarm/Alarm_prop6.yml	true	true	3.070375	1.294022762998793	211.664896
java-ranger-regression/alarm/Alarm_prop8.yml	true	true	3.061662	1.2866310469999007	209.805312
java-ranger-regression/alarm/Alarm_prop9.yml	true	true	3.001417	1.265223288000925	208.162816
java-ranger-regression/infusion/Infusion_prop1.yml	true	true	2.725062	1.193484403000184	193.945600
java-ranger-regression/infusion/Infusion_prop10.yml	true	true	2.679781	1.1763906739997765	195.653632
java-ranger-regression/infusion/Infusion_prop11.yml	true	true	2.607873	1.1722822600004292	195.481600
java-ranger-regression/infusion/Infusion_prop12.yml	true	true	2.69265	1.1815967339989584	196.415488
java-ranger-regression/infusion/Infusion_prop13.yml	true	true	2.570374	1.168334338000932	190.390272
java-ranger-regression/infusion/Infusion_prop2.yml	true	true	2.687004	1.1638260620002256	194.277376
java-ranger-regression/infusion/Infusion_prop3.yml	true	true	2.638661	1.1662071439986903	197.939200
java-ranger-regression/infusion/Infusion_prop4.yml	true	true	2.709433	1.1812984319985844	193.597440
java-ranger-regression/infusion/Infusion_prop5.yml	true	true	2.766134	1.1906784900002094	205.139968
java-ranger-regression/infusion/Infusion_prop6.yml	true	true	2.649244	1.1727043749997392	198.914048
java-ranger-regression/infusion/Infusion_prop7.yml	true	true	2.694937	1.172004497000671	203.976704
java-ranger-regression/infusion/Infusion_prop8.yml	true	true	2.69972	1.1765226229999826	195.342336
java-ranger-regression/infusion/Infusion_prop9.yml	true	true	2.632939	1.1752753550008492	195.305472
java-ranger-regression/siena_eqchk/siena_prop1.yml	true	unknown	7.028586	2.7120401300016965	443.015168
java-ranger-regression/siena_eqchk/siena_prop2.yml	false	false	6.259251	2.23391961499874	314.556416
java-ranger-regression/replace5_eqchk/replace5_prop1.yml	true	true	10.873939	4.270303405999584	539.475968
java-ranger-regression/replace5_eqchk/replace5_prop2.yml	false	false	2.686238	1.1973946730013267	188.850176
java-ranger-regression/nanoxml_eqchk/nanoxml_prop1.yml	true	unknown	2.978025	1.2842939689999184	186.503168
java-ranger-regression/nanoxml_eqchk/nanoxml_prop2.yml	false	unknown	3.010827	1.2922946990001947	182.063104
java-ranger-regression/nanoxml_eqchk/nanoxml_prop3.yml	false	unknown	3.048704	1.2981371370005945	186.626048
java-ranger-regression/printtokens_eqchk/printtokens_prop1.yml	true	unknown	2.498172	1.1148563179995108	196.308992
java-ranger-regression/printtokens_eqchk/printtokens_prop2.yml	false	false	2.561515	1.1538374979991204	196.632576
MinePump/spec1-5_product1.yml	false	false	2.442553	1.1291572590016585	188.309504
MinePump/spec1-5_product10.yml	false	false	2.363511	1.1012608949986316	189.378560
MinePump/spec1-5_product11.yml	false	false	3.765074	1.5065167649991054	227.487744
MinePump/spec1-5_product12.yml	false	false	2.552866	1.1555989850003243	193.429504
MinePump/spec1-5_product13.yml	false	false	2.456008	1.1360524290012108	203.673600
MinePump/spec1-5_product14.yml	false	false	2.350524	1.1141091410008812	184.221696
MinePump/spec1-5_product15.yml	false	false	3.799364	1.5195649170000252	231.333888
MinePump/spec1-5_product16.yml	false	false	2.563303	1.1487115590007306	197.337088
MinePump/spec1-5_product17.yml	false	false	2.332733	1.0993021670001326	188.051456
MinePump/spec1-5_product18.yml	false	false	2.349517	1.0974432380007784	197.042176
MinePump/spec1-5_product19.yml	false	false	3.729724	1.5313227610004105	233.361408
MinePump/spec1-5_product2.yml	false	false	2.378474	1.0963160560004326	196.898816
MinePump/spec1-5_product20.yml	false	false	2.539786	1.146725078999225	192.290816
MinePump/spec1-5_product21.yml	false	false	2.3313	1.0971136879998085	187.105280
MinePump/spec1-5_product22.yml	false	false	2.366792	1.1091892090007605	187.744256
MinePump/spec1-5_product23.yml	false	false	3.654793	1.4818454219985142	229.150720
MinePump/spec1-5_product24.yml	false	false	2.541685	1.1655161529997713	190.488576
MinePump/spec1-5_product25.yml	false	false	2.361575	1.106639460000224	187.179008
MinePump/spec1-5_product26.yml	false	false	2.411469	1.094882958001108	201.592832
MinePump/spec1-5_product27.yml	false	false	3.769763	1.5118578000001435	236.367872
MinePump/spec1-5_product28.yml	false	false	2.597744	1.1672666289996414	208.052224
MinePump/spec1-5_product29.yml	false	false	2.410588	1.0985703799997282	189.239296
MinePump/spec1-5_product3.yml	false	false	3.761681	1.5156795929997315	232.284160
MinePump/spec1-5_product30.yml	false	false	2.338986	1.0909398960011458	187.641856
MinePump/spec1-5_product31.yml	false	false	3.677954	1.493257674999768	227.835904
MinePump/spec1-5_product32.yml	false	false	2.494279	1.1480903390001913	191.590400
MinePump/spec1-5_product33.yml	false	false	2.295906	1.0878077300003497	187.736064
MinePump/spec1-5_product34.yml	false	false	2.286138	1.063175751000017	185.614336
MinePump/spec1-5_product35.yml	false	false	3.781772	1.5184266449996358	238.907392
MinePump/spec1-5_product36.yml	false	false	2.552393	1.1464610120001453	190.967808
MinePump/spec1-5_product37.yml	false	false	2.224302	1.0612982570000895	185.163776
MinePump/spec1-5_product38.yml	false	false	2.325029	1.0977037490010844	187.346944
MinePump/spec1-5_product39.yml	false	false	3.643258	1.4734746240010281	232.050688
MinePump/spec1-5_product4.yml	false	false	2.517387	1.1570591529998637	193.011712
MinePump/spec1-5_product40.yml	false	false	2.525408	1.1406124019995332	197.898240
MinePump/spec1-5_product41.yml	false	false	2.509088	1.1415330359996005	204.541952
MinePump/spec1-5_product42.yml	false	false	2.505136	1.1231268770006864	204.296192
MinePump/spec1-5_product43.yml	false	false	3.830465	1.5419489749983768	236.167168
MinePump/spec1-5_product44.yml	false	false	2.603941	1.1688369940002303	199.274496
MinePump/spec1-5_product45.yml	false	false	2.516564	1.1370561980002094	210.804736
MinePump/spec1-5_product46.yml	false	false	2.476155	1.138230859000032	194.441216
MinePump/spec1-5_product47.yml	false	false	3.859037	1.5488765049994981	235.057152
MinePump/spec1-5_product48.yml	false	false	2.572678	1.1587522600002558	194.752512
MinePump/spec1-5_product49.yml	false	false	2.340845	1.0851552069998434	189.063168
MinePump/spec1-5_product5.yml	false	false	2.375298	1.1005091900005937	201.449472
MinePump/spec1-5_product50.yml	false	false	2.347912	1.0816301300001214	188.035072
MinePump/spec1-5_product51.yml	false	false	3.667714	1.4914914700002555	229.871616
MinePump/spec1-5_product52.yml	false	false	2.548423	1.137332829001025	198.049792
MinePump/spec1-5_product53.yml	false	false	2.264168	1.0723638569998002	184.029184
MinePump/spec1-5_product54.yml	false	false	2.309632	1.0711567050002486	182.730752
MinePump/spec1-5_product55.yml	false	false	3.679787	1.4979111949996877	231.014400
MinePump/spec1-5_product56.yml	false	false	2.57421	1.1328608410003653	200.192000
MinePump/spec1-5_product57.yml	true	true	10.148242	3.8261431289993197	527.286272
MinePump/spec1-5_product58.yml	true	true	10.177726	3.9400684800002637	529.764352
MinePump/spec1-5_product59.yml	true	true	9.166132	3.6237877329986077	451.743744
MinePump/spec1-5_product6.yml	false	false	2.495716	1.1695853030014405	203.407360
MinePump/spec1-5_product60.yml	true	true	10.794317	3.8774749009990046	472.760320
MinePump/spec1-5_product61.yml	true	true	8.483381	3.775489445999483	532.492288
MinePump/spec1-5_product62.yml	true	true	10.229573	3.938013752000188	529.825792
MinePump/spec1-5_product63.yml	true	true	9.154543	3.7038267930001894	457.940992
MinePump/spec1-5_product64.yml	true	true	9.781235	3.709366791999855	460.697600
MinePump/spec1-5_product7.yml	false	false	3.776738	1.5134326639999927	237.678592
MinePump/spec1-5_product8.yml	false	false	2.538153	1.1491992570008733	193.511424
MinePump/spec1-5_product9.yml	false	false	2.401707	1.101048885999262	193.785856
algorithms/BellmanFord-FunSat01.yml	true	true	2.329725	1.117376662001334	195.727360
algorithms/BellmanFord-FunSat02.yml	false	unknown	2.05585	1.0309914749996096	179.314688
algorithms/BellmanFord-FunUnsat01.yml	false	false	2.358241	1.1213030529997923	192.655360
algorithms/BellmanFord-FunUnsat02.yml	false	unknown	2.068595	1.043041199000072	179.314688
algorithms/BellmanFord-MemSat01.yml	true	true	2.349683	1.101455600999543	192.897024
algorithms/BellmanFord-MemSat02.yml	true	unknown	2.072882	1.017419546000383	179.224576
algorithms/BellmanFord-MemUnsat01.yml	false	false	2.311698	1.1150987340006395	191.692800
algorithms/BellmanFord-MemUnsat02.yml	false	unknown	2.079391	1.0233548100004555	179.617792
algorithms/BinaryTreeSearch-FunSat01.yml	true	true	4.097082	1.634129240999755	247.144448
algorithms/BinaryTreeSearch-FunUnsat01.yml	false	false	2.26356	1.0794465100007073	183.734272
algorithms/BinaryTreeSearch-MemSat01.yml	true	true	4.033767	1.598251903000346	226.893824
algorithms/BinaryTreeSearch-MemUnsat01.yml	false	false	2.048719	1.0026118719997612	181.329920
algorithms/BinaryTreeSearch-MemUnsat02.yml	false	false	2.142495	1.049220910999793	182.177792
algorithms/InsertionSort-FunSat01.yml	true	true	2.341407	1.118536005000351	191.590400
algorithms/InsertionSort-FunSat02.yml	true	true	2.340384	1.0918883209997148	194.121728
algorithms/InsertionSort-FunUnsat01.yml	false	true	2.401203	1.1259964689998014	200.310784
algorithms/InsertionSort-MemSat01.yml	true	true	2.239445	1.0653966319987376	190.967808
algorithms/InsertionSort-MemUnsat01.yml	false	false	2.256886	1.0921379320006963	189.489152
algorithms/MergeSortIterative-FunSat01.yml	true	true	2.41647	1.1188893300004565	190.586880
algorithms/MergeSortIterative-FunSat02.yml	true	true	2.416124	1.1275855299991235	191.852544
algorithms/MergeSortIterative-FunUnsat01.yml	false	unknown	2.442529	1.1567123799995898	192.774144
algorithms/MergeSortIterative-MemSat01.yml	false	true	2.398543	1.101862658000755	191.078400
algorithms/MergeSortIterative-MemUnsat01.yml	false	true	2.423574	1.136649453001155	191.102976
algorithms/RedBlackTree-FunSat01.yml	true	true	2.823994	1.2386184759998287	211.812352
algorithms/RedBlackTree-FunUnsat01.yml	false	false	2.55649	1.1523563299997477	190.988288
algorithms/RedBlackTree-MemSat01.yml	true	true	4.806783	1.8506649310002103	244.867072
algorithms/RedBlackTree-MemUnsat01.yml	false	unknown	2.873154	1.286275538001064	211.910656
algorithms/SortedListInsert-FunSat01.yml	true	true	3.799123	1.59035499699894	227.213312
algorithms/SortedListInsert-FunSat02.yml	true	true	4.726242	1.8556127350002498	247.492608
algorithms/SortedListInsert-FunUnsat01.yml	false	false	2.422859	1.1246494429997256	205.803520
algorithms/SortedListInsert-MemSat01.yml	true	true	3.329296	1.431023561000984	229.281792
algorithms/SortedListInsert-MemUnsat01.yml	false	true	3.286884	1.3977925349990983	227.356672
algorithms/Trie-FunSat01.yml	true	true	2.184959	1.046416250999755	182.243328
algorithms/Trie-FunUnsat01.yml	false	false	2.176919	1.0576193609995244	181.239808
algorithms/Trie-MemSat01.yml	true	true	2.194787	1.0607623569994757	180.031488
algorithms/Trie-MemUnsat01.yml	false	false	2.246633	1.0543058340008429	185.569280
algorithms/Tsp-FunSat01.yml	false	unknown	2.091597	1.0252076879987726	179.716096
algorithms/Tsp-FunUnsat01.yml	false	unknown	2.094234	1.0238748880001367	182.685696
algorithms/Tsp-MemSat01.yml	true	unknown	2.102334	1.0442569669994555	179.408896
algorithms/Tsp-MemUnsat01.yml	false	unknown	2.079651	1.0234523430008267	178.999296
juliet-java/CWE369_Divide_by_Zero__float_connect_tcp_divide_01_bad.yml	false	unknown	2.128709	0.9980221219993837	131.317760
juliet-java/CWE369_Divide_by_Zero__float_connect_tcp_divide_01_bad_version2.yml	false	unknown	2.154223	1.0090460430001258	129.519616
juliet-java/CWE369_Divide_by_Zero__float_connect_tcp_divide_01_good.yml	true	unknown	2.145847	1.0057634840013634	129.847296
juliet-java/CWE369_Divide_by_Zero__float_connect_tcp_divide_81a_bad.yml	false	unknown	2.271251	1.0254940270006045	134.561792
juliet-java/CWE369_Divide_by_Zero__float_connect_tcp_divide_81a_bad_version2.yml	false	unknown	2.238899	1.0273270470006537	128.397312
juliet-java/CWE369_Divide_by_Zero__float_connect_tcp_divide_81a_good.yml	true	unknown	2.160607	1.0101360449989443	130.543616
juliet-java/CWE369_Divide_by_Zero__float_console_readLine_divide_54_bad.yml	false	unknown	2.131386	0.9871271419997356	126.136320
juliet-java/CWE369_Divide_by_Zero__float_console_readLine_divide_54_bad_version2.yml	false	unknown	2.19049	1.0038090750003903	125.698048
juliet-java/CWE369_Divide_by_Zero__float_console_readLine_divide_54_good.yml	true	unknown	2.2171	1.0192060899989883	127.967232
jdart-regression/OverapproximationString01.yml	false	false	2.143028	1.0416738140011148	179.318784
jdart-regression/URLDecoder01.yml	true	unknown	1.865617	0.9284297869999136	126.107648
jdart-regression/URLDecoder02.yml	false	unknown	1.917167	0.9540107310003805	125.263872
jdart-regression/addition01.yml	false	true	2.162864	1.0427691059994686	184.266752
jdart-regression/array-iteration01.yml	false	false	2.292084	1.0923012080002081	220.614656
jdart-regression/boundcheck100.yml	false	false	3.273595	1.3947730609997961	271.949824
jdart-regression/boundcheck200.yml	false	false	4.322224	1.9935775590001867	516.980736
jdart-regression/boundcheck30.yml	false	false	2.241359	1.0585724950014992	192.643072
jdart-regression/double2long.yml	false	unknown	2.11211	1.0472988429992256	182.312960
jdart-regression/float.yml	false	true	1.992299	0.9893750539995381	180.121600
jdart-regression/list2.yml	true	true	15.649903	7.271854851000171	582.782976
jdart-regression/radians.yml	false	unknown	1.950628	0.9645477069989283	125.100032
jdart-regression/shifting.yml	false	unknown	2.002041	1.023562910999317	179.494912
jdart-regression/shifting2.yml	false	unknown	1.994696	0.9892430950003472	179.306496
jdart-regression/shifting3.yml	false	unknown	1.972502	0.998572697999407	179.101696
jdart-regression/startswith.yml	true	true	2.189255	1.0558152749999863	182.628352
securibench/Aliasing1.yml	false	false	4.22471	1.6238552209997579	189.165568
securibench/Aliasing2.yml	true	true	3.711037	1.4489809349997813	129.691648
securibench/Aliasing3.yml	true	true	3.698278	1.4540162140001485	130.564096
securibench/Aliasing4.yml	false	false	4.197017	1.6199066270000912	189.468672
securibench/Aliasing5.yml	false	false	4.183344	1.6019430809992627	188.936192
securibench/Aliasing6.yml	false	false	4.618953	1.7494578220012045	218.832896
securibench/Arrays1.yml	false	false	4.056763	1.5746227119998366	200.474624
securibench/Arrays10.yml	false	unknown	3.987707	1.5428667219985073	198.938624
securibench/Arrays2.yml	false	false	4.23297	1.6262596159995155	209.924096
securibench/Arrays3.yml	false	false	4.020356	1.5793411650010967	194.871296
securibench/Arrays4.yml	false	false	3.907189	1.5552798790013185	188.350464
securibench/Arrays5.yml	true	true	3.693499	1.451134279001053	130.822144
securibench/Arrays6.yml	false	false	3.948469	1.569844997000473	188.387328
securibench/Arrays7.yml	false	false	4.025148	1.57611645399993	191.979520
securibench/Arrays8.yml	false	false	4.25517	1.610652826999285	204.443648
securibench/Arrays9.yml	false	false	4.406197	1.6314386159992864	203.542528
securibench/Basic1.yml	false	false	3.965988	1.5771772499992949	189.489152
securibench/Basic10.yml	false	false	4.025437	1.5801493149992893	196.005888
securibench/Basic11.yml	false	unknown	3.759874	1.4594724649996351	127.897600
securibench/Basic12.yml	false	false	4.307701	1.6634874569990643	226.574336
securibench/Basic15.yml	false	false	3.974152	1.5573137279989169	189.804544
securibench/Basic16.yml	false	false	3.966285	1.572769051999785	189.857792
securibench/Basic17.yml	false	false	3.962401	1.5866214389989182	189.067264
securibench/Basic18.yml	false	false	4.649258	1.8156309709993366	224.636928
securibench/Basic19.yml	false	false	3.943964	1.5720334369998454	191.737856
securibench/Basic2.yml	false	false	4.429392	1.6726716459997988	225.644544
securibench/Basic20.yml	false	false	3.876834	1.5418637039983878	187.928576
securibench/Basic21.yml	false	unknown	4.333798	1.6118816809994314	189.386752
securibench/Basic24.yml	false	unknown	4.109578	1.5697959159988386	187.265024
securibench/Basic25.yml	false	unknown	4.199386	1.5887372719989798	194.670592
securibench/Basic26.yml	false	false	3.991197	1.5906157580011495	189.612032
securibench/Basic27.yml	false	false	4.086008	1.6061146650008595	189.362176
securibench/Basic28.yml	true	true	3.877439	1.4820606770008453	129.134592
securibench/Basic29.yml	false	false	4.229272	1.6232334399992396	188.960768
securibench/Basic3.yml	false	unknown	3.706269	1.4458274700009497	131.063808
securibench/Basic30.yml	false	false	3.955535	1.5666147069987346	190.078976
securibench/Basic31.yml	false	false	4.269143	1.6466032219996123	203.878400
securibench/Basic32.yml	false	false	4.24429	1.604271524000069	206.716928
securibench/Basic33.yml	false	false	4.342037	1.6468245390005904	202.203136
securibench/Basic34.yml	false	false	4.253277	1.628760734000025	202.047488
securibench/Basic35.yml	false	false	4.65768	1.860973657001523	210.116608
securibench/Basic37.yml	false	unknown	4.0787	1.567075353999826	205.103104
securibench/Basic38.yml	false	unknown	3.859211	1.54294311600097	204.447744
securibench/Basic39.yml	false	unknown	4.049248	1.5694165810000413	205.099008
securibench/Basic4.yml	false	false	4.070811	1.6192602510000143	223.748096
securibench/Basic5.yml	false	unknown	3.969649	1.5249091980003868	128.602112
securibench/Basic6.yml	true	unknown	3.706624	1.4337073940005212	128.434176
securibench/Basic7.yml	false	unknown	3.7466	1.4440148970006703	127.275008
securibench/Basic8.yml	true	true	3.601685	1.4350622839992866	128.978944
securibench/Basic9.yml	false	false	3.97974	1.5939672069998778	212.979712
securibench/Collections1.yml	false	false	4.241223	1.6227036130003398	198.287360
securibench/Collections10.yml	false	false	4.043088	1.591507406999881	193.560576
securibench/Collections12.yml	false	false	4.00367	1.5674279579998256	198.746112
securibench/Collections13.yml	false	false	4.150457	1.623580473000402	197.722112
securibench/Collections14.yml	false	false	5.517712	2.061281610000151	302.702592
securibench/Collections2.yml	false	false	4.20439	1.6075136680010473	191.533056
securibench/Collections3.yml	false	false	4.222541	1.5917778460006957	201.486336
securibench/Collections4.yml	false	false	4.23833	1.6387993620010093	197.242880
securibench/Collections5.yml	false	false	4.065394	1.584672891000082	193.257472
securibench/Collections6.yml	false	false	3.99609	1.5730212469989056	199.229440
securibench/Collections7.yml	false	false	4.17304	1.6956443010003568	196.272128
securibench/Collections8.yml	true	true	3.793889	1.478312069999447	136.007680
securibench/Collections9.yml	true	unknown	4.111969	1.5822319260005315	200.847360
securibench/Datastructures1.yml	false	false	3.969001	1.5913369949994376	189.767680
securibench/Datastructures2.yml	false	false	4.078508	1.5829096519992163	193.638400
securibench/Datastructures3.yml	false	false	4.065604	1.5840888820002874	189.624320
securibench/Datastructures4.yml	true	true	3.607343	1.4483429749998322	130.375680
securibench/Datastructures5.yml	false	unknown	3.797508	1.4463871629995992	128.774144
securibench/Datastructures6.yml	false	false	6.176439	2.2998762959996384	377.368576
securibench/Factories1.yml	false	unknown	3.596711	1.4358652659993822	127.250432
securibench/Factories2.yml	false	false	4.216454	1.5896594480000203	189.407232
securibench/Factories3.yml	false	false	4.378359	1.648402819999319	202.280960
securibench/Inter1.yml	false	false	3.958818	1.5557058519989369	188.887040
securibench/Inter10.yml	false	unknown	3.862908	1.4738041350010462	129.384448
securibench/Inter11.yml	false	unknown	3.876839	1.4796368749994144	128.700416
securibench/Inter12.yml	false	false	4.276666	1.6167915330006508	198.602752
securibench/Inter13.yml	false	false	4.359818	1.6633576620006352	220.008448
securibench/Inter14.yml	false	false	4.829649	1.9052477609984635	214.097920
securibench/Inter2.yml	false	false	3.972842	1.5913350419996277	194.228224
securibench/Inter3.yml	false	false	4.518321	1.7604049099991244	207.081472
securibench/Inter4.yml	false	false	4.387474	1.6561415279993525	211.148800
securibench/Inter5.yml	false	unknown	3.603639	1.4403668800005107	129.122304
securibench/Inter6.yml	false	false	3.979163	1.5613487940008781	189.243392
securibench/Inter7.yml	false	false	4.076648	1.5913806980006484	189.325312
securibench/Inter8.yml	false	false	3.955279	1.5713947849999386	197.726208
securibench/Inter9.yml	false	unknown	3.666844	1.4263847800011717	128.696320
securibench/Pred1.yml	true	true	3.555202	1.4195853299988812	128.540672
securibench/Pred2.yml	false	false	4.073736	1.6274102620009216	220.454912
securibench/Pred3.yml	true	true	3.869019	1.5214174650009227	186.519552
securibench/Pred4.yml	false	false	4.334455	1.6086017249999713	211.259392
securibench/Pred5.yml	false	false	4.263899	1.6380543600007513	200.265728
securibench/Pred6.yml	true	true	3.747957	1.4602247420007188	127.610880
securibench/Pred7.yml	true	true	3.807438	1.4726536680009303	137.039872
securibench/Pred8.yml	false	false	4.266471	1.6412674379989767	189.657088
securibench/Pred9.yml	true	true	4.139228	1.5955536029996438	188.551168
securibench/Refl1.yml	false	false	4.239571	1.6386081820000982	192.376832
securibench/Refl2.yml	false	true	3.688353	1.4461395870002889	131.305472
securibench/Refl3.yml	false	false	4.34516	1.6401990570011549	199.245824
securibench/Refl4.yml	false	false	4.389139	1.6642498720011645	201.961472
securibench/Sanitizers1.yml	false	unknown	5.534396	2.6111207630001445	257.118208
securibench/Sanitizers2.yml	true	unknown	5.424945	2.361895505000575	254.263296
securibench/Sanitizers3.yml	true	unknown	4.193713	1.590391104999071	190.103552
securibench/Sanitizers4.yml	false	TIMEOUT	900.180711	899.6086862639986	1187.094528
securibench/Sanitizers5.yml	false	unknown	4.31555	1.625606116000199	187.072512
securibench/Sanitizers6.yml	true	unknown	3.837572	1.536861818000034	204.476416
securibench/Session1.yml	false	false	4.428421	1.6629756130005262	203.444224
securibench/Session2.yml	false	false	4.212141	1.6374775730000692	190.947328
securibench/Session3.yml	false	false	4.135538	1.608584443001746	204.648448
securibench/StrongUpdates1.yml	true	true	3.694882	1.4425164260010206	129.605632
securibench/StrongUpdates2.yml	true	true	3.830401	1.4777364159999706	130.281472
securibench/StrongUpdates3.yml	true	true	3.94245	1.4989631450007437	130.793472
securibench/StrongUpdates4.yml	true	true	3.812764	1.467380772000979	130.752512
securibench/StrongUpdates5.yml	true	unknown	3.899041	1.482866134001597	129.585152
float-nonlinear-calculation/Bessel.yml	true	true	2.401941	1.1280267399997683	192.229376
float-nonlinear-calculation/Conflict.yml	true	unknown	2.801216	1.2562415699994745	200.466432
float-nonlinear-calculation/EulerMethod.yml	false	false	3.133922	1.393615041000885	420.732928
float-nonlinear-calculation/MathSin.yml	false	unknown	2.851576	1.2033642999995209	126.984192
float-nonlinear-calculation/Optimization1.yml	false	false	2.99476	1.271527505999984	183.848960
float-nonlinear-calculation/Optimization2.yml	false	false	2.794989	1.232547126001009	183.627776
float-nonlinear-calculation/Optimization3.yml	false	unknown	2.96328	1.2647561489993677	180.719616
float-nonlinear-calculation/Optimization4.yml	false	unknown	2.730613	1.2187785980004264	182.923264
float-nonlinear-calculation/Optimization5.yml	false	unknown	2.76461	1.2271811150003487	180.408320
float-nonlinear-calculation/Optimization6.yml	false	false	2.942073	1.2650464159996773	185.036800
float-nonlinear-calculation/PartitionEx.yml	true	true	2.100127	1.0336619119989336	181.198848
float-nonlinear-calculation/TurnLogic.yml	true	true	1.989429	0.9679164980007045	134.053888
float-nonlinear-calculation/coral1.yml	false	false	3.00624	1.2686170369997853	182.022144
float-nonlinear-calculation/coral10.yml	false	false	2.845065	1.2498230780001904	183.271424
float-nonlinear-calculation/coral11.yml	false	unknown	2.874096	1.251645008000196	179.146752
float-nonlinear-calculation/coral12.yml	false	unknown	2.946888	1.2784235369999806	180.318208
float-nonlinear-calculation/coral13.yml	false	unknown	2.747458	1.2381138450000435	179.941376
float-nonlinear-calculation/coral14.yml	false	unknown	2.902578	1.2578319539989025	178.896896
float-nonlinear-calculation/coral15.yml	false	unknown	2.882631	1.2430869769996207	179.216384
float-nonlinear-calculation/coral16.yml	false	unknown	2.727992	1.2218196319990966	181.264384
float-nonlinear-calculation/coral17.yml	false	unknown	2.957095	1.2590396469986445	179.027968
float-nonlinear-calculation/coral18.yml	false	unknown	2.990015	1.2640537000006589	179.945472
float-nonlinear-calculation/coral19.yml	false	unknown	2.878014	1.2347195639995334	180.793344
float-nonlinear-calculation/coral2.yml	false	false	2.932808	1.2662052830000903	181.788672
float-nonlinear-calculation/coral20.yml	false	false	2.84263	1.2440567269986786	182.419456
float-nonlinear-calculation/coral21.yml	false	false	3.000942	1.2641304380013025	186.675200
float-nonlinear-calculation/coral22.yml	false	unknown	2.995947	1.278724494999551	181.694464
float-nonlinear-calculation/coral23.yml	true	unknown	3.036126	1.278340893000859	182.611968
float-nonlinear-calculation/coral26.yml	true	unknown	2.976259	1.2862080390004849	184.705024
float-nonlinear-calculation/coral27.yml	false	false	2.879669	1.264302902000054	183.549952
float-nonlinear-calculation/coral28.yml	false	unknown	2.88589	1.2485039380007947	179.437568
float-nonlinear-calculation/coral29.yml	false	unknown	2.757615	1.218867739999041	179.605504
float-nonlinear-calculation/coral3.yml	true	unknown	2.946366	1.2760043060006865	181.219328
float-nonlinear-calculation/coral30.yml	false	unknown	2.753778	1.166250760999901	125.214720
float-nonlinear-calculation/coral31.yml	false	unknown	2.832195	1.2550837210001191	181.805056
float-nonlinear-calculation/coral32.yml	false	unknown	2.856484	1.2429627490000712	179.965952
float-nonlinear-calculation/coral33.yml	false	unknown	2.721989	1.2448634560005303	178.823168
float-nonlinear-calculation/coral34.yml	false	unknown	2.805395	1.2294590239998797	179.503104
float-nonlinear-calculation/coral35.yml	false	unknown	2.987328	1.265686116001234	179.675136
float-nonlinear-calculation/coral36.yml	false	unknown	2.717477	1.1563516610003717	124.108800
float-nonlinear-calculation/coral38.yml	false	unknown	2.700198	1.200263635999363	179.855360
float-nonlinear-calculation/coral39.yml	false	unknown	2.936112	1.241122394998456	180.445184
float-nonlinear-calculation/coral4.yml	false	unknown	2.876835	1.265903735999018	178.962432
float-nonlinear-calculation/coral40.yml	false	false	2.77655	1.2172021559999848	182.415360
float-nonlinear-calculation/coral41.yml	false	unknown	2.826583	1.2427220859990484	182.185984
float-nonlinear-calculation/coral42.yml	false	unknown	2.691285	1.2095270810004877	179.916800
float-nonlinear-calculation/coral43.yml	false	unknown	2.906383	1.250313674001518	178.769920
float-nonlinear-calculation/coral44.yml	false	unknown	2.671211	1.213065039999492	180.473856
float-nonlinear-calculation/coral45.yml	false	unknown	2.920502	1.2506931890002306	179.441664
float-nonlinear-calculation/coral46.yml	true	unknown	2.751886	1.2371852550004405	180.113408
float-nonlinear-calculation/coral48.yml	false	false	2.99034	1.2741359690007812	182.919168
float-nonlinear-calculation/coral49.yml	false	unknown	2.954247	1.2667656370012992	179.728384
float-nonlinear-calculation/coral5.yml	true	unknown	2.799085	1.2517825989998528	182.865920
float-nonlinear-calculation/coral50.yml	false	unknown	2.849303	1.2209198719992855	177.872896
float-nonlinear-calculation/coral51.yml	false	unknown	2.833491	1.2528715380012727	179.494912
float-nonlinear-calculation/coral52.yml	false	unknown	2.903381	1.255884218000574	179.875840
float-nonlinear-calculation/coral53.yml	false	unknown	2.762113	1.2228042890001234	179.462144
float-nonlinear-calculation/coral54.yml	false	unknown	2.828208	1.2474272009985725	180.121600
float-nonlinear-calculation/coral55.yml	true	unknown	2.885635	1.2329634190009529	181.436416
float-nonlinear-calculation/coral56.yml	false	unknown	2.902931	1.2351787389998208	181.465088
float-nonlinear-calculation/coral57.yml	false	unknown	2.98188	1.2899397420005698	181.243904
float-nonlinear-calculation/coral58.yml	false	unknown	2.925099	1.2701126270003442	180.756480
float-nonlinear-calculation/coral59.yml	false	unknown	2.883204	1.2499839639986021	180.260864
float-nonlinear-calculation/coral6.yml	false	false	3.03123	1.272775849000027	183.353344
float-nonlinear-calculation/coral60.yml	false	unknown	2.832611	1.2393219959994894	181.239808
float-nonlinear-calculation/coral61.yml	false	unknown	2.94424	1.2549339289998898	182.673408
float-nonlinear-calculation/coral62.yml	false	unknown	2.941621	1.2656331660000433	183.300096
float-nonlinear-calculation/coral63.yml	false	unknown	2.79074	1.2431798880006681	182.460416
float-nonlinear-calculation/coral64.yml	false	unknown	2.992965	1.2661921290000464	183.042048
float-nonlinear-calculation/coral65.yml	false	unknown	2.775775	1.2382838430003176	183.111680
float-nonlinear-calculation/coral66.yml	false	unknown	2.981732	1.2723989100013569	183.132160
float-nonlinear-calculation/coral67.yml	false	unknown	2.771518	1.2282104140012962	181.145600
float-nonlinear-calculation/coral68.yml	false	unknown	2.942816	1.2690283470001305	181.219328
float-nonlinear-calculation/coral69.yml	false	unknown	2.804559	1.2591545930008579	181.530624
float-nonlinear-calculation/coral71.yml	false	false	3.059952	1.2929929890015046	191.762432
float-nonlinear-calculation/coral72.yml	false	false	3.088407	1.30269716300063	185.290752
float-nonlinear-calculation/coral73.yml	false	false	3.090863	1.3126693309986877	205.541376
float-nonlinear-calculation/coral74.yml	false	false	3.160689	1.3010185940001975	185.962496
float-nonlinear-calculation/coral75.yml	false	false	3.059069	1.3089240819990664	191.868928
float-nonlinear-calculation/coral76.yml	false	false	3.099553	1.2915609540013975	185.368576
float-nonlinear-calculation/coral77.yml	false	false	3.056508	1.307136879000609	196.816896
float-nonlinear-calculation/coral79.yml	false	unknown	3.054349	1.2806691750010941	184.381440
float-nonlinear-calculation/coral80.yml	true	true	2.897692	1.2573899819999497	187.060224
float-nonlinear-calculation/coral81.yml	false	false	2.790975	1.2402076340003987	182.870016
float-nonlinear-calculation/coral84.yml	false	false	2.827971	1.2606318529997225	185.401344
float-nonlinear-calculation/coral9.yml	false	false	2.817526	1.2410253819998616	182.841344
float-nonlinear-calculation/coral91.yml	true	unknown	2.846182	1.250437566999608	180.989952
