tool		SPF Sun Jun 22 08:28:51 PM IST 2025	SPF Sun Jun 22 08:28:51 PM IST 2025	SPF Sun Jun 22 08:28:51 PM IST 2025	SPF Sun Jun 22 08:28:51 PM IST 2025	SPF Sat Jun 14 11:29:35 PM IST 2025	SPF Sat Jun 14 11:29:35 PM IST 2025	SPF Sat Jun 14 11:29:35 PM IST 2025	SPF Sat Jun 14 11:29:35 PM IST 2025
run set		SV-COMP25_assert_java.ReachSafety-Java	SV-COMP25_assert_java.ReachSafety-Java	SV-COMP25_assert_java.ReachSafety-Java	SV-COMP25_assert_java.ReachSafety-Java	SV-COMP25_assert_java.ReachSafety-Java	SV-COMP25_assert_java.ReachSafety-Java	SV-COMP25_assert_java.ReachSafety-Java	SV-COMP25_assert_java.ReachSafety-Java
sv-benchmarks/java/		status	cputime (s)	walltime (s)	memory (MB)	status	cputime (s)	walltime (s)	memory (MB)
jayhorn-recursive/Ackermann01.yml	false	false	3.822346	1.968050970999684	172.990464	false	1.67889	0.9103060880006524	109.563904
jayhorn-recursive/Addition.yml	true	true	4.265166	1.984459651999714	179.064832	true	1.804719	0.9314391929983685	122.593280
jayhorn-recursive/InfiniteLoop.yml	false	false	3.761224	1.8357449360000828	174.309376	false	1.583386	0.8557799480004178	112.156672
jayhorn-recursive/SatAckermann01.yml	true	true	14.66387	8.160262168999907	563.200000	true	8.984559	5.8376730759991915	352.387072
jayhorn-recursive/SatAckermann02.yml	true	true	10.297944	6.050384846999805	592.023552	true	8.708555	5.691691439998976	351.866880
jayhorn-recursive/SatAckermann03.yml	true	true	10.456903	6.146028771000601	588.906496	true	9.021043	5.852790285000083	352.550912
jayhorn-recursive/SatAddition01.yml	true	true	2.311205	1.0939327010000852	182.562816	true	1.802453	0.9768890779996582	116.142080
jayhorn-recursive/SatEvenOdd01.yml	true	true	3.748223	1.731980776000455	182.804480	true	1.730696	0.8839704040001379	96.129024
jayhorn-recursive/SatFibonacci01.yml	true	true	6.115338	2.5323538619995816	229.957632	true	2.098803	1.006794639997679	121.831424
jayhorn-recursive/SatFibonacci02.yml	true	true	3.222526	1.6335716889998366	115.200000	true	1.430904	0.7225184970011469	68.284416
jayhorn-recursive/SatFibonacci03.yml	true	true	6.900646	2.8351201440000295	250.830848	true	2.461576	1.1976109180031926	157.933568
jayhorn-recursive/SatGcd.yml	true	true	5.777436	2.5155933380001443	217.395200	true	2.026042	1.0117707760000485	108.167168
jayhorn-recursive/SatHanoi01.yml	true	true	10.688497	5.0417968000001565	547.045376	true	3.942936	2.2352237480008625	225.808384
jayhorn-recursive/SatMccarthy91.yml	true	true	8.944381	4.85624041400024	564.510720	true	6.249392	3.897713656999258	351.367168
jayhorn-recursive/SatMultCommutative01.yml	true	true	2.758142	1.2660352240000066	199.528448	true	1.805726	0.8844503879990953	99.987456
jayhorn-recursive/SatPrimes01.yml	true	TIMEOUT	900.704236	834.1306435830002	1815.703552	unknown	578.454378	501.61815267400016	735.244288
jayhorn-recursive/UnsatAckermann01.yml	false	false	2.182655	1.0510098150007252	175.390720	false	1.624171	0.8337716560017725	95.690752
jayhorn-recursive/UnsatAddition01.yml	false	false	2.817779	1.321640686000137	177.287168	false	1.589127	0.8025612599994929	96.112640
jayhorn-recursive/UnsatAddition02.yml	false	true	4.590738	2.1348894399998244	211.849216	true	1.734266	0.8786278299994592	100.126720
jayhorn-recursive/UnsatEvenOdd01.yml	false	false	3.958019	1.9353725900000427	174.129152	false	1.558309	0.8114237980007601	95.035392
jayhorn-recursive/UnsatFibonacci01.yml	false	false	4.049776	1.9659319319998758	178.909184	false	1.599108	0.8108272909994412	97.112064
jayhorn-recursive/UnsatFibonacci02.yml	false	false	5.288986	2.318347843999618	219.475968	false	1.961075	0.9681429819975165	114.204672
jayhorn-recursive/UnsatMccarthy91.yml	false	false	3.790365	1.8908405210004275	173.740032	false	1.563176	0.8097698580022552	95.686656
jbmc-regression/ArithmeticException1.yml	false	false	3.69041	1.849971278999874	174.198784	false	1.638399	0.8406493440015765	95.772672
jbmc-regression/ArithmeticException5.yml	true	true	3.23011	1.6756916790000105	114.647040	true	1.539296	0.7709836239992001	69.742592
jbmc-regression/ArithmeticException6.yml	false	false	3.718992	1.8727114690000235	173.318144	false	1.628261	0.8525096499979554	95.068160
jbmc-regression/ArrayIndexOutOfBoundsException1.yml	false	false	3.811546	1.965235974999814	175.357952	false	1.547276	0.7840577919996576	96.194560
jbmc-regression/ArrayIndexOutOfBoundsException2.yml	false	false	3.874971	1.914737924000292	175.095808	false	1.60631	0.8223390940001991	95.588352
jbmc-regression/ArrayIndexOutOfBoundsException3.yml	false	false	3.609498	1.8573902099997213	173.711360	false	1.613156	0.8159010730014415	95.633408
jbmc-regression/BufferedReaderReadLine.yml	false	false	3.911761	1.9458410770002956	175.271936	false	1.73046	0.8606613240008301	109.006848
jbmc-regression/CharSequenceBug.yml	false	false	3.692011	1.8665912160004154	173.428736	false	1.534344	0.7784094349990482	94.810112
jbmc-regression/CharSequenceToString.yml	true	false	3.754767	1.9368696100000307	174.469120	false	1.552262	0.7939229690018692	95.907840
jbmc-regression/ClassCastException1.yml	false	false	3.416951	1.731321886999467	117.518336	false	1.516193	0.7446536499992362	68.886528
jbmc-regression/ClassCastException2.yml	true	true	3.411859	1.7382043699999485	115.449856	true	1.502283	0.7480270749983902	68.157440
jbmc-regression/ClassCastException3.yml	false	false	3.484407	1.7628205639994121	113.860608	false	1.514936	0.7691262860025745	68.374528
jbmc-regression/Class_method1.yml	true	true	3.336034	1.7589453370001138	116.326400	true	1.487819	0.7519712559987966	68.497408
jbmc-regression/Inheritance1.yml	true	true	3.363617	1.7233424839996587	116.305920	true	1.543884	0.7820534749989747	68.407296
jbmc-regression/NegativeArraySizeException1.yml	false	false	3.314303	1.7458036400003039	115.150848	false	1.450651	0.7318179270005203	67.887104
jbmc-regression/NegativeArraySizeException2.yml	false	false	3.276279	1.6992785590000494	115.245056	false	1.562344	0.7883423410021351	68.763648
jbmc-regression/NullPointerException1.yml	true	true	3.323429	1.7190045880006437	115.879936	true	1.492355	0.7561922950008011	67.772416
jbmc-regression/NullPointerException2.yml	false	false	3.293792	1.700726205999672	115.560448	false	1.508326	0.7574880730026052	68.460544
jbmc-regression/NullPointerException3.yml	false	false	3.31555	1.7003121190000456	118.108160	false	1.462793	0.7393899070011685	69.214208
jbmc-regression/NullPointerException4.yml	false	false	3.317459	1.6906177959999695	115.003392	false	1.506566	0.7504830620018765	68.898816
jbmc-regression/RegexMatches01.yml	true	true	3.41914	1.7493427950003024	116.752384	true	1.483571	0.7446061910013668	68.841472
jbmc-regression/RegexMatches02.yml	false	true	3.426708	1.757426273999954	117.145600	true	1.566654	0.7735849669988966	69.808128
jbmc-regression/RegexSubstitution01.yml	true	true	3.538624	1.826218899000196	119.091200	true	1.61209	0.8008323670001118	69.431296
jbmc-regression/RegexSubstitution02.yml	false	unknown	3.643936	1.8150916450003933	117.608448	unknown	1.601895	0.7985424060025252	73.682944
jbmc-regression/RegexSubstitution03.yml	true	true	3.680664	1.8071772229995986	119.119872	true	1.560811	0.7718061799969291	72.200192
jbmc-regression/StaticCharMethods01.yml	true	true	3.41247	1.7039026410002407	114.954240	true	1.518787	0.7551520039996831	67.678208
jbmc-regression/StaticCharMethods02.yml	false	false	3.840822	1.8976377939998201	172.793856	false	1.668216	0.8466600110004947	95.854592
jbmc-regression/StaticCharMethods03.yml	false	false	3.923362	1.9627225450003607	173.506560	false	1.670829	0.8621707789970969	97.640448
jbmc-regression/StaticCharMethods04.yml	false	false	3.02906	1.6135938460001853	118.685696	false	1.505665	0.7673094359997776	69.894144
jbmc-regression/StaticCharMethods05.yml	false	unknown	2.74579	1.3660567780007113	119.111680	unknown	1.621041	0.7907763369985332	70.389760
jbmc-regression/StaticCharMethods06.yml	true	true	2.479573	1.3186841739998272	174.227456	true	1.55308	0.7748852129989245	94.982144
jbmc-regression/StringBuilderAppend01.yml	true	true	2.663542	1.2739735400000427	121.094144	true	1.515579	0.7463219279998157	69.570560
jbmc-regression/StringBuilderAppend02.yml	false	unknown	3.649326	1.837636147000012	118.460416	unknown	1.550284	0.7620324270028505	69.709824
jbmc-regression/StringBuilderCapLen01.yml	true	true	3.550661	1.840485771999738	118.915072	true	1.527297	0.7512344530005066	69.787648
jbmc-regression/StringBuilderCapLen02.yml	false	false	3.560414	1.818273312999736	121.278464	false	1.547713	0.7784826550014259	72.339456
jbmc-regression/StringBuilderCapLen03.yml	false	unknown	3.470183	1.786802335000175	116.854784	unknown	1.553885	0.7852647899999283	69.525504
jbmc-regression/StringBuilderCapLen04.yml	false	unknown	3.363973	1.7046716490003746	118.251520	unknown	1.485704	0.7389234789989132	68.784128
jbmc-regression/StringBuilderChars01.yml	true	true	3.440999	1.7368409560003784	118.579200	true	1.602196	0.7899978839996038	69.296128
jbmc-regression/StringBuilderChars02.yml	false	false	3.510782	1.7450252090002323	120.123392	false	1.561421	0.7930947710010514	73.195520
jbmc-regression/StringBuilderChars03.yml	false	unknown	3.339112	1.7189422430001287	116.944896	unknown	1.524949	0.7571109340024123	69.107712
jbmc-regression/StringBuilderChars04.yml	false	unknown	3.569838	1.7916055929999857	119.099392	unknown	1.488047	0.7554556830000365	68.956160
jbmc-regression/StringBuilderChars05.yml	false	unknown	3.532044	1.8026233820000925	116.645888	unknown	1.587391	0.7995272119987931	69.451776
jbmc-regression/StringBuilderChars06.yml	false	unknown	3.543624	1.7971855109999524	117.792768	unknown	1.537612	0.7928781990012794	69.763072
jbmc-regression/StringBuilderConstructors01.yml	true	unknown	3.680509	1.8815297670007567	173.154304	unknown	1.66711	0.8491649919997144	94.683136
jbmc-regression/StringBuilderConstructors02.yml	false	unknown	3.30972	1.661946674000319	118.738944	unknown	1.533986	0.7641528249987459	70.307840
jbmc-regression/StringBuilderInsertDelete01.yml	true	true	3.678075	1.8490634449999561	119.545856	true	1.58943	0.7852173939973	69.681152
jbmc-regression/StringBuilderInsertDelete02.yml	false	unknown	3.637023	1.8626697999998214	116.785152	unknown	1.611232	0.7955408890011313	68.808704
jbmc-regression/StringBuilderInsertDelete03.yml	false	unknown	3.617891	1.8486457019998852	118.689792	unknown	1.587661	0.7913485320023028	69.296128
jbmc-regression/StringCompare01.yml	true	true	3.358529	1.7440486089999467	116.305920	true	1.629721	0.8045539650011051	73.281536
jbmc-regression/StringCompare02.yml	false	unknown	3.375851	1.7158756959997845	117.624832	unknown	1.500697	0.7445752559979155	69.341184
jbmc-regression/StringCompare03.yml	false	unknown	3.372999	1.7274214070002927	116.240384	unknown	1.62814	0.810231028997805	70.971392
jbmc-regression/StringCompare04.yml	false	unknown	3.494795	1.773542704000647	115.879936	unknown	1.485295	0.7485018849984044	69.095424
jbmc-regression/StringCompare05.yml	false	false	3.211031	1.6862551929998517	119.439360	false	1.538139	0.7748631660033425	69.451776
jbmc-regression/StringConcatenation01.yml	true	false	3.649266	1.8405709959997694	122.519552	false	1.592735	0.8098670959989249	72.404992
jbmc-regression/StringConcatenation02.yml	false	false	3.437916	1.7662378659997557	120.188928	false	1.55115	0.7607268970023142	72.314880
jbmc-regression/StringConcatenation03.yml	false	false	3.480894	1.7581219869998677	119.799808	false	1.675254	0.8668760510008724	74.510336
jbmc-regression/StringConcatenation04.yml	false	false	3.439588	1.7914765209998222	118.931456	false	1.527617	0.7751142769993749	72.019968
jbmc-regression/StringConstructors01.yml	true	true	3.424089	1.744670398999915	117.043200	true	1.525128	0.7502011930009758	68.616192
jbmc-regression/StringConstructors02.yml	false	false	3.486604	1.7738384569993286	120.434688	false	1.629294	0.8153320609999355	72.720384
jbmc-regression/StringConstructors03.yml	false	false	3.349907	1.7172974179993616	118.489088	false	1.60886	0.8242355900001712	72.536064
jbmc-regression/StringConstructors04.yml	false	false	3.570146	1.791329585999847	123.789312	false	1.605317	0.807306589998916	72.949760
jbmc-regression/StringConstructors05.yml	false	false	3.641658	1.8120547429998624	124.526592	false	1.65235	0.8254902549997496	73.682944
jbmc-regression/StringContains01.yml	false	false	3.542686	1.7823923249998188	120.950784	false	1.581708	0.8031232089997502	72.212480
jbmc-regression/StringContains02.yml	false	false	3.550664	1.7575587920000544	121.667584	false	1.596974	0.8071113940022769	72.822784
jbmc-regression/StringIndexMethods01.yml	true	true	3.481121	1.7459402489994318	116.146176	true	1.525852	0.753812189999735	67.383296
jbmc-regression/StringIndexMethods02.yml	false	false	3.900988	1.9443818019999526	174.268416	false	1.561961	0.7895382450005854	94.920704
jbmc-regression/StringIndexMethods03.yml	false	false	3.951323	1.9670651300002646	173.924352	false	1.644031	0.8339089430010063	95.600640
jbmc-regression/StringIndexMethods04.yml	false	false	3.830541	1.9347972759996992	174.235648	false	1.599675	0.8254502700001467	95.588352
jbmc-regression/StringIndexMethods05.yml	false	false	3.845614	1.9214669259999937	174.338048	false	1.615964	0.8279892039972765	95.506432
jbmc-regression/StringMiscellaneous01.yml	true	true	3.49391	1.7198514120000254	118.173696	true	1.572328	0.7760957980026433	68.153344
jbmc-regression/StringMiscellaneous02.yml	false	false	3.900046	1.946576338000341	173.981696	false	1.616627	0.8292545690019324	94.953472
jbmc-regression/StringMiscellaneous03.yml	false	false	3.970146	1.9442940939998152	183.242752	false	1.650379	0.8298204809980234	95.330304
jbmc-regression/StringMiscellaneous04.yml	true	true	3.443609	1.7275122910004939	116.326400	true	1.595785	0.7951583220019529	68.005888
jbmc-regression/StringStartEnd01.yml	true	true	3.286968	1.65567779399953	114.864128	true	1.599062	0.793292531001498	67.874816
jbmc-regression/StringStartEnd02.yml	false	false	3.53224	1.7742052180001338	122.114048	false	1.668334	0.8337984169993433	72.876032
jbmc-regression/StringStartEnd03.yml	false	false	3.576702	1.7568119059997116	123.125760	false	1.618478	0.799443252999481	74.350592
jbmc-regression/StringValueOf01.yml	true	true	3.320859	1.698434556000393	118.657024	true	1.582332	0.7633287600001495	68.780032
jbmc-regression/StringValueOf02.yml	false	false	3.470226	1.7325452630002474	124.182528	false	1.574084	0.7811974130017916	71.032832
jbmc-regression/StringValueOf03.yml	false	false	3.432319	1.7199546880001435	122.912768	false	1.59599	0.7961922520007647	70.160384
jbmc-regression/StringValueOf04.yml	false	false	3.458279	1.7215361689995916	121.860096	false	1.523462	0.7676854160017683	72.200192
jbmc-regression/StringValueOf05.yml	false	false	3.848915	1.9049713419999534	175.267840	false	1.566452	0.7908336459986458	95.502336
jbmc-regression/StringValueOf06.yml	false	false	3.521064	1.7394321669999044	122.777600	false	1.688977	0.8418214530029218	81.866752
jbmc-regression/StringValueOf07.yml	false	unknown	3.416455	1.71968263799954	117.776384	unknown	1.587699	0.7909188859994174	68.886528
jbmc-regression/StringValueOf08.yml	false	unknown	3.511878	1.7583007299999736	120.819712	unknown	1.630582	0.8032917460004683	75.350016
jbmc-regression/StringValueOf09.yml	false	unknown	3.430156	1.7054474480000863	121.421824	unknown	1.569926	0.7794101990002673	72.237056
jbmc-regression/StringValueOf10.yml	false	false	3.527349	1.7628463929995632	121.155584	false	1.596601	0.7970396030032134	72.523776
jbmc-regression/SubString01.yml	true	true	3.256638	1.6671275340004286	115.924992	true	1.536379	0.7793302389982273	68.620288
jbmc-regression/SubString02.yml	false	false	3.504992	1.727973633000147	119.767040	false	1.529227	0.7699016639999172	72.585216
jbmc-regression/SubString03.yml	false	false	3.598299	1.76404031400034	121.442304	false	1.539598	0.7704445729978033	72.466432
jbmc-regression/TokenTest01.yml	true	true	3.42394	1.7074203339998348	115.953664	true	1.611626	0.7822610389994225	68.653056
jbmc-regression/TokenTest02.yml	false	unknown	3.413205	1.732606895000572	118.767616	unknown	1.551451	0.7719066769968776	69.230592
jbmc-regression/Validate01.yml	true	true	3.415274	1.7374237470003209	116.301824	true	1.594208	0.790382530001807	68.341760
jbmc-regression/Validate02.yml	false	unknown	3.491646	1.7265644029994291	118.784000	unknown	1.584112	0.7875519579974934	69.156864
jbmc-regression/aastore_aaload1.yml	true	true	211.399234	210.26130329400075	217.358336	true	197.150048	200.18563104299756	131.145728
jbmc-regression/array1.yml	true	true	2.231329	1.0722444869998071	184.631296	true	1.840337	0.9278425039992726	98.254848
jbmc-regression/array2.yml	true	true	3.03567	1.4300551790001919	172.625920	true	1.576998	0.8035750079980062	95.023104
jbmc-regression/arraylength1.yml	true	true	3.85892	1.8882932930000607	174.125056	true	1.657255	0.8252779159993224	94.957568
jbmc-regression/arrayread1.yml	true	true	3.777134	1.8722685849998015	175.206400	true	1.615204	0.831491046003066	95.862784
jbmc-regression/assert1.yml	true	true	3.70827	1.8384420970005522	172.507136	true	1.602343	0.806761888001347	95.141888
jbmc-regression/assert2.yml	false	false	3.741911	1.870514717000333	173.039616	false	1.542278	0.7803823729991564	95.170560
jbmc-regression/assert3.yml	false	false	3.760785	1.8908037139999578	173.686784	false	1.606641	0.8018371960024524	95.551488
jbmc-regression/assert4.yml	false	false	3.730883	1.8517964689999644	170.491904	false	1.643744	0.842285984002956	95.035392
jbmc-regression/assert5.yml	true	true	3.707941	1.8911695010001495	173.973504	true	1.569262	0.7711364320020948	95.629312
jbmc-regression/assert6.yml	true	true	3.844656	1.9006828929996118	173.748224	true	1.60238	0.8096943820019078	94.650368
jbmc-regression/astore_aload1.yml	true	true	3.662624	1.7896626429992466	113.811456	true	1.636998	0.8020654749998357	68.251648
jbmc-regression/athrow1.yml	false	false	3.324273	1.6819034580003063	116.887552	false	1.563649	0.7770838430005824	68.276224
jbmc-regression/basic1.yml	true	true	3.349949	1.6862667320001492	115.851264	true	1.541976	0.7697303630011447	67.313664
jbmc-regression/bitwise1.yml	true	unknown	3.664029	1.8448294809995787	171.773952	unknown	1.687276	0.8501926320022903	94.334976
jbmc-regression/boolean1.yml	true	true	3.734036	1.8618486669993217	172.802048	true	1.598611	0.8017341929989925	94.998528
jbmc-regression/boolean2.yml	true	true	3.680219	1.8611422919993856	173.576192	true	1.632365	0.8282811420031067	95.072256
jbmc-regression/bug-test-gen-095.yml	false	false	3.439926	1.7496524919997682	121.294848	false	1.584027	0.7949099159995967	72.183808
jbmc-regression/bug-test-gen-119-2.yml	true	true	3.34395	1.7097571059994152	114.782208	true	1.497239	0.7364414919975388	67.559424
jbmc-regression/bug-test-gen-119.yml	true	false	3.778874	1.881587314999706	174.964736	false	1.686735	0.8560995869993349	97.386496
jbmc-regression/calc.yml	true	true	87.374453	85.81492198900014	198.164480	true	48.781452	48.03233259400076	124.465152
jbmc-regression/cast1.yml	true	unknown	2.054351	1.0132367750002231	174.284800	unknown	1.661278	0.8178568000002997	95.322112
jbmc-regression/catch1.yml	true	true	2.516824	1.2108288620001986	116.297728	true	1.460286	0.7240671389990894	68.177920
jbmc-regression/char1.yml	true	true	3.740567	1.8708685110004808	174.018560	true	1.572253	0.7954354819994478	95.043584
jbmc-regression/charArray.yml	true	unknown	3.810027	1.926588534000075	172.863488	unknown	1.666867	0.841987864998373	95.363072
jbmc-regression/classtest1.yml	true	true	3.188969	1.6279561049996119	116.215808	true	1.50819	0.7503604919984355	68.546560
jbmc-regression/const1.yml	true	true	3.164264	1.6545748620001177	116.543488	true	1.574328	0.7827431540026737	67.747840
jbmc-regression/constructor1.yml	true	true	3.511066	1.6882440350000252	115.838976	true	1.541173	0.7682966719985416	68.878336
jbmc-regression/enum1.yml	true	true	3.504784	1.7485102609998648	115.191808	true	1.476611	0.7264667119998194	68.009984
jbmc-regression/exceptions1.yml	false	false	3.469404	1.7251629299998967	117.116928	false	1.474813	0.7270769280003151	68.268032
jbmc-regression/exceptions10.yml	false	false	3.306394	1.6936545640000986	117.346304	false	1.614102	0.8068343650011229	72.118272
jbmc-regression/exceptions11.yml	false	false	3.448497	1.7011865430004036	115.380224	false	1.445178	0.7077804649998143	67.948544
jbmc-regression/exceptions12.yml	false	false	3.366323	1.6861923779997596	116.240384	false	1.584738	0.7784068360015226	68.599808
jbmc-regression/exceptions13.yml	false	false	3.473139	1.7423978460001308	116.084736	false	1.498152	0.7297739989990077	68.378624
jbmc-regression/exceptions14.yml	true	true	3.374635	1.6838825759996325	116.543488	true	1.523957	0.746046195999952	68.431872
jbmc-regression/exceptions15.yml	true	true	3.405586	1.715277842999967	115.138560	true	1.489027	0.7376848239982792	67.792896
jbmc-regression/exceptions16.yml	false	false	3.490999	1.7428869499999564	119.607296	false	1.529927	0.7551724829972954	69.525504
jbmc-regression/exceptions18.yml	true	true	3.081121	1.6273470270007238	115.965952	true	1.508457	0.7620860470015032	69.885952
jbmc-regression/exceptions2.yml	false	false	3.436315	1.75152653799978	116.404224	false	1.502017	0.7605425510009809	68.067328
jbmc-regression/exceptions3.yml	false	false	3.42848	1.7104354279999825	116.170752	false	1.604213	0.7839296599995578	70.381568
jbmc-regression/exceptions4.yml	true	true	3.421027	1.7165861510002287	116.076544	true	1.513284	0.7485399060024065	68.333568
jbmc-regression/exceptions5.yml	true	true	3.567041	1.7604311639997832	117.391360	true	1.562534	0.7903069579988369	69.005312
jbmc-regression/exceptions6.yml	false	false	3.415599	1.6940737649993025	117.465088	false	1.560335	0.785483446001308	69.099520
jbmc-regression/exceptions7.yml	false	false	3.468052	1.7209276680005132	125.837312	false	1.479195	0.724109648999729	68.628480
jbmc-regression/exceptions8.yml	false	false	3.302256	1.6668709040004615	116.871168	false	1.55865	0.7656405980014824	68.698112
jbmc-regression/exceptions9.yml	true	true	3.342082	1.6880111020000186	116.645888	true	1.528392	0.7492405299999518	68.685824
jbmc-regression/fcmpx_dcmpx1.yml	true	true	3.292001	1.6675685119998889	115.720192	true	1.516	0.7618705730019428	67.821568
jbmc-regression/iarith1.yml	true	true	3.323761	1.6813496519998807	114.049024	true	1.524988	0.7593510749975394	67.919872
jbmc-regression/iarith2.yml	true	true	3.295451	1.6827760589994796	115.683328	true	1.437918	0.7134719960013172	67.416064
jbmc-regression/if_acmp1.yml	true	true	3.356861	1.6865112779996707	116.445184	true	1.433703	0.7074971030015149	67.608576
jbmc-regression/if_expr1.yml	true	true	3.617237	1.8751435819995095	172.961792	true	1.580601	0.7702536350006994	94.687232
jbmc-regression/if_icmp1.yml	true	true	3.705204	1.8687889029997677	173.346816	true	1.58981	0.7825754490004329	94.785536
jbmc-regression/ifxx1.yml	true	true	3.317938	1.6741120579999915	114.843648	true	1.463565	0.7231771490005485	67.919872
jbmc-regression/instanceof1.yml	true	true	3.217486	1.6832819139999629	115.986432	true	1.434862	0.7151645020021533	68.116480
jbmc-regression/instanceof2.yml	true	true	3.228318	1.645923830999891	114.688000	true	1.45427	0.7398800650007615	68.366336
jbmc-regression/instanceof3.yml	true	true	3.294762	1.6704469169999356	114.999296	true	1.489576	0.7554992559998936	67.760128
jbmc-regression/instanceof4.yml	true	true	3.28093	1.654471034999915	115.761152	true	1.43475	0.7185578110002098	67.682304
jbmc-regression/instanceof5.yml	true	true	3.295007	1.6879168269997535	114.970624	true	1.431711	0.7154388270027994	67.731456
jbmc-regression/instanceof6.yml	true	true	3.276106	1.6722686270004488	116.510720	true	1.529755	0.764795552000578	68.083712
jbmc-regression/instanceof7.yml	true	true	3.242063	1.6382747039997412	114.724864	true	1.590882	0.7862149079992378	69.574656
jbmc-regression/instanceof8.yml	true	true	3.271503	1.6631012459993144	114.733056	true	1.455108	0.7167958040008671	67.678208
jbmc-regression/interface1.yml	false	false	3.325858	1.6758945239998866	117.555200	false	1.519262	0.7440479360011523	68.157440
jbmc-regression/java_append_char.yml	false	false	3.780169	1.874197625999841	172.761088	false	1.674011	0.835803489000682	95.797248
jbmc-regression/lazyloading4.yml	true	true	3.172289	1.6208456309996109	115.474432	true	1.422529	0.7074572579986125	67.735552
jbmc-regression/list1.yml	true	true	43.900105	21.93778978499995	624.746496	true	22.862036	13.087948223001149	383.221760
jbmc-regression/long1.yml	true	true	1.850677	0.9112059899998712	116.346880	true	1.470526	0.724194558999443	68.222976
jbmc-regression/lookupswitch1.yml	true	true	3.246621	1.5244979899998725	175.529984	true	1.631003	0.8206557220000832	97.263616
jbmc-regression/multinewarray.yml	true	true	3.311389	1.6821666859996185	115.113984	true	1.532653	0.7425183350023872	67.661824
jbmc-regression/overloading1.yml	true	true	3.325658	1.672743929999342	116.682752	true	1.465123	0.7176475720007147	66.838528
jbmc-regression/package1.yml	true	true	3.399991	1.7319647059994168	115.630080	true	1.452208	0.7284128239989514	67.219456
jbmc-regression/putfield_getfield1.yml	true	true	3.302738	1.710826769999585	115.646464	true	1.437457	0.709843495998939	67.813376
jbmc-regression/putstatic_getstatic1.yml	true	true	3.318881	1.7046477249996315	116.301824	true	1.581041	0.7829162279995217	68.038656
jbmc-regression/recursion2.yml	true	true	3.351206	1.715856920999613	115.912704	true	1.51818	0.7687774049991276	67.981312
jbmc-regression/return1.yml	false	false	3.391032	1.7209596349994172	115.900416	false	1.504181	0.7639250280008127	68.190208
jbmc-regression/return2.yml	false	false	3.867803	1.9545712240005741	174.620672	false	1.576256	0.8158442630010541	94.408704
jbmc-regression/store_load1.yml	true	true	3.426024	1.76972162400034	115.183616	true	1.513688	0.7362804599979427	67.538944
jbmc-regression/swap1.yml	true	true	3.425488	1.775784831999772	115.044352	true	1.611912	0.8067030980018899	67.743744
jbmc-regression/synchronized.yml	true	true	3.327982	1.74646461500015	115.003392	true	1.595563	0.7970341419968463	68.349952
jbmc-regression/tableswitch1.yml	true	true	3.994679	1.9350881660002415	177.270784	true	1.910639	0.9286502989998553	108.384256
jbmc-regression/uninitialised1.yml	true	true	3.240129	1.6719704400002229	114.958336	true	1.601813	0.8130634640001517	68.247552
jbmc-regression/virtual1.yml	true	true	3.371299	1.7005492560001585	121.913344	true	1.68724	0.8818055480005569	80.883712
jbmc-regression/virtual2.yml	false	false	3.250784	1.6544424809999327	115.965952	false	1.527485	0.7668215650010097	67.923968
jbmc-regression/virtual4.yml	true	true	3.250645	1.6497491440004524	115.994624	true	1.449543	0.7175397999999404	68.087808
jbmc-regression/virtual_function_unwinding.yml	true	true	3.262561	1.6617228240002078	116.867072	true	1.453596	0.7254075150012795	67.350528
jpf-regression/ExDarko_false.yml	false	false	3.903656	1.9335669829997642	175.235072	false	1.627602	0.8104667910010903	96.157696
jpf-regression/ExDarko_true.yml	true	true	4.076301	2.025877959999889	174.039040	true	1.656414	0.7986030359970755	94.859264
jpf-regression/ExException_false.yml	false	false	3.742556	1.933612585999981	172.896256	false	1.567877	0.7811427500018908	95.334400
jpf-regression/ExException_true.yml	true	true	3.943996	1.983956035999654	173.531136	true	1.606239	0.8002603269997053	94.814208
jpf-regression/ExGenSymExe_false.yml	false	false	3.470945	1.736935321000601	115.838976	false	1.603631	0.7766811969995615	68.505600
jpf-regression/ExGenSymExe_true.yml	true	true	3.360344	1.704524861000209	118.525952	true	1.490373	0.7368743330007419	68.788224
jpf-regression/ExLazy_false.yml	false	false	4.021872	2.0076608429999396	174.927872	false	1.640585	0.8060576059979212	96.120832
jpf-regression/ExLazy_true.yml	true	true	3.769292	1.918671981999978	173.809664	true	1.571625	0.7734714939979312	95.006720
jpf-regression/ExMIT_false.yml	false	false	3.631129	1.9135047039999336	172.503040	false	1.722756	0.8425965969981917	104.235008
jpf-regression/ExMIT_true.yml	true	true	3.653097	1.882992653000656	172.834816	true	1.679329	0.8445323300002201	95.088640
jpf-regression/ExSymExe10_false.yml	false	false	3.873595	1.893772194000121	174.010368	false	1.635828	0.8242534740020346	95.354880
jpf-regression/ExSymExe10_true.yml	true	true	3.646909	1.8354411770005754	173.535232	true	1.668748	0.8579529959970387	94.916608
jpf-regression/ExSymExe11_false.yml	false	false	3.499681	1.699313021999842	117.542912	false	1.601416	0.7911508920005872	69.775360
jpf-regression/ExSymExe11_true.yml	true	true	3.87369	1.9693935989998863	173.875200	true	1.653154	0.8106533409991243	95.039488
jpf-regression/ExSymExe12_false.yml	false	false	3.749784	1.928967595999893	172.843008	false	1.654485	0.8237152940018859	94.625792
jpf-regression/ExSymExe12_true.yml	true	true	3.689563	1.8520244589999493	173.182976	true	1.734303	0.8842698629996448	94.826496
jpf-regression/ExSymExe13_false.yml	false	false	3.722558	1.9024044869993304	173.592576	false	1.677754	0.8496730270016997	95.879168
jpf-regression/ExSymExe13_true.yml	true	true	3.868942	1.9008682739995493	172.859392	true	1.627934	0.8082833540029242	95.031296
jpf-regression/ExSymExe14_false.yml	false	false	3.796918	1.8735764740004015	173.817856	false	1.6968	0.8517791699996451	94.859264
jpf-regression/ExSymExe14_true.yml	true	true	3.846806	1.8729110490003222	174.493696	true	1.73763	0.8848123719981231	97.083392
jpf-regression/ExSymExe15_false.yml	false	false	3.725214	1.8323691100003998	172.494848	false	1.72914	0.8900879120010359	97.333248
jpf-regression/ExSymExe15_true.yml	true	true	3.651453	1.8657069270002467	173.928448	true	1.726806	0.877762732001429	94.744576
jpf-regression/ExSymExe16_false.yml	false	false	3.274097	1.6839996979997522	116.752384	false	1.587379	0.7983893149976211	67.784704
jpf-regression/ExSymExe16_true.yml	true	true	3.283985	1.6546614809994935	116.412416	true	1.543129	0.7809852350001165	67.563520
jpf-regression/ExSymExe17_false.yml	false	false	3.40389	1.6982595549998223	114.700288	false	1.559096	0.7878512190000038	68.517888
jpf-regression/ExSymExe17_true.yml	true	true	3.333531	1.6643912220006314	116.776960	true	1.487787	0.7674334319999616	67.796992
jpf-regression/ExSymExe18_false.yml	false	false	3.764722	1.9112499009988824	172.154880	false	1.711317	0.8558273560011003	97.107968
jpf-regression/ExSymExe18_true.yml	true	true	3.362789	1.68834208699991	115.724288	true	1.484595	0.7232157809994533	67.813376
jpf-regression/ExSymExe19_false.yml	false	false	3.737012	1.8682230479989812	174.514176	false	1.704955	0.840763527998206	96.116736
jpf-regression/ExSymExe19_true.yml	true	true	3.843023	1.9242848659996525	173.592576	true	1.654384	0.8217113229984534	95.207424
jpf-regression/ExSymExe1_false.yml	false	false	3.943949	1.9833843409996916	175.460352	false	1.65366	0.8469243589970574	95.531008
jpf-regression/ExSymExe1_true.yml	true	true	3.390877	1.7121456089989806	116.224000	true	1.559702	0.7890228680007567	67.051520
jpf-regression/ExSymExe20_false.yml	false	false	3.852391	1.9014564330009307	174.493696	false	1.629593	0.809144319002371	96.280576
jpf-regression/ExSymExe20_true.yml	true	true	3.392202	1.7070218789995124	115.195904	true	1.551598	0.7629544570008875	68.169728
jpf-regression/ExSymExe21_false.yml	false	false	3.786321	1.8939364249999926	172.204032	false	1.707147	0.8579182299981767	95.744000
jpf-regression/ExSymExe21_true.yml	true	true	3.254029	1.676378812000621	114.794496	true	1.515412	0.7470246620032412	67.698688
jpf-regression/ExSymExe25_false.yml	false	false	3.861869	1.932852758000081	174.374912	false	1.637479	0.814704863998486	95.072256
jpf-regression/ExSymExe25_true.yml	true	true	3.486043	1.7247957090003183	115.937280	true	1.562056	0.7769374490017071	67.588096
jpf-regression/ExSymExe26_false.yml	false	false	3.850542	1.8945765730004496	174.395392	false	1.647948	0.816159083002276	95.879168
jpf-regression/ExSymExe26_true.yml	true	true	3.255399	1.6498140040002909	116.334592	true	1.474326	0.7373515489998681	67.588096
jpf-regression/ExSymExe27_false.yml	false	false	3.890615	1.9240828600013629	174.391296	false	1.747132	0.8756850429999758	96.399360
jpf-regression/ExSymExe27_true.yml	true	true	3.407621	1.766737459000069	116.224000	true	1.512606	0.7508768519983278	67.891200
jpf-regression/ExSymExe28_false.yml	false	false	3.867377	1.9436735029994452	174.985216	false	1.690431	0.8519634650001535	95.440896
jpf-regression/ExSymExe28_true.yml	true	true	3.349698	1.7020514830001048	114.909184	true	1.558647	0.775747544998012	67.821568
jpf-regression/ExSymExe29_false.yml	false	false	3.928053	1.9054782080002042	177.725440	false	1.810614	0.9005317709998053	107.548672
jpf-regression/ExSymExe29_true.yml	true	true	3.426636	1.7118154559993854	115.916800	true	1.517953	0.7412465590023203	67.764224
jpf-regression/ExSymExe2_false.yml	false	false	3.980157	1.9383321990007971	174.510080	false	1.688701	0.8923665879992768	111.476736
jpf-regression/ExSymExe2_true.yml	true	true	3.378045	1.6830268720004824	115.257344	true	1.474671	0.7345176719973097	67.833856
jpf-regression/ExSymExe3_false.yml	false	false	3.877974	1.952222358999279	174.825472	false	1.673242	0.8397044690027542	96.333824
jpf-regression/ExSymExe3_true.yml	true	true	3.333108	1.7123164660006296	115.970048	true	1.758103	3.7348086979982327	68.366336
jpf-regression/ExSymExe4_false.yml	false	false	4.002925	1.9730083270005707	174.764032	false	2.283908	1.157179208999878	103.395328
jpf-regression/ExSymExe4_true.yml	true	true	3.375457	1.7292902859990136	119.853056	true	2.106768	1.0183902810022119	67.993600
jpf-regression/ExSymExe5_false.yml	false	false	3.845821	1.89681377099987	174.301184	false	2.44176	1.2053904429994873	97.464320
jpf-regression/ExSymExe5_true.yml	true	true	3.442949	1.740415808000762	115.105792	true	2.294845	1.1835130559993559	68.440064
jpf-regression/ExSymExe6_false.yml	false	false	3.715664	1.9027489769996464	173.809664	false	2.222157	1.0791279849981947	99.266560
jpf-regression/ExSymExe6_true.yml	true	true	3.416714	1.7343243939994863	116.707328	true	2.282012	1.0566730440004903	69.836800
jpf-regression/ExSymExe7_false.yml	false	false	3.864161	1.932289196000056	175.616000	false	2.295698	1.098204951002117	94.466048
jpf-regression/ExSymExe7_true.yml	true	true	3.859272	1.9520563860005495	174.682112	true	2.208292	1.0151776909988257	94.851072
jpf-regression/ExSymExe8_false.yml	false	false	3.90416	1.9479028880014084	175.190016	false	2.166352	0.985056880999764	95.178752
jpf-regression/ExSymExe8_true.yml	true	true	3.30924	1.7227730009999505	115.421184	true	1.897381	0.8877737590009929	67.440640
jpf-regression/ExSymExe9_false.yml	false	false	3.418475	1.7001463100004912	117.161984	false	1.497332	0.6671829760016408	67.915776
jpf-regression/ExSymExe9_true.yml	true	true	3.354623	1.7086008690002927	116.539392	true	1.542787	0.717237684999418	67.207168
jpf-regression/ExSymExeArrays_false.yml	false	false	3.499763	1.7420098490001692	115.470336	false	1.76278	0.8789984340000956	68.157440
jpf-regression/ExSymExeArrays_true.yml	true	true	3.334915	1.7138882460003515	115.154944	true	1.70223	0.8564525969995884	70.606848
jpf-regression/ExSymExeBool_false.yml	false	false	3.66734	1.8343183629986015	116.760576	false	1.626646	0.807535274001566	69.230592
jpf-regression/ExSymExeBool_true.yml	true	true	3.496676	1.80221488800089	115.384320	true	1.564506	0.7584676990009029	66.813952
jpf-regression/ExSymExeComplexMath_false.yml	false	false	3.608775	1.8511741629990865	115.478528	false	1.676811	0.8126560130003782	67.866624
jpf-regression/ExSymExeComplexMath_true.yml	true	true	2.806312	1.4602180530000624	115.810304	true	1.68371	0.8119012549977924	68.071424
jpf-regression/ExSymExeD2I_false.yml	false	false	2.146035	1.1116570260001026	116.764672	false	1.67941	0.837614185998973	68.718592
jpf-regression/ExSymExeD2I_true.yml	true	true	2.61557	1.3008000299996638	169.095168	true	1.768412	0.8799911470014194	94.199808
jpf-regression/ExSymExeD2L_false.yml	false	false	2.580488	1.2905719280006451	174.383104	unknown	1.703718	0.8357125350012211	94.781440
jpf-regression/ExSymExeD2L_true.yml	true	true	2.518906	1.2663860800003022	169.332736	true	1.651292	0.8214418610004941	94.982144
jpf-regression/ExSymExeF2I_false.yml	false	false	2.028425	1.0523556299995107	116.158464	false	1.525887	0.740594577997399	68.001792
jpf-regression/ExSymExeF2I_true.yml	true	true	2.337628	1.2011590250003792	169.213952	true	1.708246	0.8556862689983973	95.105024
jpf-regression/ExSymExeF2L_false.yml	false	true	2.452986	1.2500965379986155	168.509440	true	1.620841	0.8176136490001227	94.244864
jpf-regression/ExSymExeF2L_true.yml	true	true	2.927556	1.4413712269997632	172.457984	true	1.593598	0.7908051279991923	94.257152
jpf-regression/ExSymExeFNEG_false.yml	false	true	2.522742	1.271024364999903	168.972288	true	1.65283	0.8242410109996854	94.093312
jpf-regression/ExSymExeFNEG_true.yml	true	true	2.226231	1.1610599710002134	171.417600	true	1.807036	0.8981691409971972	94.244864
jpf-regression/ExSymExeGetStatic_false.yml	false	false	2.202472	1.07697734499925	116.506624	false	1.550013	0.7726416270015761	67.424256
jpf-regression/ExSymExeGetStatic_true.yml	true	true	2.987352	1.4446841700009827	117.080064	true	1.566999	0.787504538999201	68.837376
jpf-regression/ExSymExeI2D_false.yml	false	false	4.34423	2.1292525449989625	176.029696	unknown	1.617106	0.8066891880007461	94.326784
jpf-regression/ExSymExeI2D_true.yml	true	unknown	4.059134	2.008546267999918	171.040768	unknown	1.799919	0.9096672279993072	95.252480
jpf-regression/ExSymExeI2F_false.yml	false	false	3.539578	1.8164827969994803	116.338688	false	1.586934	0.7784273899997061	67.624960
jpf-regression/ExSymExeI2F_true.yml	true	true	3.845373	1.9876957860014954	173.613056	true	1.710409	0.8370482819991594	94.666752
jpf-regression/ExSymExeLCMP_false.yml	false	false	2.994997	1.5315622179987258	173.420544	false	1.725962	0.8749812569985806	94.674944
jpf-regression/ExSymExeLCMP_true.yml	true	true	3.138257	1.5057641299990792	173.686784	true	1.604632	0.7889873830026772	95.076352
jpf-regression/ExSymExeLongBytecodes_false.yml	false	false	4.202789	2.041878624999299	174.018560	false	1.803272	0.8646104389990796	104.206336
jpf-regression/ExSymExeLongBytecodes_true.yml	true	true	3.878015	1.8729931699999725	175.706112	true	1.810188	0.8854071319983632	97.742848
jpf-regression/ExSymExeResearch_false.yml	false	false	4.11061	1.995739529000275	174.665728	false	1.813477	0.9034179059999587	95.703040
jpf-regression/ExSymExeResearch_true.yml	true	true	4.335204	2.0767019069990056	174.878720	true	1.717344	0.8298316889995476	97.275904
jpf-regression/ExSymExeSimple_false.yml	false	false	4.039091	2.0352169629986747	172.437504	false	1.67361	0.8590256910028984	95.047680
jpf-regression/ExSymExeSimple_true.yml	true	true	4.400835	2.128042151000045	174.755840	true	1.87706	0.934166198996536	95.457280
jpf-regression/ExSymExeSuzette_false.yml	false	false	3.297243	1.711214237000604	174.346240	false	1.787754	0.8918972220017167	95.956992
jpf-regression/ExSymExeSuzette_true.yml	true	true	3.338752	1.6326444240003184	174.514176	true	1.676619	0.8041207009991922	94.392320
jpf-regression/ExSymExeSwitch_false.yml	false	false	2.711268	1.4010660040003131	173.891584	false	1.800006	0.9073597820024588	95.649792
jpf-regression/ExSymExeSwitch_true.yml	true	true	2.377879	1.154942495000796	173.453312	true	1.697825	0.8345045850001043	96.813056
jpf-regression/ExSymExeTestAssignments_false.yml	false	false	2.54229	1.3061477619994548	169.132032	false	1.713379	0.8754964990002918	95.338496
jpf-regression/ExSymExeTestAssignments_true.yml	true	true	3.114168	1.7576716180010408	173.248512	true	1.662275	0.8129303169989726	94.547968
jpf-regression/ExSymExeTestClassFields_false.yml	false	false	4.813006	2.9675241530003404	172.187648	false	1.721909	0.8635115850011061	95.309824
jpf-regression/ExSymExeTestClassFields_true.yml	true	true	3.966427	2.674147902000186	172.023808	true	1.787768	0.8855760350015771	94.932992
jpf-regression/ExSymExe_false.yml	false	false	2.681227	1.3606171480005287	116.244480	false	1.794774	0.8710181269998429	69.296128
jpf-regression/ExSymExe_true.yml	true	true	2.757736	1.5245332430004055	116.097024	true	1.675003	0.8028194600010465	68.136960
jpf-regression/TestLazy_false.yml	false	false	2.83811	1.435077361000367	171.028480	false	1.633761	0.8247951260018453	95.326208
jpf-regression/TestLazy_true.yml	true	true	2.436883	1.2679836560000695	171.556864	true	1.738815	0.8465133960016828	95.158272
java-ranger-regression/LoopCharAt.yml	false	true	3.854388	1.6888345330007724	221.360128	true	2.224593	1.0794704470026772	109.494272
java-ranger-regression/TCAS_prop1.yml	false	false	3.601161	1.6381956039986107	217.784320	false	2.2638	1.1034627500011993	106.995712
java-ranger-regression/TCAS_prop2.yml	true	true	6.944037	3.3841684259987233	327.131136	true	3.760672	1.9494675050009391	143.998976
java-ranger-regression/TCAS_prop3.yml	true	true	6.260148	3.037984545000654	322.031616	true	3.662139	1.92507594700146	148.639744
java-ranger-regression/apachecli_eqchk.yml	true	true	35.340834	15.815516876000402	557.936640	true	21.993434	11.637781139001163	466.034688
java-ranger-regression/schedule_eqchk.yml	true	true	7.490313	3.0764676409999083	319.635456	true	4.916412	2.255626543999824	215.838720
java-ranger-regression/WBS/WBS_prop1.yml	false	false	2.81503	1.3813232880002033	179.236864	false	1.805975	0.886990478997177	96.190464
java-ranger-regression/WBS/WBS_prop2.yml	true	true	7.614841	3.4552886040000885	318.050304	true	3.859711	1.8547136259985564	147.685376
java-ranger-regression/WBS/WBS_prop3.yml	false	false	2.728504	1.3070645610005158	175.431680	false	1.882836	0.9040249159988889	98.824192
java-ranger-regression/WBS/WBS_prop4.yml	false	false	7.241854	3.3780983649994596	321.867776	false	3.73811	1.9488537139986875	148.426752
java-ranger-regression/alarm/Alarm_prop1.yml	true	true	3.588364	1.5256482349996077	186.060800	true	2.541842	1.1835881669976516	102.383616
java-ranger-regression/alarm/Alarm_prop10.yml	true	true	3.825475	1.654231988999527	186.126336	true	2.455933	1.1109391529971617	101.474304
java-ranger-regression/alarm/Alarm_prop2.yml	true	true	3.600201	1.5742858449993946	189.435904	true	2.37941	1.084649399999762	100.634624
java-ranger-regression/alarm/Alarm_prop3.yml	true	true	3.234278	1.3931993240003067	188.985344	true	2.265794	1.0396680739977455	99.164160
java-ranger-regression/alarm/Alarm_prop4.yml	true	true	3.663026	1.5818060900001	190.930944	true	2.348756	1.089837018000253	102.453248
java-ranger-regression/alarm/Alarm_prop5.yml	true	true	4.17358	1.7465627839992521	190.599168	true	2.332089	1.095986147000076	99.942400
java-ranger-regression/alarm/Alarm_prop6.yml	true	true	5.628895	2.3863585550006974	187.576320	true	2.387106	1.1015747919991554	102.285312
java-ranger-regression/alarm/Alarm_prop8.yml	true	true	5.778873	2.526190766999207	186.966016	true	2.413267	1.094448283998645	101.036032
java-ranger-regression/alarm/Alarm_prop9.yml	true	true	5.603277	2.4409616379998624	190.615552	true	2.30984	1.06826478199946	102.342656
java-ranger-regression/infusion/Infusion_prop1.yml	true	true	5.750781	2.4094717879997916	190.431232	true	2.175827	1.0352020120008092	98.869248
java-ranger-regression/infusion/Infusion_prop10.yml	true	true	5.474509	2.357411842998772	185.700352	true	2.255349	1.0315526289996342	98.787328
java-ranger-regression/infusion/Infusion_prop11.yml	true	true	5.274979	2.3576792610001576	179.654656	true	2.225617	1.0638026960004936	102.727680
java-ranger-regression/infusion/Infusion_prop12.yml	true	true	4.01124	1.8232644850013457	187.392000	true	2.244628	1.026677486999688	100.069376
java-ranger-regression/infusion/Infusion_prop13.yml	true	true	3.104622	1.4050742979998176	185.921536	true	2.288523	1.0398372169984214	99.299328
java-ranger-regression/infusion/Infusion_prop2.yml	true	true	3.252344	1.423347971000112	179.593216	true	2.146926	1.0194024189986521	100.737024
java-ranger-regression/infusion/Infusion_prop3.yml	true	true	3.297673	1.4293629359999613	189.894656	true	2.480373	1.1205619319989637	121.913344
java-ranger-regression/infusion/Infusion_prop4.yml	true	true	3.370744	1.5390205740004603	186.826752	true	2.290702	1.0568967350009189	112.279552
java-ranger-regression/infusion/Infusion_prop5.yml	true	true	3.905491	1.8776965600009135	186.425344	true	2.162441	1.009116138000536	100.093952
java-ranger-regression/infusion/Infusion_prop6.yml	true	true	4.156001	1.899579425000411	172.900352	true	2.189073	1.0137151050003013	100.691968
java-ranger-regression/infusion/Infusion_prop7.yml	true	true	3.849815	1.7734956830008741	185.233408	true	2.253697	1.0267790110010537	99.893248
java-ranger-regression/infusion/Infusion_prop8.yml	true	true	3.858078	1.8131323769994196	185.950208	true	2.280566	1.0750024219996703	100.265984
java-ranger-regression/infusion/Infusion_prop9.yml	true	true	4.028838	1.8834030519992666	179.535872	true	2.321845	1.0598264450018178	98.349056
java-ranger-regression/siena_eqchk/siena_prop1.yml	true	unknown	10.882635	4.388772441998299	305.745920	unknown	4.82292	2.14116612199723	218.824704
java-ranger-regression/siena_eqchk/siena_prop2.yml	false	false	7.057532	2.7142965059993003	304.881664	false	3.905628	1.7040073050011415	164.012032
java-ranger-regression/replace5_eqchk/replace5_prop1.yml	true	true	11.133213	4.642020437999236	482.377728	true	7.098943	3.306948346002173	254.144512
java-ranger-regression/replace5_eqchk/replace5_prop2.yml	false	false	3.09564	1.3843547729993588	178.233344	false	2.049347	0.969924812001409	98.062336
java-ranger-regression/nanoxml_eqchk/nanoxml_prop1.yml	true	unknown	5.582411	2.391886634999537	183.050240	unknown	2.546407	1.157115508998686	98.390016
java-ranger-regression/nanoxml_eqchk/nanoxml_prop2.yml	false	unknown	5.550107	2.398580731000038	175.136768	unknown	2.544693	1.1532464709998749	96.403456
java-ranger-regression/nanoxml_eqchk/nanoxml_prop3.yml	false	unknown	5.770417	2.406715617998998	184.844288	unknown	2.504363	1.1412894130007771	100.466688
java-ranger-regression/printtokens_eqchk/printtokens_prop1.yml	true	unknown	4.653254	2.1255204190001677	180.203520	unknown	2.080697	1.0311399230013194	96.948224
java-ranger-regression/printtokens_eqchk/printtokens_prop2.yml	false	false	4.323907	2.057142928000758	177.156096	false	2.094083	1.044725429997925	96.448512
MinePump/spec1-5_product1.yml	false	false	4.407561	2.0956265019995044	178.868224	false	1.928489	0.939187216998107	96.251904
MinePump/spec1-5_product10.yml	false	false	4.373684	2.05977818700012	179.613696	false	1.926764	0.9362941450017388	96.718848
MinePump/spec1-5_product11.yml	false	false	7.292121	3.0165836710002623	221.835264	false	2.695951	1.2577893080015201	138.014720
MinePump/spec1-5_product12.yml	false	false	4.919764	2.2439575030002743	193.380352	false	1.968219	0.9456184519985982	98.476032
MinePump/spec1-5_product13.yml	false	false	4.402086	2.1188118549998762	180.678656	false	2.116656	1.0225345770013519	98.181120
MinePump/spec1-5_product14.yml	false	false	4.476022	2.0768003449993557	178.978816	false	1.934802	0.9418936879992543	98.635776
MinePump/spec1-5_product15.yml	false	false	7.376802	3.048129691998838	233.242624	false	2.746023	1.2458289640017028	126.902272
MinePump/spec1-5_product16.yml	false	false	4.785885	2.1807693710015883	192.983040	false	2.045512	0.9765604569984134	102.506496
MinePump/spec1-5_product17.yml	false	false	4.277122	2.0065113759992528	180.035584	false	2.028489	0.9778320320001512	101.408768
MinePump/spec1-5_product18.yml	false	false	4.050608	1.969314605999898	166.354944	false	1.955173	0.9518658899978618	96.817152
MinePump/spec1-5_product19.yml	false	false	7.287797	3.0463478149995353	232.181760	false	2.863445	1.314730279998912	137.961472
MinePump/spec1-5_product2.yml	false	false	4.553597	2.1649417270000413	184.160256	false	1.830406	0.8777109080001537	96.530432
MinePump/spec1-5_product20.yml	false	false	5.254954	2.506195990001288	193.331200	false	2.01536	0.9931768909991661	98.811904
MinePump/spec1-5_product21.yml	false	false	2.494146	1.1736636989990075	185.683968	false	1.879705	0.8864499169976625	96.702464
MinePump/spec1-5_product22.yml	false	false	2.261238	1.075457743001607	176.570368	false	1.888541	0.9149067580001429	96.735232
MinePump/spec1-5_product23.yml	false	false	4.338192	1.7635452899994561	233.332736	false	2.795155	1.2769350460002897	139.489280
MinePump/spec1-5_product24.yml	false	false	4.25884	1.8445026320005127	195.694592	false	1.976934	0.947389770000882	98.537472
MinePump/spec1-5_product25.yml	false	false	4.396024	2.054343964999134	181.751808	false	2.024649	0.9511913060014194	108.802048
MinePump/spec1-5_product26.yml	false	false	4.294531	2.0221961439983716	181.706752	false	1.986813	0.9517469759994128	100.315136
MinePump/spec1-5_product27.yml	false	false	7.568877	3.1019823490005365	231.530496	false	2.772357	1.2786232690014003	125.181952
MinePump/spec1-5_product28.yml	false	false	4.887474	2.187448313999994	187.129856	false	2.288769	1.0405780769979174	123.613184
MinePump/spec1-5_product29.yml	false	false	4.431321	2.063220801999705	187.068416	false	1.867235	0.9044014930004778	96.485376
MinePump/spec1-5_product3.yml	false	false	7.474434	3.1480636079995747	234.336256	false	2.647961	1.2350570519993198	137.945088
MinePump/spec1-5_product30.yml	false	false	4.440095	2.0495200300010765	175.869952	false	1.842883	0.8873515880004561	96.538624
MinePump/spec1-5_product31.yml	false	false	7.299518	3.0311555429998407	230.977536	false	2.730151	1.3034842600027332	126.156800
MinePump/spec1-5_product32.yml	false	false	4.892692	2.242807085000095	183.533568	false	2.205529	1.0488833809977223	125.448192
MinePump/spec1-5_product33.yml	false	false	4.658742	2.2453268539993587	174.747648	false	1.838049	0.8968842890026281	96.346112
MinePump/spec1-5_product34.yml	false	false	3.786371	1.968003095998938	174.071808	false	1.819024	0.8799704340017342	96.444416
MinePump/spec1-5_product35.yml	false	false	5.109531	2.183296605999203	226.299904	false	2.662504	1.2291950389990234	124.063744
MinePump/spec1-5_product36.yml	false	false	3.537358	1.7444915100004437	195.465216	false	2.105936	1.0058926790006808	101.412864
MinePump/spec1-5_product37.yml	false	false	3.036173	1.467740309999499	177.807360	false	1.848015	0.8801477999986673	96.309248
MinePump/spec1-5_product38.yml	false	false	2.739806	1.3435992390004685	174.682112	false	1.888066	0.9123792749996937	96.174080
MinePump/spec1-5_product39.yml	false	false	4.65646	1.9359068630001275	226.795520	false	2.611742	1.1995143060012197	122.875904
MinePump/spec1-5_product4.yml	false	false	3.04897	1.3533856970007037	194.158592	false	2.04071	0.966745418998471	100.618240
MinePump/spec1-5_product40.yml	false	false	3.153939	1.4703564100000222	193.683456	false	1.923015	0.9103444049978862	102.203392
MinePump/spec1-5_product41.yml	false	false	4.531424	2.067501674000596	187.604992	false	1.957368	0.977997707999748	97.017856
MinePump/spec1-5_product42.yml	false	false	4.576938	2.110440071000994	184.332288	false	1.924007	0.9029417279998597	99.434496
MinePump/spec1-5_product43.yml	false	false	7.601002	3.138517832998332	233.664512	false	2.867328	1.3609089799974754	140.865536
MinePump/spec1-5_product44.yml	false	false	4.640345	2.0624447610007337	197.582848	false	2.047998	0.9821681639987219	100.782080
MinePump/spec1-5_product45.yml	false	false	4.520603	2.11245868900005	193.617920	false	2.052714	1.0040646429988556	102.514688
MinePump/spec1-5_product46.yml	false	false	4.589614	2.1408187990000442	193.253376	false	2.002847	0.982187410001643	100.483072
MinePump/spec1-5_product47.yml	false	false	7.573827	3.244458927998494	224.600064	false	3.042549	1.3458831960015232	158.666752
MinePump/spec1-5_product48.yml	false	false	4.104197	1.8286899960003211	194.359296	false	2.064206	0.956882371003303	101.437440
MinePump/spec1-5_product49.yml	false	false	2.87325	1.3632929289997264	175.124480	false	1.901083	0.9314737759996206	98.295808
MinePump/spec1-5_product5.yml	false	false	2.337221	1.1225788920000923	184.938496	false	1.975181	0.946004253000865	97.161216
MinePump/spec1-5_product50.yml	false	false	4.090734	1.9113299879991246	175.878144	false	1.955774	0.9440606999996817	97.873920
MinePump/spec1-5_product51.yml	false	false	7.399928	3.0979349560002447	229.859328	false	2.582654	1.219986197000253	122.994688
MinePump/spec1-5_product52.yml	false	false	4.694222	2.1401070459996845	181.600256	false	2.035573	0.9742521419975674	98.222080
MinePump/spec1-5_product53.yml	false	false	4.36497	2.0668488970004546	174.292992	false	1.900876	0.8976606590003939	96.894976
MinePump/spec1-5_product54.yml	false	false	4.205936	2.0277745080002205	178.479104	false	1.991789	0.9502352019990212	99.074048
MinePump/spec1-5_product55.yml	false	false	7.363477	3.0224295989992243	231.317504	false	2.558079	1.208228539002448	122.216448
MinePump/spec1-5_product56.yml	false	false	4.183347	1.9076335540012224	191.574016	false	2.07943	1.000564393998502	101.208064
MinePump/spec1-5_product57.yml	true	true	13.949066	6.6772516399996675	486.776832	true	7.82871	3.6632606370003487	362.242048
MinePump/spec1-5_product58.yml	true	true	10.497375	5.192894658001023	515.465216	true	8.892907	4.187004113999137	339.800064
MinePump/spec1-5_product59.yml	true	true	10.844006	5.077971848000743	512.536576	true	6.370551	2.9250817360007204	239.017984
MinePump/spec1-5_product6.yml	false	false	2.777661	1.2650693680006952	184.479744	false	1.916499	0.9255275909999909	96.808960
MinePump/spec1-5_product60.yml	true	true	13.283241	5.679540335000638	484.098048	true	6.627505	3.067186156000389	249.503744
MinePump/spec1-5_product61.yml	true	true	10.072613	5.047724422000101	510.046208	true	6.700802	3.704099144997599	371.359744
MinePump/spec1-5_product62.yml	true	true	9.618189	4.833853610998631	514.408448	true	8.474949	3.9693392040026083	368.930816
MinePump/spec1-5_product63.yml	true	true	10.749456	4.609680858000502	515.637248	true	6.351391	2.947615021999809	259.297280
MinePump/spec1-5_product64.yml	true	true	11.800248	5.226734611998836	533.377024	true	6.534176	3.0335128439983237	250.306560
MinePump/spec1-5_product7.yml	false	false	5.111944	2.1912247390009725	234.491904	false	2.651959	1.2285575120004069	138.014720
MinePump/spec1-5_product8.yml	false	false	3.177667	1.4375418970012106	191.975424	false	2.078107	1.006539966998389	101.007360
MinePump/spec1-5_product9.yml	false	false	3.419314	1.489028818999941	179.224576	false	2.028692	0.9797528019989841	101.666816
algorithms/BellmanFord-FunSat01.yml	true	true	4.539373	2.178051171998959	189.595648	true	2.01031	1.0064623840007698	99.340288
algorithms/BellmanFord-FunSat02.yml	false	unknown	3.907164	1.915866981000363	171.503616	unknown	1.747337	0.8473651890017209	95.272960
algorithms/BellmanFord-FunUnsat01.yml	false	false	4.515919	2.134183635998852	186.961920	false	2.111139	0.9996554570025182	111.837184
algorithms/BellmanFord-FunUnsat02.yml	false	unknown	3.853234	1.9864557829987461	173.350912	unknown	1.742762	0.8578362740008743	94.613504
algorithms/BellmanFord-MemSat01.yml	true	true	4.552703	2.1627378910015977	188.243968	true	1.993202	1.0029173549992265	99.102720
algorithms/BellmanFord-MemSat02.yml	true	unknown	3.769016	1.947170212999481	171.892736	unknown	1.769242	0.8786165410019748	94.728192
algorithms/BellmanFord-MemUnsat01.yml	false	false	4.629863	2.2091810990004888	186.155008	false	1.910882	0.9089055709991953	99.438592
algorithms/BellmanFord-MemUnsat02.yml	false	unknown	3.682508	1.8788309920000756	172.331008	unknown	1.744902	0.8790484189994459	94.617600
algorithms/BinaryTreeSearch-FunSat01.yml	true	true	8.49723	3.5711495320010727	234.803200	true	3.149363	1.4594794170006935	147.001344
algorithms/BinaryTreeSearch-FunUnsat01.yml	false	false	4.049738	1.9738271379992511	178.319360	false	1.814181	0.9081190879987844	97.206272
algorithms/BinaryTreeSearch-MemSat01.yml	true	true	7.823011	3.3166765390014916	241.651712	true	2.966115	1.381529230002343	144.474112
algorithms/BinaryTreeSearch-MemUnsat01.yml	false	false	3.113421	1.5157470089998242	162.840576	false	1.80611	0.890875174998655	95.551488
algorithms/BinaryTreeSearch-MemUnsat02.yml	false	false	3.959015	1.9950510089984164	174.649344	false	1.776828	0.8581346270002541	95.174656
algorithms/InsertionSort-FunSat01.yml	true	true	4.50594	2.1329672140000184	191.184896	true	1.965469	0.949278989002778	99.749888
algorithms/InsertionSort-FunSat02.yml	true	true	4.500588	2.167775048999829	192.393216	true	1.924013	0.9267104840000684	101.580800
algorithms/InsertionSort-FunUnsat01.yml	false	true	4.410673	2.104099156000302	189.886464	true	2.028003	1.0002817140011757	99.868672
algorithms/InsertionSort-MemSat01.yml	true	true	4.39824	2.0976742830007424	190.091264	true	1.89917	0.8992840969985991	104.837120
algorithms/InsertionSort-MemUnsat01.yml	false	false	4.275317	2.0502412050009298	185.696256	false	1.877948	0.9277414860007411	96.739328
algorithms/MergeSortIterative-FunSat01.yml	true	true	4.683565	2.218878460000269	190.418944	true	2.015578	0.9677611580009398	98.930688
algorithms/MergeSortIterative-FunSat02.yml	true	true	4.526729	2.141869401000804	190.873600	true	1.962257	0.9501057409979694	99.393536
algorithms/MergeSortIterative-FunUnsat01.yml	false	unknown	4.796101	2.2484884860004968	191.401984	unknown	2.09143	1.0146459240022523	99.602432
algorithms/MergeSortIterative-MemSat01.yml	false	true	4.620304	2.191432284000257	190.189568	true	1.981381	0.9871844679983042	98.832384
algorithms/MergeSortIterative-MemUnsat01.yml	false	true	4.573351	2.1468244179995963	191.000576	true	1.950971	0.9494820600011735	98.414592
algorithms/RedBlackTree-FunSat01.yml	true	true	5.36771	2.42062358000112	206.745600	true	2.34929	1.1436366679990897	107.384832
algorithms/RedBlackTree-FunUnsat01.yml	false	false	4.853281	2.2368912900001305	195.158016	false	2.145801	0.9990981800001464	102.305792
algorithms/RedBlackTree-MemSat01.yml	true	true	9.720316	3.8746710239993263	245.415936	true	3.487934	1.589248067997687	144.801792
algorithms/RedBlackTree-MemUnsat01.yml	false	false	3.696511	1.619140488000994	197.025792	false	2.440743	1.1313413040006708	105.549824
algorithms/SortedListInsert-FunSat01.yml	true	true	5.115046	2.0514751730006537	238.190592	true	2.988149	1.3884167109972623	144.064512
algorithms/SortedListInsert-FunSat02.yml	true	true	5.661811	2.39094954400025	248.156160	true	3.231682	1.5522967229990172	147.329024
algorithms/SortedListInsert-FunUnsat01.yml	false	false	2.858433	1.336735292999947	199.966720	false	1.968591	0.928393184000015	101.777408
algorithms/SortedListInsert-MemSat01.yml	true	true	4.187202	1.7856597329991928	236.527616	true	2.468618	1.1383395010016102	117.493760
algorithms/SortedListInsert-MemUnsat01.yml	false	false	2.171548	1.1349755360006384	173.682688	false	1.87035	0.9130371250030294	104.304640
algorithms/Trie-FunSat01.yml	true	true	2.814886	1.3389930079993064	173.391872	true	1.831439	0.893499008998333	95.694848
algorithms/Trie-FunUnsat01.yml	false	false	2.675608	1.3306588870000269	174.329856	false	1.77444	0.8754453639994608	94.982144
algorithms/Trie-MemSat01.yml	true	true	2.663155	1.2615473879995989	176.226304	true	1.932308	0.9643436130027112	95.801344
algorithms/Trie-MemUnsat01.yml	false	false	4.243387	2.01068379300159	174.710784	false	1.905632	0.9293378839975048	95.522816
algorithms/Tsp-FunSat01.yml	false	unknown	3.985461	2.0100188729993533	172.171264	unknown	1.811658	0.9223371469997801	94.830592
algorithms/Tsp-FunUnsat01.yml	false	unknown	4.011268	1.9659033629995974	172.466176	unknown	1.842876	0.8947598640006618	103.743488
algorithms/Tsp-MemSat01.yml	true	unknown	3.730791	1.846931542000675	169.668608	unknown	1.800018	0.8683843979997619	94.740480
algorithms/Tsp-MemUnsat01.yml	false	unknown	2.940525	1.4976204140002665	171.606016	unknown	1.722214	0.8380700050001906	94.773248
juliet-java/CWE369_Divide_by_Zero__float_connect_tcp_divide_01_bad.yml	false	unknown	3.103413	1.494585938000455	119.607296	unknown	1.772235	0.8611986089999846	71.180288
juliet-java/CWE369_Divide_by_Zero__float_connect_tcp_divide_01_bad_version2.yml	false	unknown	3.18178	1.52609209000002	120.803328	unknown	1.934492	0.9459399449988268	73.969664
juliet-java/CWE369_Divide_by_Zero__float_connect_tcp_divide_01_good.yml	true	unknown	3.213951	1.5431810509999195	125.710336	unknown	1.969012	0.9664891520005767	71.614464
juliet-java/CWE369_Divide_by_Zero__float_connect_tcp_divide_81a_bad.yml	false	unknown	3.060546	1.4816734889991494	122.519552	unknown	1.816882	0.881206107998878	71.208960
juliet-java/CWE369_Divide_by_Zero__float_connect_tcp_divide_81a_bad_version2.yml	false	unknown	2.602149	1.249622586001351	121.282560	unknown	1.763338	0.8534064809973643	70.967296
juliet-java/CWE369_Divide_by_Zero__float_connect_tcp_divide_81a_good.yml	true	unknown	2.588479	1.161354656000185	121.372672	unknown	1.796908	0.8539990030003537	71.258112
juliet-java/CWE369_Divide_by_Zero__float_console_readLine_divide_54_bad.yml	false	unknown	2.501756	1.2238616979993822	121.249792	unknown	1.804007	0.9018889469989517	72.028160
juliet-java/CWE369_Divide_by_Zero__float_console_readLine_divide_54_bad_version2.yml	false	unknown	2.403528	1.1010549660004472	121.421824	unknown	1.881551	0.9063036080005986	72.630272
juliet-java/CWE369_Divide_by_Zero__float_console_readLine_divide_54_good.yml	true	unknown	2.687771	1.2537853730009374	122.568704	unknown	1.835537	0.9063728110013471	72.822784
jdart-regression/OverapproximationString01.yml	false	false	2.393015	1.1725857609999366	122.142720	false	1.734635	0.8611300609991304	72.536064
jdart-regression/URLDecoder01.yml	true	false	2.654285	1.3494765630002803	125.644800	false	1.658456	0.8256137710013718	72.331264
jdart-regression/URLDecoder02.yml	false	false	2.305554	1.1420075130008627	124.981248	false	1.772281	0.8900418850025744	72.105984
jdart-regression/addition01.yml	false	true	2.685303	1.3135798230014188	180.342784	true	1.860831	0.9191180359994178	96.886784
jdart-regression/array-iteration01.yml	false	false	2.514277	1.2082788980005716	212.238336	false	1.944997	0.9481913890012947	101.289984
jdart-regression/boundcheck100.yml	false	false	5.540816	2.392763013000149	256.790528	false	2.285103	1.1107694519996585	113.573888
jdart-regression/boundcheck200.yml	false	false	9.303602	4.438968116000979	507.002880	false	2.787816	1.4843779549992178	159.199232
jdart-regression/boundcheck30.yml	false	false	2.853786	1.3428890960003628	185.651200	false	1.9001	0.9857466089997615	97.472512
jdart-regression/double2long.yml	false	true	4.023035	1.9830108049991395	170.377216	true	1.868377	0.9489397990000725	96.534528
jdart-regression/float.yml	false	true	3.240003	1.7569223929986038	159.170560	true	1.751904	0.8760393910015409	94.380032
jdart-regression/list2.yml	true	true	24.824379	11.861040146999585	567.947264	true	16.99868	8.313933868997992	383.111168
jdart-regression/radians.yml	false	unknown	2.236001	1.1566383340014	118.177792	unknown	1.595016	0.7970263789975434	69.885952
jdart-regression/shifting.yml	false	unknown	2.646361	1.3413507929999469	173.092864	unknown	1.678617	0.8600729270001466	95.244288
jdart-regression/shifting2.yml	false	unknown	2.443704	1.2758120960006636	173.535232	unknown	1.708574	0.8546288770012325	94.707712
jdart-regression/shifting3.yml	false	unknown	2.700821	1.3661499950012512	173.178880	unknown	1.685404	0.8790515000000596	94.896128
jdart-regression/startswith.yml	true	false	2.382136	1.1793885530005355	120.807424	false	1.720684	0.8510761060024379	72.204288
securibench/Aliasing1.yml	false	false	4.828083	1.8599335130002146	128.659456	false	3.529851	1.543011393998313	76.996608
securibench/Aliasing2.yml	true	true	5.257883	1.9995202779991814	125.685760	true	3.309501	1.436875120998593	76.034048
securibench/Aliasing3.yml	true	true	9.482093	3.479522308000014	125.923328	true	2.98072	1.2900445439991017	74.661888
securibench/Aliasing4.yml	false	false	9.262667	3.595018825000807	128.974848	false	3.289634	1.4136129830003483	78.053376
securibench/Aliasing5.yml	false	false	8.566108	3.2305356199995003	128.802816	false	3.186856	1.4020103559996642	75.780096
securibench/Aliasing6.yml	false	false	5.60599	2.155880103999152	131.416064	false	3.256807	1.4052776850003283	76.267520
securibench/Arrays1.yml	false	false	7.478998	2.7862069149996387	128.704512	false	3.170127	1.3641195639975194	87.904256
securibench/Arrays10.yml	false	unknown	8.46207	3.2595566299987695	127.602688	unknown	3.177331	1.3754883500005235	75.374592
securibench/Arrays2.yml	false	false	5.615423	2.2221755590016983	132.919296	false	3.48105	1.5147415760002332	75.935744
securibench/Arrays3.yml	false	false	4.943133	1.9139605609998398	129.183744	false	3.222518	1.3996159050002461	75.632640
securibench/Arrays4.yml	false	false	5.13018	2.0116781430006085	126.873600	false	3.202732	1.3558823819985264	75.448320
securibench/Arrays5.yml	true	true	7.94116	2.962857275000715	124.452864	true	3.318644	1.430439594998461	77.324288
securibench/Arrays6.yml	false	false	8.645369	3.398975670001164	128.393216	false	3.234228	1.4243921449997288	75.665408
securibench/Arrays7.yml	false	false	5.917282	2.2092004220012313	127.401984	false	3.036318	1.2999625709999236	76.181504
securibench/Arrays8.yml	false	false	6.079475	2.3462636889998976	128.851968	false	3.342372	1.448768193997239	77.279232
securibench/Arrays9.yml	false	false	6.993536	2.737760624000657	127.823872	false	3.194304	1.3988015449976956	75.943936
securibench/Basic1.yml	false	false	4.75891	1.8518190729992057	126.226432	false	3.294653	1.4181712130011874	75.776000
securibench/Basic10.yml	false	false	4.620914	1.8318504089984344	127.516672	false	3.297195	1.4082873110019136	77.529088
securibench/Basic11.yml	false	unknown	4.899567	1.8641715089997888	120.758272	unknown	3.232227	1.4422570700007782	71.782400
securibench/Basic12.yml	false	false	4.908733	1.9509796090005693	179.765248	false	3.135432	1.36073409799792	99.295232
securibench/Basic15.yml	false	false	4.750643	1.879684831999839	128.598016	false	3.327571	1.4224733659975755	76.140544
securibench/Basic16.yml	false	false	5.663954	2.1574281100001826	128.118784	false	3.295172	1.404889355002524	79.163392
securibench/Basic17.yml	false	false	6.512815	2.518164680001064	128.372736	false	3.217021	1.3885758590004116	75.575296
securibench/Basic18.yml	false	false	9.200652	3.424525803000506	158.867456	false	3.409829	1.4313664269975561	90.255360
securibench/Basic19.yml	false	false	4.530782	1.7885080149990245	123.047936	false	3.158091	1.3541974130021117	75.653120
securibench/Basic2.yml	false	false	4.914502	1.901589008000883	180.232192	false	3.346135	1.4298751530004665	99.815424
securibench/Basic20.yml	false	false	4.807194	1.8810921700005565	124.669952	false	3.211326	1.3932429679989582	74.891264
securibench/Basic21.yml	false	unknown	10.396935	3.7973059590003686	156.078080	unknown	3.249496	1.4033747350003978	83.415040
securibench/Basic24.yml	false	unknown	5.566271	2.1851013179984875	146.362368	unknown	3.290134	1.3989064220004366	85.651456
securibench/Basic25.yml	false	unknown	5.298517	1.9953463889996783	145.424384	unknown	3.186321	1.3427149790004478	84.746240
securibench/Basic26.yml	false	false	6.560365	2.560130804999062	129.003520	false	3.172494	1.3767422849996365	76.107776
securibench/Basic27.yml	false	false	9.809077	3.9006750999997166	133.623808	false	3.202404	1.3858645079999405	76.369920
securibench/Basic28.yml	true	true	6.902752	2.754844592000154	125.116416	true	3.246921	1.38109745499969	75.689984
securibench/Basic29.yml	false	false	4.851651	1.917514774000665	127.242240	false	3.290234	1.429030632996728	78.155776
securibench/Basic3.yml	false	unknown	4.622417	1.859882746999574	125.190144	unknown	3.216304	1.4052613069979998	71.593984
securibench/Basic30.yml	false	false	4.549346	1.7954988660003437	129.122304	false	3.097109	1.3217085729993414	75.718656
securibench/Basic31.yml	false	false	4.951308	1.9795108060006896	128.344064	false	3.155249	1.3437759299995378	75.186176
securibench/Basic32.yml	false	false	5.549137	2.133076300000539	129.294336	false	3.216895	1.3849234209992574	78.217216
securibench/Basic33.yml	false	false	4.640975	1.8628800949991273	126.730240	false	3.279288	1.3917713049995655	82.296832
securibench/Basic34.yml	false	false	4.693888	1.835036755001056	128.233472	false	3.12524	1.3719928979990073	76.181504
securibench/Basic35.yml	false	false	4.58009	1.7949043560001883	129.511424	false	3.173055	1.3537616419998812	76.947456
securibench/Basic37.yml	false	false	5.684463	2.1523601110002346	184.967168	false	3.355913	1.4887470590001612	102.211584
securibench/Basic38.yml	false	false	7.627601	2.9219755499998428	184.369152	false	3.454273	1.4947714269983408	108.605440
securibench/Basic39.yml	false	false	8.812309	3.3000258459996985	188.256256	false	3.40922	1.5041363629970874	101.797888
securibench/Basic4.yml	false	false	7.12927	2.700232376000713	179.236864	false	3.32105	1.4412397750020318	99.184640
securibench/Basic5.yml	false	unknown	6.709879	2.59714834299848	120.127488	unknown	3.138927	1.3519143299999996	74.903552
securibench/Basic6.yml	true	unknown	7.897939	3.0631790579991502	119.955456	unknown	3.203799	1.3726369389987667	73.588736
securibench/Basic7.yml	false	unknown	5.605912	2.11887704199944	125.206528	unknown	3.27627	1.430411057001038	72.011776
securibench/Basic8.yml	true	true	5.477188	2.099792196000635	121.360384	true	3.045688	1.3198453469995002	71.286784
securibench/Basic9.yml	false	false	7.121376	2.681298824998521	180.441088	false	3.334317	1.4288662210019538	100.052992
securibench/Collections1.yml	false	false	7.556325	2.9720546739990823	129.019904	false	3.16264	1.3724114320029912	76.128256
securibench/Collections10.yml	false	false	10.204933	3.7768097539992596	130.256896	false	3.522771	1.5250053979980294	98.406400
securibench/Collections12.yml	false	false	8.755258	3.239987883998765	127.987712	false	3.401233	1.4618569929989462	76.017664
securibench/Collections13.yml	false	true	6.484287	2.442342671998631	126.017536	true	3.02413	1.3076534409992746	73.039872
securibench/Collections14.yml	false	false	9.303173	3.412408330001199	180.338688	false	3.952307	1.65093653599979	120.995840
securibench/Collections2.yml	false	false	5.813694	2.173792654999488	129.585152	false	3.310994	1.3922633319998567	79.003648
securibench/Collections3.yml	false	false	7.481438	2.8546460070010653	131.641344	false	3.343721	1.4372852230007993	76.361728
securibench/Collections4.yml	false	false	5.190939	2.0859954890001973	128.720896	false	3.280187	1.4211547480008448	76.353536
securibench/Collections5.yml	false	false	4.93906	1.9420143579991418	127.737856	false	3.400585	1.4733251949983242	88.616960
securibench/Collections6.yml	false	false	4.85629	1.8790053129996522	128.053248	false	3.031372	1.2986290179978823	76.492800
securibench/Collections7.yml	false	false	5.242287	2.0025837369994406	128.811008	false	3.294787	1.4145610289997421	75.919360
securibench/Collections8.yml	true	true	7.566784	2.8869224670015683	128.352256	true	3.269778	1.3956598299992038	74.121216
securibench/Collections9.yml	true	unknown	5.910944	2.3088310249986534	125.812736	unknown	3.254186	1.3917585170020175	78.561280
securibench/Datastructures1.yml	false	false	4.851864	1.8542958159996488	127.406080	false	3.214542	1.3992395530003705	76.898304
securibench/Datastructures2.yml	false	false	5.291152	2.08592934599983	126.509056	false	3.086913	1.3151823910011444	75.640832
securibench/Datastructures3.yml	false	false	5.268553	2.0403544170003443	128.811008	false	3.352445	1.445109660999151	85.827584
securibench/Datastructures4.yml	true	true	4.364555	1.758118428000671	121.851904	true	3.30057	1.4137285200013139	75.821056
securibench/Datastructures5.yml	false	unknown	7.782156	3.0009739590004756	120.770560	unknown	3.246856	1.3881139709992567	71.979008
securibench/Datastructures6.yml	false	false	7.636097	2.942142920999686	254.009344	false	4.263292	1.833499110001867	187.584512
securibench/Factories1.yml	false	unknown	4.703981	1.8636023019989807	122.302464	unknown	3.083717	1.3442691449999984	71.163904
securibench/Factories2.yml	false	false	4.576689	1.824190956000166	128.712704	false	3.476128	1.4691681260010228	78.499840
securibench/Factories3.yml	false	false	4.81819	1.8860602289987582	128.819200	false	3.100521	1.353515528000571	75.616256
securibench/Inter1.yml	false	false	9.315475	3.477875684000537	126.947328	false	3.199269	1.4058216899975378	75.382784
securibench/Inter10.yml	false	unknown	7.110561	2.746992610000234	122.482688	unknown	3.08495	1.3349304869989282	71.299072
securibench/Inter11.yml	false	unknown	9.5915	3.5278848520010797	122.433536	unknown	3.150559	1.3508326110022608	72.503296
securibench/Inter12.yml	false	false	6.602544	2.6153425209995476	134.483968	false	3.324872	1.4349273260013433	79.503360
securibench/Inter13.yml	false	false	6.722975	2.530482063999443	146.264064	false	3.47748	1.4931586919992696	82.518016
securibench/Inter14.yml	false	false	9.786139	3.6949453449997236	145.195008	false	3.20807	1.399012590001803	79.364096
securibench/Inter2.yml	false	false	9.05218	3.3837499620003655	130.248704	false	3.299457	1.4022213130010641	75.636736
securibench/Inter3.yml	false	false	7.588329	2.9288876190003066	128.741376	false	3.275852	1.4112783080017834	75.337728
securibench/Inter4.yml	false	false	5.135424	2.0360393390001263	128.258048	false	3.27349	1.402913695001189	80.056320
securibench/Inter5.yml	false	unknown	5.462744	2.033556061998752	126.029824	unknown	3.073884	1.3028298429999268	71.061504
securibench/Inter6.yml	false	false	8.457173	3.155583536999984	126.496768	false	3.2139	1.3839085830004478	78.802944
securibench/Inter7.yml	false	false	7.464381	2.938688201000332	127.942656	false	3.28374	1.4438922270019248	85.630976
securibench/Inter8.yml	false	false	4.939926	1.9389500670004054	126.595072	false	3.213153	1.3896096310018038	75.661312
securibench/Inter9.yml	false	unknown	4.842981	1.948856821998561	120.086528	unknown	3.277851	1.404119062997779	71.729152
securibench/Pred1.yml	true	true	4.53978	1.7632182800007286	121.036800	true	3.019263	1.3088230169996677	70.336512
securibench/Pred2.yml	false	false	7.389569	2.866538145000959	180.801536	false	3.230638	1.3942066449999402	98.918400
securibench/Pred3.yml	true	true	8.703156	3.4838282099990465	178.200576	true	3.231438	1.431224852000014	97.878016
securibench/Pred4.yml	false	false	6.087243	2.338318446998528	127.647744	false	3.412662	1.46225494600003	85.151744
securibench/Pred5.yml	false	false	8.186244	3.1240620349999517	128.282624	false	3.203878	1.4092925120021391	75.358208
securibench/Pred6.yml	true	true	8.63338	3.212540201000593	122.695680	true	2.95862	1.2537824230021215	70.754304
securibench/Pred7.yml	true	true	9.030311	3.419638457000474	123.367424	true	3.110915	1.334362419001991	70.754304
securibench/Pred8.yml	false	false	9.024672	3.4358856940016267	128.167936	false	3.230709	1.4121124930024962	76.357632
securibench/Pred9.yml	true	false	8.509711	3.16036693299975	132.681728	false	3.157514	1.3435619699994277	79.933440
securibench/Refl1.yml	false	false	7.977863	2.9594751239983452	132.878336	false	3.187256	1.3682595700011007	77.107200
securibench/Refl2.yml	false	true	6.497533	2.5802955139988626	126.427136	true	3.17295	1.3547188420016028	73.203712
securibench/Refl3.yml	false	false	7.628625	2.870561613999598	128.475136	false	3.368719	1.4276793249991897	77.168640
securibench/Refl4.yml	false	false	6.186993	2.3774544990010327	128.221184	false	3.182473	1.3748523109970847	75.358208
securibench/Sanitizers1.yml	false	false	7.813625	3.00745245699909	184.877056	false	3.322206	1.433177765000437	101.924864
securibench/Sanitizers2.yml	true	false	8.910106	3.368643006999264	194.666496	false	3.497566	1.5035115139980917	108.982272
securibench/Sanitizers3.yml	true	unknown	5.719529	2.142450662999181	153.505792	unknown	3.472938	1.49587989399879	97.353728
securibench/Sanitizers4.yml	false	false	5.609549	2.0995110950007074	186.707968	false	3.296721	1.432093483999779	102.129664
securibench/Sanitizers5.yml	false	unknown	6.541388	2.4278415919998224	157.937664	unknown	3.331944	1.4182957880002505	83.628032
securibench/Sanitizers6.yml	true	false	9.104484	3.4276716690001194	192.479232	false	3.342224	1.4837838229977933	105.529344
securibench/Session1.yml	false	false	6.918517	2.6083677129990974	134.369280	false	3.148838	1.3721844859974226	84.647936
securibench/Session2.yml	false	false	8.585914	3.253016511000169	127.197184	false	3.280571	1.4137655119993724	76.554240
securibench/Session3.yml	false	false	7.505385	2.9040399429995887	128.835584	false	3.168346	1.3509159250024823	80.723968
securibench/StrongUpdates1.yml	true	true	7.614189	2.9120328280005197	125.349888	true	3.201026	1.3769899809994968	72.077312
securibench/StrongUpdates2.yml	true	true	9.776228	3.877001262999329	124.936192	true	3.199348	1.3347439140015922	72.044544
securibench/StrongUpdates3.yml	true	true	9.455032	3.5920118930007447	125.321216	true	3.296172	1.428293074000976	72.871936
securibench/StrongUpdates4.yml	true	true	7.212482	2.8329580450008507	124.788736	true	3.224974	1.3738320219999878	72.216576
securibench/StrongUpdates5.yml	true	unknown	6.508515	2.5378281980010797	121.683968	unknown	3.262231	1.4090154089972202	71.786496
float-nonlinear-calculation/Bessel.yml	true	true	4.913288	2.3475807510003506	172.445696	true	1.672216	0.8252052419993561	94.236672
float-nonlinear-calculation/Conflict.yml	true	true	5.907831	2.88248011900032	172.478464	true	1.74798	0.882715272000496	94.904320
float-nonlinear-calculation/EulerMethod.yml	false	false	7.48935	3.395855279999523	418.365440	unknown	1.840458	0.9109099509987573	130.965504
float-nonlinear-calculation/MathSin.yml	false	unknown	5.506764	2.328177855000831	117.936128	unknown	2.429636	1.0937068300008832	72.200192
float-nonlinear-calculation/Optimization1.yml	false	true	5.948636	2.6842903009983274	173.207552	true	2.286373	1.0614191489985387	94.584832
float-nonlinear-calculation/Optimization2.yml	false	true	5.7228	2.5794555510001373	173.019136	true	2.317986	1.06026577800003	94.994432
float-nonlinear-calculation/Optimization3.yml	false	true	3.661418	1.6291417880001973	172.544000	true	2.434804	1.120964785997785	94.162944
float-nonlinear-calculation/Optimization4.yml	false	true	4.281104	1.8177951889992983	170.463232	true	2.58367	1.1737340489999042	97.464320
float-nonlinear-calculation/Optimization5.yml	false	false	7.798922	3.302650691999588	174.555136	unknown	2.440977	1.1648746370010485	93.818880
float-nonlinear-calculation/Optimization6.yml	false	true	8.027001	3.4704279729994596	173.948928	true	2.286693	1.0557332579992362	94.474240
float-nonlinear-calculation/PartitionEx.yml	true	true	2.051401	1.1716413930007548	169.394176	true	1.672269	0.8272722900001099	93.462528
float-nonlinear-calculation/TurnLogic.yml	true	true	1.799286	0.8898932060001243	117.387264	true	1.684873	0.822746672998619	71.139328
float-nonlinear-calculation/coral1.yml	false	false	2.740121	1.1899544650004827	176.041984	unknown	2.217779	1.028384940000251	94.851072
float-nonlinear-calculation/coral10.yml	false	false	2.948952	1.1993205549988488	175.804416	unknown	2.336946	1.08886877400073	94.355456
float-nonlinear-calculation/coral11.yml	false	unknown	2.624074	1.1436476099988795	169.451520	unknown	2.3811	1.1258994130002975	94.851072
float-nonlinear-calculation/coral12.yml	false	unknown	2.677646	1.1563442860006035	171.794432	unknown	2.400675	1.1308662759984145	94.806016
float-nonlinear-calculation/coral13.yml	false	unknown	2.586287	1.143605421000757	172.634112	unknown	2.259734	1.053514784998697	94.965760
float-nonlinear-calculation/coral14.yml	false	unknown	2.673071	1.1497067290001723	170.516480	unknown	2.283795	1.0699939189980796	95.281152
float-nonlinear-calculation/coral15.yml	false	unknown	2.65992	1.1484867449999	170.680320	unknown	2.261906	1.0506972420007514	93.974528
float-nonlinear-calculation/coral16.yml	false	true	2.668408	1.1679585849997238	172.400640	true	2.51484	1.1353655460006848	95.055872
float-nonlinear-calculation/coral17.yml	false	unknown	2.543208	1.1113257460001478	169.050112	unknown	2.634279	1.2196467600006144	94.699520
float-nonlinear-calculation/coral18.yml	false	unknown	2.622927	1.1545036030001938	171.978752	unknown	2.196744	0.9958256120007718	94.482432
float-nonlinear-calculation/coral19.yml	false	unknown	2.767679	1.168366141999286	169.295872	unknown	2.291844	1.0615955389985174	96.030720
float-nonlinear-calculation/coral2.yml	false	false	2.824991	1.2044804219985963	175.235072	unknown	2.462003	1.1468264649993216	94.699520
float-nonlinear-calculation/coral20.yml	false	false	2.795909	1.1917524479995336	176.099328	unknown	2.406612	1.1299783030008257	94.507008
float-nonlinear-calculation/coral21.yml	false	false	2.704399	1.172972687998481	175.673344	unknown	2.409679	1.1125320339997415	94.576640
float-nonlinear-calculation/coral22.yml	false	unknown	2.807427	1.1862807839988818	175.132672	unknown	2.455814	1.1449487680001766	95.809536
float-nonlinear-calculation/coral23.yml	true	true	2.85258	1.1951628429997072	169.811968	true	2.367185	1.1055617599995458	94.494720
float-nonlinear-calculation/coral26.yml	true	true	2.668333	1.1466426549995958	171.196416	true	2.273787	1.0408248940002522	93.954048
float-nonlinear-calculation/coral27.yml	false	false	3.002179	1.2282334880001144	176.336896	unknown	2.313318	1.090437851002207	94.789632
float-nonlinear-calculation/coral28.yml	false	unknown	2.755786	1.154796755001371	172.232704	unknown	2.278213	1.052852384000289	94.941184
float-nonlinear-calculation/coral29.yml	false	unknown	2.722348	1.1487612199998694	168.755200	unknown	2.305147	1.0919301310023002	94.744576
float-nonlinear-calculation/coral3.yml	true	true	2.846567	1.1781596559994796	172.363776	true	2.28847	1.1056476030025806	95.989760
float-nonlinear-calculation/coral30.yml	false	unknown	2.492481	1.0828510980009014	115.867648	unknown	2.208022	0.9730829619984434	69.951488
float-nonlinear-calculation/coral31.yml	false	true	2.709642	1.1645749399995111	169.193472	true	2.612931	1.2098843079984363	95.207424
float-nonlinear-calculation/coral32.yml	false	unknown	2.666707	1.1473476419996587	169.041920	unknown	2.471612	1.10825777500213	94.691328
float-nonlinear-calculation/coral33.yml	false	unknown	2.772076	1.1657313859996066	168.415232	unknown	2.50063	1.1482595300003595	94.453760
float-nonlinear-calculation/coral34.yml	false	unknown	2.697478	1.1637322149999818	170.655744	unknown	2.521263	1.1665480299998308	94.883840
float-nonlinear-calculation/coral35.yml	false	unknown	2.702698	1.179370032999941	171.958272	unknown	2.436699	1.153717928998958	94.736384
float-nonlinear-calculation/coral36.yml	false	unknown	2.671174	1.1134631959994294	119.078912	unknown	2.378718	1.09244197299995	71.630848
float-nonlinear-calculation/coral38.yml	false	unknown	2.749675	1.1756426709998777	169.959424	unknown	2.442014	1.105249742999149	95.305728
float-nonlinear-calculation/coral39.yml	false	unknown	2.77327	1.172412613999768	169.111552	unknown	2.443523	1.1368502449986408	96.833536
float-nonlinear-calculation/coral4.yml	false	unknown	2.819284	1.181934326999908	169.168896	unknown	2.304526	1.0691997360008827	94.601216
float-nonlinear-calculation/coral40.yml	false	false	2.783482	1.1824214539992681	175.501312	unknown	2.482198	1.1143691270008276	93.896704
float-nonlinear-calculation/coral41.yml	false	false	2.859848	1.2077871619985672	175.132672	unknown	2.328232	1.0909212680016935	94.728192
float-nonlinear-calculation/coral42.yml	false	unknown	2.667052	1.1462514189988724	179.269632	unknown	2.668415	1.261360907999915	95.080448
float-nonlinear-calculation/coral43.yml	false	unknown	2.619714	1.138875533000828	168.394752	unknown	2.566839	1.1727529509989836	94.736384
float-nonlinear-calculation/coral44.yml	false	unknown	2.678193	1.1796414939999522	172.384256	unknown	2.360264	1.0919569710022188	94.953472
float-nonlinear-calculation/coral45.yml	false	unknown	2.651414	1.151614377999067	169.426944	unknown	2.527547	1.2108335010016162	95.006720
float-nonlinear-calculation/coral46.yml	true	unknown	2.880515	1.19867923899983	172.937216	unknown	2.399045	1.096367330999783	94.609408
float-nonlinear-calculation/coral48.yml	false	true	2.910484	1.1904786409995722	170.774528	true	2.378259	1.0968413000009605	94.670848
float-nonlinear-calculation/coral49.yml	false	unknown	2.710919	1.1848855369989906	172.093440	unknown	2.443017	1.1229020489990944	98.275328
float-nonlinear-calculation/coral5.yml	true	true	2.760812	1.1890891330003797	172.199936	true	2.479587	1.113640678999218	98.000896
float-nonlinear-calculation/coral50.yml	false	unknown	2.707215	1.166298022000774	170.074112	unknown	2.474647	1.131126932999905	95.322112
float-nonlinear-calculation/coral51.yml	false	unknown	2.83252	1.170704157999353	168.964096	unknown	2.515801	1.1558428700009244	94.519296
float-nonlinear-calculation/coral52.yml	false	unknown	2.71728	1.1653931419987202	168.796160	unknown	2.680039	1.2473346400001901	95.006720
float-nonlinear-calculation/coral53.yml	false	unknown	2.691318	1.1553433549997862	169.148416	unknown	2.579309	1.2001379810026265	94.748672
float-nonlinear-calculation/coral54.yml	false	unknown	2.833598	1.190108066999528	169.226240	unknown	2.498483	1.1716470569990634	94.982144
float-nonlinear-calculation/coral55.yml	true	true	2.652766	1.1424968940009421	169.488384	true	2.331148	1.0610272859994438	96.112640
float-nonlinear-calculation/coral56.yml	false	true	2.786715	1.18818006499896	173.510656	true	2.401211	1.128883451998263	94.908416
float-nonlinear-calculation/coral57.yml	false	true	2.743224	1.184159673000977	173.694976	true	2.652699	1.2142762830007996	94.781440
float-nonlinear-calculation/coral58.yml	false	true	2.77358	1.1771623490003549	173.850624	true	2.509604	1.1795848770016164	94.752768
float-nonlinear-calculation/coral59.yml	false	true	2.632924	1.1564079849995323	172.314624	true	2.421294	1.0988128659992071	98.086912
float-nonlinear-calculation/coral6.yml	false	false	2.739807	1.1725843299991539	175.386624	unknown	2.415892	1.1044094400022004	95.580160
float-nonlinear-calculation/coral60.yml	false	true	2.639392	1.1497783209997579	171.778048	true	2.683343	1.235005017999356	94.523392
float-nonlinear-calculation/coral61.yml	false	true	2.793393	1.1631382569994457	170.336256	true	2.481529	1.1371194790008303	94.519296
float-nonlinear-calculation/coral62.yml	false	true	2.712008	1.1704899659998773	172.883968	true	2.472541	1.1524177930004953	94.535680
float-nonlinear-calculation/coral63.yml	false	true	2.646429	1.1763623859988002	172.961792	true	2.564103	1.1523395570002322	94.777344
float-nonlinear-calculation/coral64.yml	false	true	2.740736	1.1981176120007149	173.912064	true	2.530723	1.1656457429999136	94.797824
float-nonlinear-calculation/coral65.yml	false	true	2.877565	1.19269223000083	174.059520	true	2.440308	1.141356039999664	97.357824
float-nonlinear-calculation/coral66.yml	false	true	2.66814	1.1656761239992193	172.023808	true	2.495228	1.1517615500015381	95.469568
float-nonlinear-calculation/coral67.yml	false	true	2.844907	1.2090237869997509	174.170112	true	2.534878	1.1679813580012706	95.100928
float-nonlinear-calculation/coral68.yml	false	true	2.872391	1.2033161759991344	172.810240	true	2.629739	1.2261359540025296	95.170560
float-nonlinear-calculation/coral69.yml	false	true	2.730713	1.1561370059989713	170.446848	true	2.512027	1.1424582159997954	103.874560
float-nonlinear-calculation/coral71.yml	false	false	3.064692	1.2671005290012545	182.251520	unknown	2.685994	1.230157424997742	96.497664
float-nonlinear-calculation/coral72.yml	false	false	2.797855	1.1991975700002513	177.745920	unknown	2.458122	1.1440910549972614	94.556160
float-nonlinear-calculation/coral73.yml	false	false	3.201198	1.281398736000483	189.214720	unknown	2.719097	1.214031563999015	95.903744
float-nonlinear-calculation/coral74.yml	false	false	3.074514	1.2541272489997937	178.659328	unknown	2.436284	1.0992403009986447	94.740480
float-nonlinear-calculation/coral75.yml	false	false	2.977135	1.2401509970004554	195.309568	unknown	2.418946	1.1254384060011944	95.023104
float-nonlinear-calculation/coral76.yml	false	true	2.711626	1.1595916950009268	172.466176	true	2.387711	1.1018258479998622	95.027200
float-nonlinear-calculation/coral77.yml	false	true	2.904684	1.1950074289998156	177.090560	true	2.565679	1.1814264639979228	95.064064
float-nonlinear-calculation/coral79.yml	false	true	2.639512	1.1405340769997565	171.278336	true	2.42911	1.1226904049981385	97.210368
float-nonlinear-calculation/coral80.yml	true	true	2.609094	1.1465648649991635	170.643456	true	2.39947	1.1198199780010327	94.367744
float-nonlinear-calculation/coral81.yml	false	true	2.885498	1.2061967869994987	174.170112	true	2.556132	1.1706431870006782	95.334400
float-nonlinear-calculation/coral84.yml	false	true	2.939588	1.2127278759999172	173.715456	true	2.525933	1.1446493420007755	95.260672
float-nonlinear-calculation/coral9.yml	false	false	2.697713	1.1963135120004154	174.977024	unknown	2.303473	1.0961334519997763	94.195712
float-nonlinear-calculation/coral91.yml	true	true	2.676633	1.1618537439990178	171.130880	true	2.371406	1.098644890000287	94.527488
