tool		SPF Sun Jul 27 06:24:35 PM IST 2025	SPF Sun Jul 27 06:24:35 PM IST 2025	SPF Sun Jul 27 06:24:35 PM IST 2025	SPF Sun Jul 27 06:24:35 PM IST 2025
run set		SV-COMP25_assert_java.ReachSafety-Java	SV-COMP25_assert_java.ReachSafety-Java	SV-COMP25_assert_java.ReachSafety-Java	SV-COMP25_assert_java.ReachSafety-Java
../sv-benchmarks/java/		status	cputime (s)	walltime (s)	memory (MB)
jayhorn-recursive/Ackermann01.yml	false	false	2.054598	0.9853065989991592	130.088960
jayhorn-recursive/Addition.yml	true	false	2.59801	1.1489273990009679	153.391104
jayhorn-recursive/InfiniteLoop.yml	false	false	2.022787	0.9755416980005975	129.646592
jayhorn-recursive/SatAckermann01.yml	true	TIMEOUT	900.235713	862.3592366230005	1890.713600
jayhorn-recursive/SatAckermann02.yml	true	TIMEOUT	900.457396	855.2125816589996	2057.818112
jayhorn-recursive/SatAckermann03.yml	true	TIMEOUT	900.205406	860.5883437970006	1905.131520
jayhorn-recursive/SatAddition01.yml	true	unknown	7.854954	6.043000096000469	376.504320
jayhorn-recursive/SatEvenOdd01.yml	true	unknown	2.133408	1.0186103800006094	131.878912
jayhorn-recursive/SatFibonacci01.yml	true	false	2.183639	1.0442339699984586	129.576960
jayhorn-recursive/SatFibonacci02.yml	true	true	2.07091	0.9808351760002552	114.958336
jayhorn-recursive/SatFibonacci03.yml	true	true	2.635594	1.1499287730002834	184.266752
jayhorn-recursive/SatGcd.yml	true	unknown	11.490467	9.661297022998042	368.664576
jayhorn-recursive/SatHanoi01.yml	true	TIMEOUT	900.399927	854.743697478003	1661.259776
jayhorn-recursive/SatMccarthy91.yml	true	false	1.998514	0.9720277990018076	130.367488
jayhorn-recursive/SatMultCommutative01.yml	true	false	2.385643	1.0581245239991404	148.062208
jayhorn-recursive/SatPrimes01.yml	true	false	4.018201	1.9002822000002197	187.330560
jayhorn-recursive/UnsatAckermann01.yml	false	TIMEOUT	900.280253	857.5529656170002	2009.292800
jayhorn-recursive/UnsatAddition01.yml	false	unknown	7.623404	5.96658225200008	372.133888
jayhorn-recursive/UnsatAddition02.yml	false	true	2.900976	1.2186037020001095	179.273728
jayhorn-recursive/UnsatEvenOdd01.yml	false	unknown	2.054687	0.9951852509984747	129.462272
jayhorn-recursive/UnsatFibonacci01.yml	false	true	2.617871	1.1400790119987505	176.082944
jayhorn-recursive/UnsatFibonacci02.yml	false	true	2.576452	1.1049154149986862	191.160320
jayhorn-recursive/UnsatMccarthy91.yml	false	false	2.0152	0.9889456999990216	128.307200
jbmc-regression/ArithmeticException1.yml	false	false	2.000146	0.9887567539990414	129.220608
jbmc-regression/ArithmeticException5.yml	true	true	1.877033	0.9120966449991101	114.692096
jbmc-regression/ArithmeticException6.yml	false	false	2.05684	0.9985749459992803	129.486848
jbmc-regression/ArrayIndexOutOfBoundsException1.yml	false	unknown	2.016381	0.9618562710020342	123.654144
jbmc-regression/ArrayIndexOutOfBoundsException2.yml	false	unknown	1.972281	0.9676205069990829	129.687552
jbmc-regression/ArrayIndexOutOfBoundsException3.yml	false	unknown	2.046759	0.9752359800004342	121.868288
jbmc-regression/BufferedReaderReadLine.yml	false	false	2.146694	1.0331516959995497	131.235840
jbmc-regression/CharSequenceBug.yml	false	false	2.003453	0.9655905440013157	129.290240
jbmc-regression/CharSequenceToString.yml	true	false	2.054452	0.9902630520009552	131.952640
jbmc-regression/ClassCastException1.yml	false	false	1.862446	0.9025392240000656	114.417664
jbmc-regression/ClassCastException2.yml	true	true	1.899554	0.9247827469989716	111.968256
jbmc-regression/ClassCastException3.yml	false	false	1.95061	0.939045368002553	121.962496
jbmc-regression/Class_method1.yml	true	true	1.916698	0.9286958669981686	114.282496
jbmc-regression/Inheritance1.yml	true	true	1.907156	0.9015436170011526	114.515968
jbmc-regression/NegativeArraySizeException1.yml	false	false	1.898382	0.9249293639986718	115.752960
jbmc-regression/NegativeArraySizeException2.yml	false	false	1.927721	0.9515653189992008	114.757632
jbmc-regression/NullPointerException1.yml	true	true	1.852396	0.900444618997426	114.507776
jbmc-regression/NullPointerException2.yml	false	false	1.903191	0.9256549099991389	114.667520
jbmc-regression/NullPointerException3.yml	false	false	1.889473	0.9123767119999684	114.253824
jbmc-regression/NullPointerException4.yml	false	false	1.96397	0.9560770669995691	121.446400
jbmc-regression/RegexMatches01.yml	true	true	1.946576	0.9408587239995541	115.240960
jbmc-regression/RegexMatches02.yml	false	true	2.053435	0.9685980580034084	126.373888
jbmc-regression/RegexSubstitution01.yml	true	true	2.014629	0.94532351199814	117.026816
jbmc-regression/RegexSubstitution02.yml	false	unknown	2.026142	0.9686035769991577	116.273152
jbmc-regression/RegexSubstitution03.yml	true	true	1.987867	0.954760846998397	123.854848
jbmc-regression/StaticCharMethods01.yml	true	true	1.964505	0.9468109800000093	121.319424
jbmc-regression/StaticCharMethods02.yml	false	false	1.982788	0.9659997439994186	133.652480
jbmc-regression/StaticCharMethods03.yml	false	false	2.007799	0.997838879997289	129.519616
jbmc-regression/StaticCharMethods04.yml	false	false	1.923767	0.9339172410000174	116.805632
jbmc-regression/StaticCharMethods05.yml	false	unknown	2.044116	0.9766684229980456	126.160896
jbmc-regression/StaticCharMethods06.yml	true	true	2.119633	1.0115475069978856	129.585152
jbmc-regression/StringBuilderAppend01.yml	true	true	2.029018	0.9509356529997604	115.200000
jbmc-regression/StringBuilderAppend02.yml	false	unknown	1.962567	0.9316898149991175	115.580928
jbmc-regression/StringBuilderCapLen01.yml	true	true	1.958836	0.9401733330014395	122.667008
jbmc-regression/StringBuilderCapLen02.yml	false	false	1.907029	0.9240533410011267	120.496128
jbmc-regression/StringBuilderCapLen03.yml	false	unknown	1.878995	0.9234348489990225	115.679232
jbmc-regression/StringBuilderCapLen04.yml	false	unknown	1.884282	0.9154139610000129	116.609024
jbmc-regression/StringBuilderChars01.yml	true	true	2.000885	0.941533655000967	122.179584
jbmc-regression/StringBuilderChars02.yml	false	false	2.000973	0.9623367860003782	121.094144
jbmc-regression/StringBuilderChars03.yml	false	unknown	1.91757	0.9168530130009458	115.699712
jbmc-regression/StringBuilderChars04.yml	false	unknown	2.010824	0.9588834909991419	115.572736
jbmc-regression/StringBuilderChars05.yml	false	unknown	1.957202	0.9479080109995266	115.576832
jbmc-regression/StringBuilderChars06.yml	false	unknown	1.922198	0.9110355360026006	115.769344
jbmc-regression/StringBuilderConstructors01.yml	true	unknown	2.019552	0.9769309119983518	128.380928
jbmc-regression/StringBuilderConstructors02.yml	false	unknown	1.989477	0.9542611659999238	116.260864
jbmc-regression/StringBuilderInsertDelete01.yml	true	true	2.022447	0.964638899997226	117.653504
jbmc-regression/StringBuilderInsertDelete02.yml	false	unknown	2.044804	0.9651622259989381	116.195328
jbmc-regression/StringBuilderInsertDelete03.yml	false	unknown	2.043009	0.9558517120021861	115.871744
jbmc-regression/StringCompare01.yml	true	true	1.918557	0.9218317390004813	113.786880
jbmc-regression/StringCompare02.yml	false	unknown	1.832417	0.8969785110020894	115.945472
jbmc-regression/StringCompare03.yml	false	unknown	1.890593	0.9091984059996321	115.572736
jbmc-regression/StringCompare04.yml	false	unknown	1.891996	0.9106857679980749	115.945472
jbmc-regression/StringCompare05.yml	false	false	1.890688	0.9239426349995483	115.798016
jbmc-regression/StringConcatenation01.yml	true	false	1.905662	0.9245191900008649	119.881728
jbmc-regression/StringConcatenation02.yml	false	false	1.976985	0.952386936001858	120.430592
jbmc-regression/StringConcatenation03.yml	false	false	2.006647	0.9779394010001852	120.098816
jbmc-regression/StringConcatenation04.yml	false	false	2.004402	0.9671341409994056	121.540608
jbmc-regression/StringConstructors01.yml	true	true	1.878911	0.904567423996923	115.556352
jbmc-regression/StringConstructors02.yml	false	false	1.974152	0.9600004499989154	119.898112
jbmc-regression/StringConstructors03.yml	false	false	2.022337	0.956686653997167	119.590912
jbmc-regression/StringConstructors04.yml	false	false	1.964527	0.9376906539982883	120.971264
jbmc-regression/StringConstructors05.yml	false	false	2.010343	0.9597192630026257	133.005312
jbmc-regression/StringContains01.yml	false	false	1.884729	0.9148679139980231	120.635392
jbmc-regression/StringContains02.yml	false	false	1.943469	0.9329504599991196	129.007616
jbmc-regression/StringIndexMethods01.yml	true	true	1.924477	0.9012738310011628	113.958912
jbmc-regression/StringIndexMethods02.yml	false	false	1.994415	0.9583503780013416	129.122304
jbmc-regression/StringIndexMethods03.yml	false	false	1.954018	0.9654498590025469	129.400832
jbmc-regression/StringIndexMethods04.yml	false	false	1.964142	0.958557207002741	123.269120
jbmc-regression/StringIndexMethods05.yml	false	false	2.016536	0.9999018249982328	128.876544
jbmc-regression/StringMiscellaneous01.yml	true	true	1.946291	0.915547795000748	115.318784
jbmc-regression/StringMiscellaneous02.yml	false	false	1.985575	0.9543169819989998	128.856064
jbmc-regression/StringMiscellaneous03.yml	false	false	1.991259	0.9779637380015629	129.478656
jbmc-regression/StringMiscellaneous04.yml	true	true	1.957745	0.9241358740000578	114.884608
jbmc-regression/StringStartEnd01.yml	true	true	1.879837	0.92286322200016	115.228672
jbmc-regression/StringStartEnd02.yml	false	false	1.929014	0.9337955910013989	120.483840
jbmc-regression/StringStartEnd03.yml	false	false	2.001181	0.9547066250015632	120.442880
jbmc-regression/StringValueOf01.yml	true	true	1.983365	0.9323821699981636	115.060736
jbmc-regression/StringValueOf02.yml	false	false	2.018684	0.9522688139986712	119.271424
jbmc-regression/StringValueOf03.yml	false	false	1.938574	0.9269957640026405	118.517760
jbmc-regression/StringValueOf04.yml	false	false	1.967975	0.9425329379992036	120.467456
jbmc-regression/StringValueOf05.yml	false	false	2.072524	0.9714812080019328	131.665920
jbmc-regression/StringValueOf06.yml	false	false	1.93823	0.9343127050015028	120.074240
jbmc-regression/StringValueOf07.yml	false	unknown	1.884203	0.9166981490016042	115.531776
jbmc-regression/StringValueOf08.yml	false	unknown	1.980208	0.9505980350004393	119.062528
jbmc-regression/StringValueOf09.yml	false	unknown	2.037227	0.9696001160009473	129.060864
jbmc-regression/StringValueOf10.yml	false	false	1.963977	0.9460663720019511	119.992320
jbmc-regression/SubString01.yml	true	true	1.925972	0.9298338699991291	114.847744
jbmc-regression/SubString02.yml	false	false	1.963258	0.9435892069996044	120.053760
jbmc-regression/SubString03.yml	false	false	1.968101	0.9432923880012822	120.406016
jbmc-regression/TokenTest01.yml	true	true	2.003112	0.9417516339999565	114.778112
jbmc-regression/TokenTest02.yml	false	unknown	1.91213	0.911995874997956	116.293632
jbmc-regression/Validate01.yml	true	true	1.884129	0.9133058119987254	112.582656
jbmc-regression/Validate02.yml	false	unknown	1.911542	0.9283603049989324	116.674560
jbmc-regression/aastore_aaload1.yml	true	unknown	2.032497	0.9707351699980791	132.427776
jbmc-regression/array1.yml	true	unknown	2.02052	0.961775428000692	129.253376
jbmc-regression/array2.yml	true	true	1.957675	0.9549113790017145	129.589248
jbmc-regression/arraylength1.yml	true	unknown	7.609873	5.97964067599969	368.472064
jbmc-regression/arrayread1.yml	true	unknown	2.0098	0.9641724530010833	130.359296
jbmc-regression/assert1.yml	true	true	1.976347	0.9651469870004803	129.888256
jbmc-regression/assert2.yml	false	false	1.954861	0.9563320849993033	130.764800
jbmc-regression/assert3.yml	false	false	1.971218	0.9857384599999932	130.351104
jbmc-regression/assert4.yml	false	false	1.965158	0.9541201609972632	122.847232
jbmc-regression/assert5.yml	true	true	2.037946	0.9815655710008286	133.763072
jbmc-regression/assert6.yml	true	true	1.923233	0.9434636999976647	122.802176
jbmc-regression/astore_aload1.yml	true	true	2.053437	0.948064013999101	113.963008
jbmc-regression/athrow1.yml	false	false	1.892965	0.9063127510016784	114.151424
jbmc-regression/basic1.yml	true	true	1.918754	0.9188821940006164	114.270208
jbmc-regression/bitwise1.yml	true	unknown	1.944849	0.9430628150003031	130.990080
jbmc-regression/boolean1.yml	true	true	1.982742	0.9692360799999733	129.093632
jbmc-regression/boolean2.yml	true	true	2.028115	0.9714431659995171	132.800512
jbmc-regression/bug-test-gen-095.yml	false	false	1.890303	0.9156155420023424	120.602624
jbmc-regression/bug-test-gen-119-2.yml	true	true	1.901206	0.9084921959984058	113.389568
jbmc-regression/bug-test-gen-119.yml	true	false	2.088876	0.9854185570002301	134.430720
jbmc-regression/calc.yml	true	unknown	2.016825	0.984296403999906	130.392064
jbmc-regression/cast1.yml	true	unknown	2.128082	0.991633871999511	138.039296
jbmc-regression/catch1.yml	true	true	1.921332	0.9340472949988907	112.128000
jbmc-regression/char1.yml	true	true	2.015475	0.9699720550015627	130.408448
jbmc-regression/charArray.yml	true	unknown	2.025574	0.9724223999983224	128.897024
jbmc-regression/classtest1.yml	true	true	1.847087	0.8899976239990792	112.373760
jbmc-regression/const1.yml	true	true	1.974184	0.9288663980005367	114.655232
jbmc-regression/constructor1.yml	true	true	1.908856	0.8935916190021089	115.122176
jbmc-regression/enum1.yml	true	true	1.894303	0.9072709840002062	114.282496
jbmc-regression/exceptions1.yml	false	false	1.931378	0.9338461760016799	114.311168
jbmc-regression/exceptions10.yml	false	false	1.948937	0.940488116000779	115.339264
jbmc-regression/exceptions11.yml	false	false	1.866787	0.8988737399995443	113.172480
jbmc-regression/exceptions12.yml	false	false	1.937194	0.9328547690020059	115.441664
jbmc-regression/exceptions13.yml	false	false	1.838978	0.8911300970030425	113.491968
jbmc-regression/exceptions14.yml	true	true	1.953369	0.9218844979986898	123.445248
jbmc-regression/exceptions15.yml	true	true	1.921926	0.9201836829997774	114.180096
jbmc-regression/exceptions16.yml	false	false	1.969384	0.9586327590004657	116.432896
jbmc-regression/exceptions18.yml	true	true	1.874314	0.9067320069989364	112.586752
jbmc-regression/exceptions2.yml	false	false	1.897747	0.9177325790005852	114.610176
jbmc-regression/exceptions3.yml	false	false	1.884824	0.9096883380007057	115.347456
jbmc-regression/exceptions4.yml	true	true	1.916682	0.9230169010006648	114.954240
jbmc-regression/exceptions5.yml	true	true	1.935225	0.9198212619994592	124.477440
jbmc-regression/exceptions6.yml	false	false	1.883606	0.9151477870000235	115.040256
jbmc-regression/exceptions7.yml	false	false	1.960289	0.9415669380032341	114.409472
jbmc-regression/exceptions8.yml	false	false	1.91058	0.9284658239994314	114.294784
jbmc-regression/exceptions9.yml	true	true	1.938097	0.9380590920009126	114.876416
jbmc-regression/fcmpx_dcmpx1.yml	true	true	1.902616	0.9217834890005179	112.353280
jbmc-regression/iarith1.yml	true	true	1.850388	0.8927992079989053	121.348096
jbmc-regression/iarith2.yml	true	true	1.944794	0.9169287240001722	112.660480
jbmc-regression/if_acmp1.yml	true	true	1.873859	0.9084254100016551	114.446336
jbmc-regression/if_expr1.yml	true	true	1.933987	0.932160272001056	131.870720
jbmc-regression/if_icmp1.yml	true	true	8.574297	7.022295110000414	448.405504
jbmc-regression/ifxx1.yml	true	true	1.895497	0.9013490130018909	114.315264
jbmc-regression/instanceof1.yml	true	true	1.885359	0.9214797360000375	114.450432
jbmc-regression/instanceof2.yml	true	true	1.879393	0.9193580989995098	114.294784
jbmc-regression/instanceof3.yml	true	true	1.917359	0.9140004399996542	112.259072
jbmc-regression/instanceof4.yml	true	true	1.878273	0.8914565209997818	113.606656
jbmc-regression/instanceof5.yml	true	true	1.871918	0.8990157289990748	112.177152
jbmc-regression/instanceof6.yml	true	true	1.93136	0.9389988319999247	114.843648
jbmc-regression/instanceof7.yml	true	true	1.789269	0.8741617279993079	113.864704
jbmc-regression/instanceof8.yml	true	true	1.847338	0.9029060040011245	114.913280
jbmc-regression/interface1.yml	false	false	1.821485	0.8804929129983066	114.413568
jbmc-regression/java_append_char.yml	false	false	2.069195	0.9804066760007117	133.943296
jbmc-regression/lazyloading4.yml	true	true	1.854074	0.8843715280017932	114.241536
jbmc-regression/list1.yml	true	unknown	2.057298	0.9580283220020647	122.314752
jbmc-regression/long1.yml	true	true	1.828735	0.8802991880002082	113.930240
jbmc-regression/lookupswitch1.yml	true	false	1.953054	0.9621260189996974	128.634880
jbmc-regression/multinewarray.yml	true	true	1.93885	0.9362917830003425	111.960064
jbmc-regression/overloading1.yml	true	true	1.881039	0.9223062730015954	114.442240
jbmc-regression/package1.yml	true	true	1.910217	0.9213246449980943	115.318784
jbmc-regression/putfield_getfield1.yml	true	true	1.89792	0.9281522519995633	115.085312
jbmc-regression/putstatic_getstatic1.yml	true	true	1.913433	0.9172118570022576	113.078272
jbmc-regression/recursion2.yml	true	true	1.887695	0.9116244649994769	119.455744
jbmc-regression/return1.yml	false	false	1.96195	0.9425185610016342	114.827264
jbmc-regression/return2.yml	false	false	1.975828	0.9431949850004457	132.263936
jbmc-regression/store_load1.yml	true	true	1.944899	0.9228888809993805	117.153792
jbmc-regression/swap1.yml	true	true	1.90562	0.9034599289989274	115.089408
jbmc-regression/synchronized.yml	true	true	1.901175	0.9220668390007631	112.373760
jbmc-regression/tableswitch1.yml	true	false	2.020353	0.988420641002449	129.413120
jbmc-regression/uninitialised1.yml	true	true	1.849074	0.8873823280009674	114.040832
jbmc-regression/virtual1.yml	true	true	1.832881	0.8932281179986603	114.356224
jbmc-regression/virtual2.yml	false	false	1.894891	0.9259266720000596	114.900992
jbmc-regression/virtual4.yml	true	true	1.861053	0.8968744949997927	112.877568
jbmc-regression/virtual_function_unwinding.yml	true	true	1.921099	0.9160547389983549	113.709056
jpf-regression/ExDarko_false.yml	false	false	2.084576	0.9862285729977884	129.327104
jpf-regression/ExDarko_true.yml	true	unknown	7.615239	5.9809218180016614	446.152704
jpf-regression/ExException_false.yml	false	false	1.999368	0.9643344979995163	129.331200
jpf-regression/ExException_true.yml	true	true	2.102665	1.0209758749988396	128.978944
jpf-regression/ExGenSymExe_false.yml	false	false	1.827429	0.8876062770032149	114.642944
jpf-regression/ExGenSymExe_true.yml	true	true	1.910818	0.9054839400014316	124.801024
jpf-regression/ExLazy_false.yml	false	false	1.99742	0.9710209110016876	129.830912
jpf-regression/ExLazy_true.yml	true	true	1.975513	0.9780163970026479	128.942080
jpf-regression/ExMIT_false.yml	false	false	2.022032	0.96380630099884	133.210112
jpf-regression/ExMIT_true.yml	true	true	1.996288	0.9582596859982004	123.080704
jpf-regression/ExSymExe10_false.yml	false	false	2.093763	0.9972026420000475	130.744320
jpf-regression/ExSymExe10_true.yml	true	true	1.960528	0.9402809759994852	122.978304
jpf-regression/ExSymExe11_false.yml	false	false	1.937776	0.9021120600009453	115.777536
jpf-regression/ExSymExe11_true.yml	true	true	2.029419	0.987984340001276	128.806912
jpf-regression/ExSymExe12_false.yml	false	false	2.868307	1.3777723570019589	237.744128
jpf-regression/ExSymExe12_true.yml	true	true	2.051075	0.9841458299997612	134.156288
jpf-regression/ExSymExe13_false.yml	false	false	2.711969	1.3021398540004157	178.593792
jpf-regression/ExSymExe13_true.yml	true	true	2.773583	1.3546856269967975	172.298240
jpf-regression/ExSymExe14_false.yml	false	false	2.503613	1.175283014003071	171.376640
jpf-regression/ExSymExe14_true.yml	true	true	2.106509	0.9953747560030024	133.218304
jpf-regression/ExSymExe15_false.yml	false	false	2.119345	0.9982289920008043	132.464640
jpf-regression/ExSymExe15_true.yml	true	true	2.034439	0.9646689159999369	122.400768
jpf-regression/ExSymExe16_false.yml	false	false	1.90272	0.8929749610033468	115.056640
jpf-regression/ExSymExe16_true.yml	true	true	1.888477	0.8910503439983586	114.831360
jpf-regression/ExSymExe17_false.yml	false	false	1.923006	0.9238664110016543	115.191808
jpf-regression/ExSymExe17_true.yml	true	true	1.9252	0.92819073499777	112.623616
jpf-regression/ExSymExe18_false.yml	false	false	2.04908	0.97307865699986	123.936768
jpf-regression/ExSymExe18_true.yml	true	true	1.91395	0.9249180690021603	112.660480
jpf-regression/ExSymExe19_false.yml	false	false	2.080868	1.0129456510003365	129.769472
jpf-regression/ExSymExe19_true.yml	true	unknown	2.055717	0.9748642300000938	122.941440
jpf-regression/ExSymExe1_false.yml	false	unknown	2.004184	0.9614686610002536	121.634816
jpf-regression/ExSymExe1_true.yml	true	true	1.973952	0.9551813789985317	115.167232
jpf-regression/ExSymExe20_false.yml	false	unknown	2.04406	0.9694098449981539	129.953792
jpf-regression/ExSymExe20_true.yml	true	true	1.926346	0.9331470510005602	111.947776
jpf-regression/ExSymExe21_false.yml	false	unknown	1.975115	0.9553354990021035	121.823232
jpf-regression/ExSymExe21_true.yml	true	true	1.940629	0.9385335850020056	121.425920
jpf-regression/ExSymExe25_false.yml	false	unknown	7.533529	5.973935327001527	366.268416
jpf-regression/ExSymExe25_true.yml	true	true	1.944525	0.9403173530008644	115.052544
jpf-regression/ExSymExe26_false.yml	false	unknown	1.998942	0.9664607029990293	130.670592
jpf-regression/ExSymExe26_true.yml	true	true	1.872916	0.9016087179988972	113.692672
jpf-regression/ExSymExe27_false.yml	false	unknown	7.474627	5.971981358998164	365.789184
jpf-regression/ExSymExe27_true.yml	true	true	1.869268	0.8995374010009982	115.023872
jpf-regression/ExSymExe28_false.yml	false	false	2.022698	0.9605814700007613	130.342912
jpf-regression/ExSymExe28_true.yml	true	true	1.919533	0.9075862099998631	114.950144
jpf-regression/ExSymExe29_false.yml	false	unknown	1.883515	0.9302417489998334	131.682304
jpf-regression/ExSymExe29_true.yml	true	true	1.840382	0.885641274999216	112.357376
jpf-regression/ExSymExe2_false.yml	false	unknown	2.079411	0.9963649009987421	130.584576
jpf-regression/ExSymExe2_true.yml	true	true	1.900875	0.9103327699995134	113.278976
jpf-regression/ExSymExe3_false.yml	false	false	2.083478	1.0203299280001374	129.269760
jpf-regression/ExSymExe3_true.yml	true	true	1.897412	0.9196992430006503	112.717824
jpf-regression/ExSymExe4_false.yml	false	unknown	2.026948	0.9841144999991229	132.227072
jpf-regression/ExSymExe4_true.yml	true	true	1.923001	0.9079986659999122	113.758208
jpf-regression/ExSymExe5_false.yml	false	false	2.01334	0.9741260199989483	129.855488
jpf-regression/ExSymExe5_true.yml	true	true	1.841167	0.8939845120003156	113.614848
jpf-regression/ExSymExe6_false.yml	false	unknown	1.911492	0.9405903890001355	121.581568
jpf-regression/ExSymExe6_true.yml	true	true	1.927269	0.9227992910018656	114.274304
jpf-regression/ExSymExe7_false.yml	false	unknown	2.067471	1.013703794000321	130.080768
jpf-regression/ExSymExe7_true.yml	true	unknown	2.069801	0.9868712140014395	129.949696
jpf-regression/ExSymExe8_false.yml	false	unknown	2.044369	0.9691175070001918	122.212352
jpf-regression/ExSymExe8_true.yml	true	true	1.882001	0.9026179419997789	112.775168
jpf-regression/ExSymExe9_false.yml	false	false	1.940001	0.9202660800001468	121.589760
jpf-regression/ExSymExe9_true.yml	true	true	1.909968	0.9003228089968616	114.720768
jpf-regression/ExSymExeArrays_false.yml	false	false	1.926574	0.9309700699996029	114.106368
jpf-regression/ExSymExeArrays_true.yml	true	true	1.861017	0.9063357230006659	114.388992
jpf-regression/ExSymExeBool_false.yml	false	false	1.905825	0.9306518889970903	114.135040
jpf-regression/ExSymExeBool_true.yml	true	true	1.932598	0.9315139040008944	122.040320
jpf-regression/ExSymExeComplexMath_false.yml	false	false	2.031651	0.9464912219991675	114.999296
jpf-regression/ExSymExeComplexMath_true.yml	true	true	1.985461	0.9524600740005553	114.552832
jpf-regression/ExSymExeD2I_false.yml	false	false	1.934706	0.9182842480004183	115.658752
jpf-regression/ExSymExeD2I_true.yml	true	true	2.067906	1.0020939440000802	129.097728
jpf-regression/ExSymExeD2L_false.yml	false	false	2.04889	0.992980256996816	130.646016
jpf-regression/ExSymExeD2L_true.yml	true	true	2.062041	0.9841145910031628	129.486848
jpf-regression/ExSymExeF2I_false.yml	false	false	1.927331	0.9164142560002801	115.224576
jpf-regression/ExSymExeF2I_true.yml	true	true	2.128555	1.0166317330003949	133.111808
jpf-regression/ExSymExeF2L_false.yml	false	false	2.092535	0.9918056940005044	129.892352
jpf-regression/ExSymExeF2L_true.yml	true	true	2.04788	0.973397448000469	133.799936
jpf-regression/ExSymExeFNEG_false.yml	false	false	1.955536	0.9399190349977289	122.777600
jpf-regression/ExSymExeFNEG_true.yml	true	true	2.008785	0.9652780949982116	123.731968
jpf-regression/ExSymExeGetStatic_false.yml	false	false	1.966373	0.9300060139976267	115.240960
jpf-regression/ExSymExeGetStatic_true.yml	true	true	1.942148	0.9378748739982257	119.775232
jpf-regression/ExSymExeI2D_false.yml	false	unknown	2.027115	0.9778645379992668	129.073152
jpf-regression/ExSymExeI2D_true.yml	true	unknown	2.01799	0.9814689380000345	132.493312
jpf-regression/ExSymExeI2F_false.yml	false	false	1.888937	0.9091547329990135	114.266112
jpf-regression/ExSymExeI2F_true.yml	true	true	2.040837	0.9810920050003915	123.002880
jpf-regression/ExSymExeLCMP_false.yml	false	unknown	1.943394	0.9369129130027432	121.356288
jpf-regression/ExSymExeLCMP_true.yml	true	true	5.272682	3.7278407300000254	447.119360
jpf-regression/ExSymExeLongBytecodes_false.yml	false	unknown	2.081898	0.9917171000015514	122.040320
jpf-regression/ExSymExeLongBytecodes_true.yml	true	true	2.121206	0.9841541659989161	130.088960
jpf-regression/ExSymExeResearch_false.yml	false	false	1.976589	0.9571029469989298	134.848512
jpf-regression/ExSymExeResearch_true.yml	true	true	2.111709	0.993029490000481	130.277376
jpf-regression/ExSymExeSimple_false.yml	false	unknown	9.520442	7.827936468002008	452.489216
jpf-regression/ExSymExeSimple_true.yml	true	true	5.280923	3.8028101049967518	448.872448
jpf-regression/ExSymExeSuzette_false.yml	false	unknown	7.582809	5.966505436001171	450.629632
jpf-regression/ExSymExeSuzette_true.yml	true	true	2.070784	0.995305508000456	133.533696
jpf-regression/ExSymExeSwitch_false.yml	false	false	2.037337	0.9718128729982709	129.970176
jpf-regression/ExSymExeSwitch_true.yml	true	true	2.021038	0.9712715129971912	129.384448
jpf-regression/ExSymExeTestAssignments_false.yml	false	false	2.047648	0.987716266001371	129.675264
jpf-regression/ExSymExeTestAssignments_true.yml	true	true	1.97118	0.9484092650018283	122.736640
jpf-regression/ExSymExeTestClassFields_false.yml	false	false	2.055385	0.9805867380018753	133.816320
jpf-regression/ExSymExeTestClassFields_true.yml	true	true	1.905929	0.9254543600000034	123.084800
jpf-regression/ExSymExe_false.yml	false	false	2.021359	0.954069614999753	120.995840
jpf-regression/ExSymExe_true.yml	true	true	2.083559	0.965023945998837	116.137984
jpf-regression/TestLazy_false.yml	false	false	2.005309	0.9701939789993048	129.044480
jpf-regression/TestLazy_true.yml	true	true	1.996279	0.9688574860010704	128.589824
java-ranger-regression/LoopCharAt.yml	false	true	2.509415	1.1233355969998229	176.254976
java-ranger-regression/TCAS_prop1.yml	false	false	70.13726	68.04876576899915	444.563456
java-ranger-regression/TCAS_prop2.yml	true	true	544.917944	541.1543574909992	443.793408
java-ranger-regression/TCAS_prop3.yml	true	true	484.871078	480.6146529639991	444.895232
java-ranger-regression/apachecli_eqchk.yml	true	true	393.016188	369.691139524999	523.898880
java-ranger-regression/schedule_eqchk.yml	true	true	5.598194	1.9946529720000399	271.990784
java-ranger-regression/WBS/WBS_prop1.yml	false	false	2.234727	1.042363946999103	134.938624
java-ranger-regression/WBS/WBS_prop2.yml	true	true	3.994283	1.5157168840014492	205.148160
java-ranger-regression/WBS/WBS_prop3.yml	false	false	2.26518	1.0311966629997187	134.918144
java-ranger-regression/WBS/WBS_prop4.yml	false	false	4.12598	1.5989268619996437	221.044736
java-ranger-regression/alarm/Alarm_prop1.yml	true	true	2.887107	1.2568135820001771	128.704512
java-ranger-regression/alarm/Alarm_prop10.yml	true	true	3.076778	1.268825705999916	143.855616
java-ranger-regression/alarm/Alarm_prop2.yml	true	true	3.028588	1.2592443479989015	143.024128
java-ranger-regression/alarm/Alarm_prop3.yml	true	true	2.926427	1.2277592649988947	142.913536
java-ranger-regression/alarm/Alarm_prop4.yml	true	true	3.036356	1.2617540530009137	143.560704
java-ranger-regression/alarm/Alarm_prop5.yml	true	true	3.043557	1.254299969998101	140.754944
java-ranger-regression/alarm/Alarm_prop6.yml	true	true	3.052632	1.2674896099997568	142.979072
java-ranger-regression/alarm/Alarm_prop8.yml	true	true	2.891949	1.222255294000206	140.021760
java-ranger-regression/alarm/Alarm_prop9.yml	true	true	3.044001	1.2700405430005048	141.434880
java-ranger-regression/infusion/Infusion_prop1.yml	true	true	2.678667	1.1749185700027738	143.577088
java-ranger-regression/infusion/Infusion_prop10.yml	true	true	2.684747	1.154963652999868	143.216640
java-ranger-regression/infusion/Infusion_prop11.yml	true	true	2.697602	1.1670732599995972	144.416768
java-ranger-regression/infusion/Infusion_prop12.yml	true	true	2.615256	1.1672458840002946	141.750272
java-ranger-regression/infusion/Infusion_prop13.yml	true	true	2.723615	1.204128359000606	142.032896
java-ranger-regression/infusion/Infusion_prop2.yml	true	true	2.657752	1.153615956001886	143.036416
java-ranger-regression/infusion/Infusion_prop3.yml	true	true	2.683898	1.1790815460008162	144.613376
java-ranger-regression/infusion/Infusion_prop4.yml	true	true	2.703902	1.1884085450001294	144.146432
java-ranger-regression/infusion/Infusion_prop5.yml	true	true	2.661138	1.1832562749987119	143.863808
java-ranger-regression/infusion/Infusion_prop6.yml	true	true	2.676581	1.1794826719997218	142.905344
java-ranger-regression/infusion/Infusion_prop7.yml	true	true	2.634003	1.1604294319986366	144.359424
java-ranger-regression/infusion/Infusion_prop8.yml	true	true	2.834839	1.1900144680002995	141.697024
java-ranger-regression/infusion/Infusion_prop9.yml	true	true	2.698737	1.1864185990016267	142.475264
java-ranger-regression/siena_eqchk/siena_prop1.yml	true	unknown	6.376275	2.246588306999911	263.266304
java-ranger-regression/siena_eqchk/siena_prop2.yml	false	false	5.735657	2.046139669000695	251.170816
java-ranger-regression/replace5_eqchk/replace5_prop1.yml	true	unknown	21.146274	16.972655016998033	462.737408
java-ranger-regression/replace5_eqchk/replace5_prop2.yml	false	false	2.623275	1.1626274900008866	134.766592
java-ranger-regression/nanoxml_eqchk/nanoxml_prop1.yml	true	unknown	3.269707	1.3218905440007802	135.643136
java-ranger-regression/nanoxml_eqchk/nanoxml_prop2.yml	false	unknown	3.113001	1.320740046998253	131.764224
java-ranger-regression/nanoxml_eqchk/nanoxml_prop3.yml	false	unknown	3.222419	1.3601624529983383	131.670016
java-ranger-regression/printtokens_eqchk/printtokens_prop1.yml	true	unknown	2.30904	1.0786634230025811	134.729728
java-ranger-regression/printtokens_eqchk/printtokens_prop2.yml	false	false	2.462557	1.1073462499989546	131.702784
MinePump/spec1-5_product1.yml	false	false	2.359035	1.0951844049995998	131.186688
MinePump/spec1-5_product10.yml	false	false	2.380243	1.0879817149980227	130.232320
MinePump/spec1-5_product11.yml	false	false	3.29254	1.347297112999513	189.300736
MinePump/spec1-5_product12.yml	false	false	2.56543	1.1405273860000307	147.755008
MinePump/spec1-5_product13.yml	false	false	2.386381	1.0913218530004087	129.863680
MinePump/spec1-5_product14.yml	false	false	2.345207	1.0913116939991596	130.699264
MinePump/spec1-5_product15.yml	false	false	3.317218	1.345931001000281	186.994688
MinePump/spec1-5_product16.yml	false	false	2.531557	1.1313621820008848	147.431424
MinePump/spec1-5_product17.yml	false	false	2.354208	1.058842337999522	130.129920
MinePump/spec1-5_product18.yml	false	false	2.292229	1.059243202998914	129.511424
MinePump/spec1-5_product19.yml	false	false	3.285797	1.3452280269993935	176.214016
MinePump/spec1-5_product2.yml	false	false	2.377696	1.0910531570007151	129.953792
MinePump/spec1-5_product20.yml	false	false	2.488943	1.1168511329997273	142.180352
MinePump/spec1-5_product21.yml	false	false	2.451587	1.1072222069997224	134.758400
MinePump/spec1-5_product22.yml	false	false	2.370379	1.0874339940019127	131.203072
MinePump/spec1-5_product23.yml	false	false	3.200939	1.319958575997589	178.221056
MinePump/spec1-5_product24.yml	false	false	2.64655	1.1703758469993772	138.973184
MinePump/spec1-5_product25.yml	false	false	2.351265	1.115850418998889	130.469888
MinePump/spec1-5_product26.yml	false	false	2.372104	1.0830619230000593	129.835008
MinePump/spec1-5_product27.yml	false	false	3.309135	1.366418039000564	191.098880
MinePump/spec1-5_product28.yml	false	false	2.595761	1.1414965899966774	147.898368
MinePump/spec1-5_product29.yml	false	false	2.388247	1.0771400250014267	130.772992
MinePump/spec1-5_product3.yml	false	false	3.208759	1.3440224579971982	181.006336
MinePump/spec1-5_product30.yml	false	false	2.413437	1.0874372599973867	134.754304
MinePump/spec1-5_product31.yml	false	false	3.477754	1.428836446000787	186.884096
MinePump/spec1-5_product32.yml	false	false	2.647384	1.188287337001384	136.904704
MinePump/spec1-5_product33.yml	false	false	2.40126	1.140398974002892	129.089536
MinePump/spec1-5_product34.yml	false	false	2.453713	1.1292086569992534	132.710400
MinePump/spec1-5_product35.yml	false	false	3.335389	1.3948628079997434	189.796352
MinePump/spec1-5_product36.yml	false	false	2.57627	1.158126317001006	139.915264
MinePump/spec1-5_product37.yml	false	false	2.384058	1.098302185000648	129.323008
MinePump/spec1-5_product38.yml	false	false	2.382207	1.060487455000839	136.482816
MinePump/spec1-5_product39.yml	false	false	3.177786	1.3207735400028469	175.538176
MinePump/spec1-5_product4.yml	false	false	2.534916	1.130227184999967	137.433088
MinePump/spec1-5_product40.yml	false	false	2.532542	1.1387176890020783	139.755520
MinePump/spec1-5_product41.yml	false	false	2.428905	1.0929845230020874	134.258688
MinePump/spec1-5_product42.yml	false	false	2.438713	1.0875468760023068	131.014656
MinePump/spec1-5_product43.yml	false	false	3.283585	1.3466686089996074	188.674048
MinePump/spec1-5_product44.yml	false	false	2.588446	1.1476273119988036	148.099072
MinePump/spec1-5_product45.yml	false	false	2.477832	1.1087914910021937	138.489856
MinePump/spec1-5_product46.yml	false	false	2.47564	1.1133451229979983	133.414912
MinePump/spec1-5_product47.yml	false	false	3.2869	1.3436679910009843	186.613760
MinePump/spec1-5_product48.yml	false	false	2.558738	1.1489209569990635	140.169216
MinePump/spec1-5_product49.yml	false	false	2.344179	1.0755735960010497	129.839104
MinePump/spec1-5_product5.yml	false	false	2.396426	1.1072513319995778	130.027520
MinePump/spec1-5_product50.yml	false	false	2.362296	1.1019603700005973	134.234112
MinePump/spec1-5_product51.yml	false	false	3.229524	1.3319300539988035	176.517120
MinePump/spec1-5_product52.yml	false	false	2.528541	1.11092128999735	147.922944
MinePump/spec1-5_product53.yml	false	false	2.319773	1.0559397039978649	128.847872
MinePump/spec1-5_product54.yml	false	false	2.355206	1.0918349089988624	130.244608
MinePump/spec1-5_product55.yml	false	false	3.225587	1.3302613420019043	177.893376
MinePump/spec1-5_product56.yml	false	false	2.578394	1.143195217999164	138.170368
MinePump/spec1-5_product57.yml	true	true	7.062972	2.474086335998436	393.785344
MinePump/spec1-5_product58.yml	true	true	6.678567	2.3688477169998805	396.722176
MinePump/spec1-5_product59.yml	true	true	6.022072	2.14336131500022	271.777792
MinePump/spec1-5_product6.yml	false	false	2.341179	1.0698130409982696	129.703936
MinePump/spec1-5_product60.yml	true	true	6.072683	2.2115164709975943	288.370688
MinePump/spec1-5_product61.yml	true	true	6.781322	2.4336208369968517	394.559488
MinePump/spec1-5_product62.yml	true	true	6.927894	2.46698875400034	396.070912
MinePump/spec1-5_product63.yml	true	true	6.309336	2.2764633580009104	266.870784
MinePump/spec1-5_product64.yml	true	true	6.232888	2.2531936210034473	297.029632
MinePump/spec1-5_product7.yml	false	false	3.261447	1.3413304700006847	188.710912
MinePump/spec1-5_product8.yml	false	false	2.591475	1.150822577001236	144.842752
MinePump/spec1-5_product9.yml	false	false	2.402524	1.0857546619990899	135.585792
algorithms/BellmanFord-FunSat01.yml	true	unknown	2.143791	1.00546026399752	122.785792
algorithms/BellmanFord-FunSat02.yml	false	unknown	2.104323	0.9962811129989859	131.489792
algorithms/BellmanFord-FunUnsat01.yml	false	unknown	2.141363	1.0356653060007375	128.106496
algorithms/BellmanFord-FunUnsat02.yml	false	unknown	2.13203	1.027227111000684	129.028096
algorithms/BellmanFord-MemSat01.yml	true	unknown	2.107045	1.026380015999166	122.179584
algorithms/BellmanFord-MemSat02.yml	true	unknown	2.150471	1.0298384670022642	122.667008
algorithms/BellmanFord-MemUnsat01.yml	false	unknown	2.27512	1.0680709509979351	130.134016
algorithms/BellmanFord-MemUnsat02.yml	false	unknown	2.090345	1.0313319089982542	122.531840
algorithms/BinaryTreeSearch-FunSat01.yml	true	true	3.620562	1.464202404000389	195.264512
algorithms/BinaryTreeSearch-FunUnsat01.yml	false	false	2.397699	1.0986300610020407	135.520256
algorithms/BinaryTreeSearch-MemSat01.yml	true	true	3.643652	1.4502534749990446	182.128640
algorithms/BinaryTreeSearch-MemUnsat01.yml	false	false	2.246533	1.0863352559972554	133.636096
algorithms/BinaryTreeSearch-MemUnsat02.yml	false	false	2.23153	1.0720795180022833	129.736704
algorithms/InsertionSort-FunSat01.yml	true	unknown	2.088188	1.0057466219986964	123.269120
algorithms/InsertionSort-FunSat02.yml	true	unknown	2.059356	0.996092759000021	123.682816
algorithms/InsertionSort-FunUnsat01.yml	false	unknown	2.226468	1.0585402190008608	132.587520
algorithms/InsertionSort-MemSat01.yml	true	unknown	2.128741	1.0601586960001441	128.925696
algorithms/InsertionSort-MemUnsat01.yml	false	unknown	2.188759	1.06426103999911	129.253376
algorithms/MergeSortIterative-FunSat01.yml	true	unknown	2.275631	1.089420123000309	124.100608
algorithms/MergeSortIterative-FunSat02.yml	true	unknown	2.272552	1.0960291240007791	128.024576
algorithms/MergeSortIterative-FunUnsat01.yml	false	unknown	2.25472	1.0977285240005585	123.179008
algorithms/MergeSortIterative-MemSat01.yml	false	unknown	2.317306	1.1234024269979273	130.043904
algorithms/MergeSortIterative-MemUnsat01.yml	false	unknown	2.309667	1.100428876998194	132.075520
algorithms/RedBlackTree-FunSat01.yml	true	true	3.216755	1.3888568820002547	151.351296
algorithms/RedBlackTree-FunUnsat01.yml	false	false	2.742762	1.220532800998626	145.592320
algorithms/RedBlackTree-MemSat01.yml	true	true	844.072429	838.451975365002	447.270912
algorithms/RedBlackTree-MemUnsat01.yml	false	false	128.920969	126.61544344399954	447.012864
algorithms/SortedListInsert-FunSat01.yml	true	unknown	2.035296	0.988755181999295	128.753664
algorithms/SortedListInsert-FunSat02.yml	true	unknown	2.02738	1.0058377630011819	129.978368
algorithms/SortedListInsert-FunUnsat01.yml	false	unknown	1.986716	0.9880603130004602	132.661248
algorithms/SortedListInsert-MemSat01.yml	true	false	2.133438	1.0203559529982158	132.505600
algorithms/SortedListInsert-MemUnsat01.yml	false	true	2.965101	1.2506542580013047	183.615488
algorithms/Trie-FunSat01.yml	true	unknown	7.763424	6.036580231000698	443.002880
algorithms/Trie-FunUnsat01.yml	false	false	2.167405	1.0285531000008632	129.961984
algorithms/Trie-MemSat01.yml	true	true	2.290664	1.0738134660023206	130.703360
algorithms/Trie-MemUnsat01.yml	false	false	2.24341	1.0701340369996615	129.961984
algorithms/Tsp-FunSat01.yml	false	unknown	2.158611	1.0528801740001654	123.052032
algorithms/Tsp-FunUnsat01.yml	false	unknown	2.110161	1.0037267970001267	123.113472
algorithms/Tsp-MemSat01.yml	true	unknown	2.108379	0.991563841002062	122.679296
algorithms/Tsp-MemUnsat01.yml	false	unknown	2.023708	0.9798155870012124	122.269696
juliet-java/CWE369_Divide_by_Zero__float_connect_tcp_divide_01_bad.yml	false	unknown	2.281336	1.0602578679972794	128.299008
juliet-java/CWE369_Divide_by_Zero__float_connect_tcp_divide_01_bad_version2.yml	false	unknown	2.337943	1.0958295380005438	118.579200
juliet-java/CWE369_Divide_by_Zero__float_connect_tcp_divide_01_good.yml	true	unknown	2.179999	1.003841513000225	117.870592
juliet-java/CWE369_Divide_by_Zero__float_connect_tcp_divide_81a_bad.yml	false	unknown	2.261753	1.0264445300017542	117.157888
juliet-java/CWE369_Divide_by_Zero__float_connect_tcp_divide_81a_bad_version2.yml	false	unknown	2.362253	1.049066221999965	128.319488
juliet-java/CWE369_Divide_by_Zero__float_connect_tcp_divide_81a_good.yml	true	unknown	2.316536	1.051814046997606	118.362112
juliet-java/CWE369_Divide_by_Zero__float_console_readLine_divide_54_bad.yml	false	unknown	2.311475	1.0483133739980985	131.059712
juliet-java/CWE369_Divide_by_Zero__float_console_readLine_divide_54_bad_version2.yml	false	unknown	2.2923	1.038091734997579	120.020992
juliet-java/CWE369_Divide_by_Zero__float_console_readLine_divide_54_good.yml	true	unknown	2.28899	1.0599735930009047	120.815616
jdart-regression/OverapproximationString01.yml	false	false	1.941982	0.9556286070001079	120.938496
jdart-regression/URLDecoder01.yml	true	false	2.060842	0.9728011469997	121.573376
jdart-regression/URLDecoder02.yml	false	false	2.146151	0.9962569400013308	121.565184
jdart-regression/addition01.yml	false	false	2.640792	1.1717745189998823	155.238400
jdart-regression/array-iteration01.yml	false	unknown	2.203228	1.0346400140006153	132.657152
jdart-regression/boundcheck100.yml	false	false	2.952961	1.2531283979988075	267.329536
jdart-regression/boundcheck200.yml	false	false	3.45453	1.6274828320019878	472.281088
jdart-regression/boundcheck30.yml	false	false	2.37375	1.0917478810006287	153.845760
jdart-regression/double2long.yml	false	true	2.189416	1.012706348003121	131.211264
jdart-regression/float.yml	false	false	2.075649	1.0089428610008326	129.798144
jdart-regression/list2.yml	true	unknown	66.284738	64.1950618109986	447.016960
jdart-regression/radians.yml	false	unknown	1.93996	0.940800713000499	122.859520
jdart-regression/shifting.yml	false	unknown	2.022788	0.9885045400005765	129.478656
jdart-regression/shifting2.yml	false	unknown	1.980316	0.9621702669974184	128.098304
jdart-regression/shifting3.yml	false	unknown	1.978085	0.9487670450034784	123.658240
jdart-regression/startswith.yml	true	false	2.023049	0.9515534730016952	121.438208
securibench/Aliasing1.yml	false	false	4.215359	1.5815600690002611	126.205952
securibench/Aliasing2.yml	true	true	4.044346	1.5397635070003162	121.511936
securibench/Aliasing3.yml	true	true	4.014432	1.5362567830015905	121.176064
securibench/Aliasing4.yml	false	false	4.468352	1.6303480280002987	132.517888
securibench/Aliasing5.yml	false	false	4.38971	1.5990832290008257	125.046784
securibench/Aliasing6.yml	false	false	4.259218	1.6065465640022012	137.437184
securibench/Arrays1.yml	false	false	4.050669	1.5470145720028086	127.442944
securibench/Arrays10.yml	false	unknown	4.454708	1.638354716997128	133.943296
securibench/Arrays2.yml	false	false	4.081338	1.5394056330005697	128.389120
securibench/Arrays3.yml	false	false	4.432702	1.6273804000011296	134.860800
securibench/Arrays4.yml	false	false	4.124063	1.5786354820011184	124.719104
securibench/Arrays5.yml	true	true	4.365479	1.5929704980007955	125.812736
securibench/Arrays6.yml	false	false	4.343467	1.61558094800057	133.509120
securibench/Arrays7.yml	false	false	4.271433	1.5936868570024671	125.554688
securibench/Arrays8.yml	false	false	4.126902	1.5867691589992319	135.729152
securibench/Arrays9.yml	false	false	4.432413	1.6245230780004931	129.273856
securibench/Basic1.yml	false	false	4.560232	1.7344949309990625	127.516672
securibench/Basic10.yml	false	false	4.530085	1.6974964340006409	134.381568
securibench/Basic11.yml	false	unknown	4.304169	1.585538732000714	123.920384
securibench/Basic12.yml	false	false	4.244258	1.6015457670000615	134.856704
securibench/Basic15.yml	false	false	4.107841	1.5847477019997314	136.761344
securibench/Basic16.yml	false	false	4.506302	1.7311848569988797	125.321216
securibench/Basic17.yml	false	false	4.244573	1.6184941840001557	126.828544
securibench/Basic18.yml	false	false	4.828395	1.7383758089999901	154.370048
securibench/Basic19.yml	false	false	4.457329	1.6354768970013538	125.075456
securibench/Basic2.yml	false	false	4.523067	1.6612414779992832	135.671808
securibench/Basic20.yml	false	false	4.805924	1.8144304270026623	123.412480
securibench/Basic21.yml	false	unknown	5.391995	2.0730778689976432	147.767296
securibench/Basic24.yml	false	unknown	4.656974	1.802505720002955	150.921216
securibench/Basic25.yml	false	unknown	4.930616	1.8803484460004256	152.162304
securibench/Basic26.yml	false	false	4.758961	1.8585149290011032	125.407232
securibench/Basic27.yml	false	false	4.497652	1.762889654000901	136.556544
securibench/Basic28.yml	true	true	4.211687	1.6271644730004482	121.278464
securibench/Basic29.yml	false	false	4.853696	1.806915345001471	134.520832
securibench/Basic3.yml	false	unknown	4.418476	1.7106667859989102	131.891200
securibench/Basic30.yml	false	false	4.356007	1.6836682520006434	125.321216
securibench/Basic31.yml	false	false	4.407989	1.6736725979972107	124.960768
securibench/Basic32.yml	false	false	4.60176	1.7191442419971281	127.176704
securibench/Basic33.yml	false	false	4.350225	1.6900436489995627	125.214720
securibench/Basic34.yml	false	false	4.446214	1.6842649149984936	127.373312
securibench/Basic35.yml	false	false	4.929375	1.804239344997768	137.687040
securibench/Basic37.yml	false	false	4.651037	1.7983400559969596	148.742144
securibench/Basic38.yml	false	false	4.752417	1.8053745729994262	145.063936
securibench/Basic39.yml	false	false	4.827876	1.8880665510005201	143.089664
securibench/Basic4.yml	false	false	4.55056	1.7545084510020388	141.033472
securibench/Basic5.yml	false	unknown	4.082015	1.5714345910018892	118.669312
securibench/Basic6.yml	true	unknown	4.13154	1.5944427009999345	129.363968
securibench/Basic7.yml	false	unknown	4.401025	1.6591253619990312	122.834944
securibench/Basic8.yml	true	true	4.333243	1.638542750999477	120.242176
securibench/Basic9.yml	false	false	4.654698	1.7470065829984378	138.829824
securibench/Collections1.yml	false	false	4.281512	1.617583809998905	125.616128
securibench/Collections10.yml	false	false	4.373407	1.6823079099995084	138.272768
securibench/Collections12.yml	false	false	4.299008	1.6633271049977338	132.083712
securibench/Collections13.yml	false	true	4.161318	1.6082252759988478	125.603840
securibench/Collections14.yml	false	false	5.529623	1.9738040049996926	179.474432
securibench/Collections2.yml	false	false	4.336758	1.630147059000592	125.710336
securibench/Collections3.yml	false	false	4.657599	1.722830173002876	138.244096
securibench/Collections4.yml	false	false	4.29712	1.631038137998985	135.491584
securibench/Collections5.yml	false	false	4.198461	1.6706303389983077	131.686400
securibench/Collections6.yml	false	false	4.432244	1.6777505290010595	134.758400
securibench/Collections7.yml	false	false	4.337084	1.6380363869975554	137.494528
securibench/Collections8.yml	true	true	4.199708	1.6100788270014164	125.173760
securibench/Collections9.yml	true	unknown	4.509048	1.743165369000053	134.885376
securibench/Datastructures1.yml	false	false	4.412654	1.6675134189972596	125.616128
securibench/Datastructures2.yml	false	false	4.398212	1.650813478998316	134.164480
securibench/Datastructures3.yml	false	false	4.167161	1.6043769790012448	125.394944
securibench/Datastructures4.yml	true	true	4.314328	1.6011276089993771	131.592192
securibench/Datastructures5.yml	false	unknown	4.321747	1.616032048001216	118.071296
securibench/Datastructures6.yml	false	false	6.343517	2.20513785899675	253.480960
securibench/Factories1.yml	false	unknown	4.217461	1.6033472400013125	118.923264
securibench/Factories2.yml	false	false	4.103128	1.581980229999317	124.628992
securibench/Factories3.yml	false	false	4.156454	1.619076381000923	125.722624
securibench/Inter1.yml	false	false	4.295953	1.6500198650028324	132.775936
securibench/Inter10.yml	false	unknown	4.281521	1.5976792450019275	126.406656
securibench/Inter11.yml	false	unknown	4.321356	1.6326893870027561	119.406592
securibench/Inter12.yml	false	false	4.155121	1.5947977989999345	126.672896
securibench/Inter13.yml	false	false	4.450655	1.674590927999816	145.969152
securibench/Inter14.yml	false	false	4.633705	1.704732290996617	137.486336
securibench/Inter2.yml	false	false	4.407087	1.6396529209996515	126.984192
securibench/Inter3.yml	false	false	4.284852	1.6260431310001877	137.912320
securibench/Inter4.yml	false	false	4.224954	1.6211684009977034	128.962560
securibench/Inter5.yml	false	unknown	4.260382	1.5751259730022866	120.909824
securibench/Inter6.yml	false	false	4.595567	1.6679040550006903	125.972480
securibench/Inter7.yml	false	false	4.178368	1.6000417440009187	135.241728
securibench/Inter8.yml	false	false	4.194048	1.59767412599831	134.766592
securibench/Inter9.yml	false	unknown	4.036812	1.559855023999262	118.480896
securibench/Pred1.yml	true	true	4.251278	1.6034363769977062	119.287808
securibench/Pred2.yml	false	false	4.412477	1.6658095509992563	140.050432
securibench/Pred3.yml	true	true	4.209439	1.6270114239996474	135.761920
securibench/Pred4.yml	false	false	4.564703	1.6585434959997656	125.730816
securibench/Pred5.yml	false	false	4.19393	1.602082508001331	125.722624
securibench/Pred6.yml	true	true	4.121685	1.582165198000439	126.971904
securibench/Pred7.yml	true	true	4.085834	1.5645278840020183	118.702080
securibench/Pred8.yml	false	false	4.379161	1.6163057839985413	126.730240
securibench/Pred9.yml	true	false	4.331192	1.6290278019987454	125.685760
securibench/Refl1.yml	false	false	4.235282	1.6130559330013057	126.119936
securibench/Refl2.yml	false	true	4.434875	1.6456430519974674	122.130432
securibench/Refl3.yml	false	false	4.205806	1.6041141639980196	136.089600
securibench/Refl4.yml	false	false	4.455616	1.6315138630016008	135.159808
securibench/Sanitizers1.yml	false	false	4.639007	1.7130206299989368	143.278080
securibench/Sanitizers2.yml	true	false	4.685928	1.7345828960023937	152.584192
securibench/Sanitizers3.yml	true	unknown	4.794037	1.7518219010016765	156.819456
securibench/Sanitizers4.yml	false	false	4.458598	1.6597614900019835	140.337152
securibench/Sanitizers5.yml	false	unknown	4.443917	1.6646711560024414	148.189184
securibench/Sanitizers6.yml	true	false	4.229731	1.634250498002075	142.102528
securibench/Session1.yml	false	false	4.426649	1.6415403849969152	125.480960
securibench/Session2.yml	false	false	4.260775	1.6106246749986894	136.273920
securibench/Session3.yml	false	false	4.230832	1.5990126770011557	137.650176
securibench/StrongUpdates1.yml	true	true	4.082455	1.607033180000144	129.261568
securibench/StrongUpdates2.yml	true	true	4.091181	1.5493617529973562	120.786944
securibench/StrongUpdates3.yml	true	true	4.176637	1.5624050860024	122.621952
securibench/StrongUpdates4.yml	true	true	4.00271	1.5280891110014636	121.954304
securibench/StrongUpdates5.yml	true	unknown	4.033121	1.532193320999795	119.611392
float-nonlinear-calculation/Bessel.yml	true	true	2.438683	1.1422887000007904	145.256448
float-nonlinear-calculation/Conflict.yml	true	unknown	2.523491	1.114305682000122	143.896576
float-nonlinear-calculation/EulerMethod.yml	false	false	3.069297	1.3242221330001485	258.195456
float-nonlinear-calculation/MathSin.yml	false	unknown	2.955713	1.2720681649989274	117.678080
float-nonlinear-calculation/Optimization1.yml	false	false	2.937888	1.2725439319983707	129.658880
float-nonlinear-calculation/Optimization2.yml	false	false	3.403911	1.369882281000173	133.730304
float-nonlinear-calculation/Optimization3.yml	false	unknown	2.863235	1.2190139109989104	124.104704
float-nonlinear-calculation/Optimization4.yml	false	unknown	3.14084	1.2935652389969619	130.048000
float-nonlinear-calculation/Optimization5.yml	false	false	3.037254	1.2932893899996998	133.451776
float-nonlinear-calculation/Optimization6.yml	false	false	3.131589	1.3040250270023535	130.465792
float-nonlinear-calculation/PartitionEx.yml	true	true	2.112806	1.0235658980018343	130.580480
float-nonlinear-calculation/TurnLogic.yml	true	true	2.073938	0.9885954509991279	125.308928
float-nonlinear-calculation/coral1.yml	false	false	2.8896	1.2852145430006203	123.932672
float-nonlinear-calculation/coral10.yml	false	false	2.983276	1.250725681999029	135.430144
float-nonlinear-calculation/coral11.yml	false	unknown	3.039471	1.2496530019998318	123.748352
float-nonlinear-calculation/coral12.yml	false	unknown	3.113078	1.2584702469976037	123.105280
float-nonlinear-calculation/coral13.yml	false	unknown	3.070171	1.261276622000878	123.015168
float-nonlinear-calculation/coral14.yml	false	unknown	3.018111	1.2391996869992	131.915776
float-nonlinear-calculation/coral15.yml	false	unknown	2.825062	1.2040610629992443	131.391488
float-nonlinear-calculation/coral16.yml	false	unknown	3.012003	1.2305857140017906	122.888192
float-nonlinear-calculation/coral17.yml	false	unknown	3.028852	1.2420532500000263	121.876480
float-nonlinear-calculation/coral18.yml	false	unknown	2.976703	1.2438917819999915	123.322368
float-nonlinear-calculation/coral19.yml	false	unknown	2.881527	1.2191122570002335	124.084224
float-nonlinear-calculation/coral2.yml	false	false	2.968274	1.2659403950019623	133.976064
float-nonlinear-calculation/coral20.yml	false	false	3.006614	1.3160170310002286	130.686976
float-nonlinear-calculation/coral21.yml	false	false	3.153102	1.3086839110001165	130.981888
float-nonlinear-calculation/coral22.yml	false	unknown	3.115119	1.2952118390021496	130.756608
float-nonlinear-calculation/coral23.yml	true	unknown	3.210077	1.3035623659998237	134.807552
float-nonlinear-calculation/coral26.yml	true	unknown	3.208688	1.3145487159999902	131.129344
float-nonlinear-calculation/coral27.yml	false	false	3.004561	1.2628364500014868	131.481600
float-nonlinear-calculation/coral28.yml	false	unknown	2.999021	1.252233162002085	131.772416
float-nonlinear-calculation/coral29.yml	false	unknown	2.89401	1.228991402000247	121.589760
float-nonlinear-calculation/coral3.yml	true	true	3.101689	1.283224765000341	136.196096
float-nonlinear-calculation/coral30.yml	false	unknown	3.113377	1.2646689409993996	126.107648
float-nonlinear-calculation/coral31.yml	false	true	3.13904	1.2913620500003162	129.363968
float-nonlinear-calculation/coral32.yml	false	unknown	3.131772	1.2631637359991146	123.273216
float-nonlinear-calculation/coral33.yml	false	unknown	2.925808	1.2593901899999764	122.929152
float-nonlinear-calculation/coral34.yml	false	unknown	3.096614	1.2731954480004788	122.494976
float-nonlinear-calculation/coral35.yml	false	unknown	3.126036	1.2815103569992061	122.687488
float-nonlinear-calculation/coral36.yml	false	unknown	3.039099	1.2374810999972397	117.096448
float-nonlinear-calculation/coral38.yml	false	unknown	2.872118	1.2317614780004078	121.888768
float-nonlinear-calculation/coral39.yml	false	unknown	2.947269	1.240450591998524	122.601472
float-nonlinear-calculation/coral4.yml	false	unknown	3.30352	1.340080788002524	122.650624
float-nonlinear-calculation/coral40.yml	false	false	3.097352	1.2751487869973062	124.059648
float-nonlinear-calculation/coral41.yml	false	false	3.209978	1.314774630998727	134.418432
float-nonlinear-calculation/coral42.yml	false	unknown	3.076803	1.2710818480009038	123.301888
float-nonlinear-calculation/coral43.yml	false	unknown	3.099236	1.2670122339986847	130.691072
float-nonlinear-calculation/coral44.yml	false	unknown	3.205562	1.287291644999641	131.936256
float-nonlinear-calculation/coral45.yml	false	unknown	2.857809	1.210742465002113	121.401344
float-nonlinear-calculation/coral46.yml	true	unknown	3.058295	1.2434886429982726	122.470400
float-nonlinear-calculation/coral48.yml	false	false	3.199676	1.3058428809999896	134.615040
float-nonlinear-calculation/coral49.yml	false	unknown	3.003867	1.250712728000508	123.035648
float-nonlinear-calculation/coral5.yml	true	true	3.055597	1.2675901729999168	131.674112
float-nonlinear-calculation/coral50.yml	false	unknown	3.072545	1.2378954199994041	122.216448
float-nonlinear-calculation/coral51.yml	false	unknown	3.11511	1.2564471069999854	122.167296
float-nonlinear-calculation/coral52.yml	false	unknown	3.009866	1.274437267002213	122.114048
float-nonlinear-calculation/coral53.yml	false	unknown	3.087398	1.261743662002118	123.805696
float-nonlinear-calculation/coral54.yml	false	unknown	2.932949	1.2194446829998924	123.146240
float-nonlinear-calculation/coral55.yml	true	unknown	3.071092	1.3020510599999398	130.203648
float-nonlinear-calculation/coral56.yml	false	unknown	2.914528	1.269471835999866	132.853760
float-nonlinear-calculation/coral57.yml	false	unknown	3.24194	1.3595543320006982	122.081280
float-nonlinear-calculation/coral58.yml	false	unknown	3.167721	1.2816127600017353	123.166720
float-nonlinear-calculation/coral59.yml	false	unknown	3.10733	1.2896435340007883	130.293760
float-nonlinear-calculation/coral6.yml	false	false	2.983353	1.2754493430002185	130.056192
float-nonlinear-calculation/coral60.yml	false	unknown	3.044436	1.2470960069986177	123.736064
float-nonlinear-calculation/coral61.yml	false	unknown	2.941571	1.2761825029992906	122.748928
float-nonlinear-calculation/coral62.yml	false	unknown	2.93021	1.2400672100011434	123.265024
float-nonlinear-calculation/coral63.yml	false	unknown	2.946078	1.233535679999477	122.839040
float-nonlinear-calculation/coral64.yml	false	unknown	2.974367	1.2932476210007735	123.465728
float-nonlinear-calculation/coral65.yml	false	unknown	3.269787	1.3370476759992016	123.125760
float-nonlinear-calculation/coral66.yml	false	unknown	2.927536	1.24865281899838	123.420672
float-nonlinear-calculation/coral67.yml	false	unknown	3.226919	1.3280804490023002	124.383232
float-nonlinear-calculation/coral68.yml	false	unknown	3.288407	1.3627299220024724	124.497920
float-nonlinear-calculation/coral69.yml	false	unknown	3.205272	1.3642571579985088	130.383872
float-nonlinear-calculation/coral71.yml	false	false	3.124925	1.3108475859989994	131.817472
float-nonlinear-calculation/coral72.yml	false	false	3.127025	1.3805123399979493	130.400256
float-nonlinear-calculation/coral73.yml	false	false	3.423261	1.406806458999199	144.412672
float-nonlinear-calculation/coral74.yml	false	false	3.249609	1.3260143279985641	137.576448
float-nonlinear-calculation/coral75.yml	false	false	3.0901	1.2799967169994488	143.646720
float-nonlinear-calculation/coral76.yml	false	false	3.071724	1.2847244900003716	136.765440
float-nonlinear-calculation/coral77.yml	false	false	3.244829	1.3143415459999233	137.252864
float-nonlinear-calculation/coral79.yml	false	false	3.070906	1.3074043010019523	136.257536
float-nonlinear-calculation/coral80.yml	true	true	3.394842	1.359348243000568	139.218944
float-nonlinear-calculation/coral81.yml	false	false	2.954207	1.251483250001911	134.504448
float-nonlinear-calculation/coral84.yml	false	false	2.879594	1.2263803649984766	130.863104
float-nonlinear-calculation/coral9.yml	false	false	3.05532	1.2781665200018324	129.781760
float-nonlinear-calculation/coral91.yml	true	true	2.962245	1.2461318810019293	131.006464
