tool		SPF Tue Aug 19 05:02:33 PM IST 2025	SPF Tue Aug 19 05:02:33 PM IST 2025	SPF Tue Aug 19 05:02:33 PM IST 2025	SPF Tue Aug 19 05:02:33 PM IST 2025
run set		SV-COMP25_assert_java.ReachSafety-Java	SV-COMP25_assert_java.ReachSafety-Java	SV-COMP25_assert_java.ReachSafety-Java	SV-COMP25_assert_java.ReachSafety-Java
../sv-benchmarks/java/		status	cputime (s)	walltime (s)	memory (MB)
jayhorn-recursive/Ackermann01.yml	false	false	2.008552	1.1859176090000005	181.334016
jayhorn-recursive/Addition.yml	true	true	2.181024	1.0432810890000042	183.984128
jayhorn-recursive/InfiniteLoop.yml	false	false	1.943721	0.9677144849999877	181.133312
jayhorn-recursive/SatAckermann01.yml	true	true	11.167842	6.148957875000008	579.866624
jayhorn-recursive/SatAckermann02.yml	true	true	11.347789	6.371554763000006	581.554176
jayhorn-recursive/SatAckermann03.yml	true	true	11.049648	6.1457715380000195	585.621504
jayhorn-recursive/SatAddition01.yml	true	true	2.457948	1.1698714550000204	186.429440
jayhorn-recursive/SatEvenOdd01.yml	true	true	2.421021	1.180247723000008	186.601472
jayhorn-recursive/SatFibonacci01.yml	true	true	3.796075	1.5823058890000254	264.290304
jayhorn-recursive/SatFibonacci02.yml	true	true	1.843119	0.9097842480000224	122.732544
jayhorn-recursive/SatFibonacci03.yml	true	true	3.766028	1.5287777899999924	260.653056
jayhorn-recursive/SatGcd.yml	true	true	3.100014	1.321119600000003	225.292288
jayhorn-recursive/SatHanoi01.yml	true	true	6.507266	3.0576089579999746	545.857536
jayhorn-recursive/SatMccarthy91.yml	true	true	8.75144	4.501718471000004	563.843072
jayhorn-recursive/SatMultCommutative01.yml	true	true	2.452872	1.1247780470000066	203.005952
jayhorn-recursive/SatPrimes01.yml	true	TIMEOUT	900.707211	836.1902255670001	1460.412416
jayhorn-recursive/UnsatAckermann01.yml	false	false	2.095184	1.0425562970001465	181.493760
jayhorn-recursive/UnsatAddition01.yml	false	false	2.050564	1.0164682469999207	181.268480
jayhorn-recursive/UnsatAddition02.yml	false	true	2.430586	1.124610877999885	196.345856
jayhorn-recursive/UnsatEvenOdd01.yml	false	false	2.077082	1.0198745310001414	180.834304
jayhorn-recursive/UnsatFibonacci01.yml	false	false	2.194831	1.0436405059999743	185.810944
jayhorn-recursive/UnsatFibonacci02.yml	false	false	2.800282	1.2225831959999596	221.257728
jayhorn-recursive/UnsatMccarthy91.yml	false	false	2.028982	1.0034597860001213	180.379648
jbmc-regression/ArithmeticException1.yml	false	false	2.037788	1.0218786169998566	180.899840
jbmc-regression/ArithmeticException5.yml	true	true	1.81059	0.9067252560000725	122.138624
jbmc-regression/ArithmeticException6.yml	false	false	2.006613	0.9998759200000222	180.916224
jbmc-regression/ArrayIndexOutOfBoundsException1.yml	false	false	2.082835	1.007042330999866	185.741312
jbmc-regression/ArrayIndexOutOfBoundsException2.yml	false	false	2.05278	1.0011790070000188	181.456896
jbmc-regression/ArrayIndexOutOfBoundsException3.yml	false	false	2.06536	0.9994526850000511	181.768192
jbmc-regression/BufferedReaderReadLine.yml	false	false	2.128278	1.0336466170001586	184.053760
jbmc-regression/CharSequenceBug.yml	false	false	2.061418	1.0243186510001578	184.606720
jbmc-regression/CharSequenceToString.yml	true	true	2.249183	1.1196286809999947	205.717504
jbmc-regression/ClassCastException1.yml	false	false	1.876817	0.9431412159999581	123.834368
jbmc-regression/ClassCastException2.yml	true	true	1.892403	0.9516641989998789	122.777600
jbmc-regression/ClassCastException3.yml	false	false	1.851779	0.9207240309999634	123.924480
jbmc-regression/Class_method1.yml	true	true	1.783429	0.8880010479999783	122.056704
jbmc-regression/Inheritance1.yml	true	true	1.837983	0.8909839890000057	121.937920
jbmc-regression/NegativeArraySizeException1.yml	false	false	1.866336	0.9052683549998619	130.695168
jbmc-regression/NegativeArraySizeException2.yml	false	false	1.898075	0.9293837980001172	123.760640
jbmc-regression/NullPointerException1.yml	true	unknown	1.834322	0.9154846600001747	122.728448
jbmc-regression/NullPointerException2.yml	false	false	1.898172	0.9237809399999151	123.019264
jbmc-regression/NullPointerException3.yml	false	false	1.906531	0.9362167969998154	123.723776
jbmc-regression/NullPointerException4.yml	false	false	1.8283	0.9106990929999483	123.453440
jbmc-regression/RegexMatches01.yml	true	true	1.876417	0.9270354630000384	123.752448
jbmc-regression/RegexMatches02.yml	false	unknown	1.916304	0.9381895349999922	124.456960
jbmc-regression/RegexSubstitution01.yml	true	true	1.965252	0.969200292999858	126.656512
jbmc-regression/RegexSubstitution02.yml	false	unknown	1.988718	0.9527788759999112	124.739584
jbmc-regression/RegexSubstitution03.yml	true	true	1.953338	0.9381085840000196	125.247488
jbmc-regression/StaticCharMethods01.yml	true	true	1.890956	0.9298913590000666	122.331136
jbmc-regression/StaticCharMethods02.yml	false	unknown	2.119353	1.026233492999836	200.855552
jbmc-regression/StaticCharMethods03.yml	false	unknown	2.031514	0.9974225210000895	179.281920
jbmc-regression/StaticCharMethods04.yml	false	false	2.02621	1.0209833760000038	180.625408
jbmc-regression/StaticCharMethods05.yml	false	unknown	1.87789	0.920303623999871	126.025728
jbmc-regression/StaticCharMethods06.yml	true	unknown	2.055985	1.022427357999959	179.806208
jbmc-regression/StringBuilderAppend01.yml	true	true	1.933511	0.9380407769999692	125.132800
jbmc-regression/StringBuilderAppend02.yml	false	unknown	1.997521	0.9752251370000522	124.506112
jbmc-regression/StringBuilderCapLen01.yml	true	true	1.917887	0.9529462509999576	124.567552
jbmc-regression/StringBuilderCapLen02.yml	false	false	2.199386	1.076453630999822	184.434688
jbmc-regression/StringBuilderCapLen03.yml	false	false	2.011423	1.0208189069999207	169.431040
jbmc-regression/StringBuilderCapLen04.yml	false	unknown	1.921133	0.9284116860001177	124.219392
jbmc-regression/StringBuilderChars01.yml	true	true	1.927919	0.9442619449998801	124.137472
jbmc-regression/StringBuilderChars02.yml	false	false	2.144776	1.0221095809999952	184.209408
jbmc-regression/StringBuilderChars03.yml	false	unknown	1.848829	0.9171771789999639	124.022784
jbmc-regression/StringBuilderChars04.yml	false	unknown	1.90495	0.9442579070000647	132.706304
jbmc-regression/StringBuilderChars05.yml	false	unknown	1.863347	0.9219273139999586	124.727296
jbmc-regression/StringBuilderChars06.yml	false	unknown	1.907708	0.9585021279999637	123.863040
jbmc-regression/StringBuilderConstructors01.yml	true	true	2.02753	1.0105018430001564	179.347456
jbmc-regression/StringBuilderConstructors02.yml	false	unknown	1.888333	0.9006157940000321	124.821504
jbmc-regression/StringBuilderInsertDelete01.yml	true	true	2.047832	0.9714964320000945	127.717376
jbmc-regression/StringBuilderInsertDelete02.yml	false	unknown	1.967378	0.9599001750000298	124.321792
jbmc-regression/StringBuilderInsertDelete03.yml	false	unknown	1.964885	0.9556127209998522	123.924480
jbmc-regression/StringCompare01.yml	true	true	1.877997	0.9173220210000181	122.712064
jbmc-regression/StringCompare02.yml	false	unknown	1.855229	0.9232432860001154	132.145152
jbmc-regression/StringCompare03.yml	false	unknown	1.921105	0.9201210110002194	125.083648
jbmc-regression/StringCompare04.yml	false	unknown	1.894821	0.9320020919999479	124.751872
jbmc-regression/StringCompare05.yml	false	false	1.84472	0.9240506329999789	124.579840
jbmc-regression/StringConcatenation01.yml	true	true	2.295435	1.152107155000067	180.207616
jbmc-regression/StringConcatenation02.yml	false	false	2.099854	1.0225188909998906	178.831360
jbmc-regression/StringConcatenation03.yml	false	false	2.172871	1.054908322000074	184.463360
jbmc-regression/StringConcatenation04.yml	false	false	2.142752	1.034188094000001	183.336960
jbmc-regression/StringConstructors01.yml	true	true	1.877705	0.9427500940000755	130.908160
jbmc-regression/StringConstructors02.yml	false	false	2.185134	1.0579516899999817	183.832576
jbmc-regression/StringConstructors03.yml	false	false	2.059907	1.009754459000078	183.664640
jbmc-regression/StringConstructors04.yml	false	false	2.089487	1.006776334000051	184.004608
jbmc-regression/StringConstructors05.yml	false	false	2.163275	1.036529653000116	184.819712
jbmc-regression/StringContains01.yml	false	false	2.088514	1.0212367019998965	184.180736
jbmc-regression/StringContains02.yml	false	false	2.159383	1.0542586020001181	183.336960
jbmc-regression/StringIndexMethods01.yml	true	true	1.873899	0.9077627210001538	123.453440
jbmc-regression/StringIndexMethods02.yml	false	false	2.102666	1.0249870770001053	181.530624
jbmc-regression/StringIndexMethods03.yml	false	false	2.116303	1.033799634999923	181.116928
jbmc-regression/StringIndexMethods04.yml	false	false	2.094594	1.0285006780000003	181.223424
jbmc-regression/StringIndexMethods05.yml	false	false	2.030503	1.0038196790001166	181.112832
jbmc-regression/StringMiscellaneous01.yml	true	true	1.907414	0.9299686110000493	124.432384
jbmc-regression/StringMiscellaneous02.yml	false	false	2.050378	1.0148288030000003	181.141504
jbmc-regression/StringMiscellaneous03.yml	false	false	2.177167	1.0713831749999372	206.925824
jbmc-regression/StringMiscellaneous04.yml	true	true	1.902483	0.9420680729999731	122.703872
jbmc-regression/StringStartEnd01.yml	true	true	1.840968	0.9225797300000522	122.908672
jbmc-regression/StringStartEnd02.yml	false	false	2.194425	1.0898112460001812	185.540608
jbmc-regression/StringStartEnd03.yml	false	false	2.227281	1.092522279999912	186.376192
jbmc-regression/StringValueOf01.yml	true	true	1.923212	0.9345894030000181	124.968960
jbmc-regression/StringValueOf02.yml	false	false	2.133281	1.0400935489999483	185.200640
jbmc-regression/StringValueOf03.yml	false	false	1.95889	0.9432871040000919	127.062016
jbmc-regression/StringValueOf04.yml	false	false	2.108797	1.0296108720001484	180.682752
jbmc-regression/StringValueOf05.yml	false	false	2.227922	1.0722548639998877	207.257600
jbmc-regression/StringValueOf06.yml	false	false	2.157822	1.0543040960001235	182.333440
jbmc-regression/StringValueOf07.yml	false	unknown	1.945899	0.9559651510001004	123.748352
jbmc-regression/StringValueOf08.yml	false	unknown	1.851218	0.9172957260000203	124.403712
jbmc-regression/StringValueOf09.yml	false	unknown	1.868619	0.9151231360001475	123.408384
jbmc-regression/StringValueOf10.yml	false	false	2.053465	1.0069084809999822	179.216384
jbmc-regression/SubString01.yml	true	true	1.862604	0.9208321389999128	122.765312
jbmc-regression/SubString02.yml	false	false	2.165454	1.0692682540000078	209.575936
jbmc-regression/SubString03.yml	false	false	2.215014	1.0932353030000286	208.707584
jbmc-regression/TokenTest01.yml	true	true	1.899095	0.9301607620000141	123.346944
jbmc-regression/TokenTest02.yml	false	unknown	1.890331	0.9329100350000772	124.194816
jbmc-regression/Validate01.yml	true	true	1.885849	0.9285370309999053	126.406656
jbmc-regression/Validate02.yml	false	unknown	1.896348	0.938341347000005	124.465152
jbmc-regression/aastore_aaload1.yml	true	unknown	163.695803	163.33028046200002	206.131200
jbmc-regression/array1.yml	true	unknown	2.09906	1.0401307160000215	184.659968
jbmc-regression/array2.yml	true	true	1.991138	1.017510047000087	178.745344
jbmc-regression/arraylength1.yml	true	true	2.009394	1.0142541479999636	179.634176
jbmc-regression/arrayread1.yml	true	unknown	2.029653	1.0165108069998041	181.596160
jbmc-regression/assert1.yml	true	true	2.056118	1.0314636929999779	178.577408
jbmc-regression/assert2.yml	false	false	2.053545	1.0270642410000619	180.363264
jbmc-regression/assert3.yml	false	false	2.011796	0.9937284119998822	180.813824
jbmc-regression/assert4.yml	false	false	2.04447	1.0091505820000748	181.387264
jbmc-regression/assert5.yml	true	true	2.055862	1.0302888520000124	179.347456
jbmc-regression/assert6.yml	true	true	1.989682	0.9975595729999895	178.921472
jbmc-regression/astore_aload1.yml	true	true	2.008962	0.9719057889999476	123.781120
jbmc-regression/athrow1.yml	false	false	1.820815	0.9148762820000229	123.908096
jbmc-regression/basic1.yml	true	true	1.8413	0.889502900000025	125.386752
jbmc-regression/bitwise1.yml	true	unknown	2.030561	1.0154524380000112	177.790976
jbmc-regression/boolean1.yml	true	true	1.98515	0.9809866970001622	178.999296
jbmc-regression/boolean2.yml	true	true	2.022409	0.9990130380001574	180.121600
jbmc-regression/bug-test-gen-095.yml	false	false	2.18519	1.0586676610000723	180.162560
jbmc-regression/bug-test-gen-119-2.yml	true	true	1.877935	0.896168267999883	122.343424
jbmc-regression/bug-test-gen-119.yml	true	true	2.167282	1.0704691140001614	205.488128
jbmc-regression/calc.yml	true	unknown	2.138231	1.0298492500000975	183.783424
jbmc-regression/cast1.yml	true	unknown	2.070796	1.0190799810000044	179.503104
jbmc-regression/catch1.yml	true	true	1.869398	0.9121619979998741	122.830848
jbmc-regression/char1.yml	true	unknown	2.079481	1.0335568349998994	201.011200
jbmc-regression/charArray.yml	true	unknown	2.050644	1.0139136590000817	180.076544
jbmc-regression/classtest1.yml	true	true	1.75322	0.8775105980000717	122.454016
jbmc-regression/const1.yml	true	true	1.81231	0.9038589960000536	121.479168
jbmc-regression/constructor1.yml	true	true	1.890319	0.9338239470000644	122.449920
jbmc-regression/enum1.yml	true	true	1.91594	0.9399570410000706	123.637760
jbmc-regression/exceptions1.yml	false	false	1.925792	0.9420597130001624	123.338752
jbmc-regression/exceptions10.yml	false	false	1.873048	0.9515233909999097	123.260928
jbmc-regression/exceptions11.yml	false	false	1.929354	0.9602881829998751	124.411904
jbmc-regression/exceptions12.yml	false	false	1.877417	0.9447643880000669	124.002304
jbmc-regression/exceptions13.yml	false	false	1.884163	0.9255430470000192	125.333504
jbmc-regression/exceptions14.yml	true	true	1.797296	0.8988196819998393	122.134528
jbmc-regression/exceptions15.yml	true	true	1.876496	0.9265427199998157	122.601472
jbmc-regression/exceptions16.yml	false	false	1.89096	0.9371496520000164	134.488064
jbmc-regression/exceptions18.yml	true	true	1.810566	0.9054260780001187	130.240512
jbmc-regression/exceptions2.yml	false	false	1.81492	0.906481556000017	123.105280
jbmc-regression/exceptions3.yml	false	false	1.876794	0.9347549809999691	122.712064
jbmc-regression/exceptions4.yml	true	true	1.918011	0.9341166889998931	124.059648
jbmc-regression/exceptions5.yml	true	true	1.91995	0.9434278989999711	121.917440
jbmc-regression/exceptions6.yml	false	false	1.908375	0.9474214629999551	122.892288
jbmc-regression/exceptions7.yml	false	false	1.909911	0.9490174100001241	123.600896
jbmc-regression/exceptions8.yml	false	false	1.91175	0.9449712670000281	123.523072
jbmc-regression/exceptions9.yml	true	true	1.836402	0.9137198830001125	122.736640
jbmc-regression/fcmpx_dcmpx1.yml	true	true	1.820391	0.8995579630000066	122.171392
jbmc-regression/iarith1.yml	true	true	1.924914	0.9431313210000098	122.810368
jbmc-regression/iarith2.yml	true	true	1.799077	0.8964791129999412	121.372672
jbmc-regression/if_acmp1.yml	true	true	1.860438	0.9239116029998513	129.093632
jbmc-regression/if_expr1.yml	true	true	2.05867	1.0135336030000417	179.032064
jbmc-regression/if_icmp1.yml	true	true	2.047217	1.0074610819999634	179.531776
jbmc-regression/ifxx1.yml	true	true	1.799766	0.8937278699997933	122.011648
jbmc-regression/instanceof1.yml	true	true	1.86537	0.9199436279998281	121.958400
jbmc-regression/instanceof2.yml	true	true	1.811907	0.8987289309998232	121.470976
jbmc-regression/instanceof3.yml	true	true	1.883204	0.9402529080000477	122.818560
jbmc-regression/instanceof4.yml	true	true	1.811396	0.9024822820001646	122.093568
jbmc-regression/instanceof5.yml	true	true	1.873295	0.9278770640000857	122.327040
jbmc-regression/instanceof6.yml	true	true	1.856508	0.9309178229998452	123.174912
jbmc-regression/instanceof7.yml	true	true	1.839019	0.9160231420000855	122.683392
jbmc-regression/instanceof8.yml	true	true	1.75833	0.8859074459999192	122.343424
jbmc-regression/interface1.yml	false	false	1.82263	0.9228684280001289	123.285504
jbmc-regression/java_append_char.yml	false	false	2.063339	0.9992551129998901	180.793344
jbmc-regression/lazyloading4.yml	true	true	1.818683	0.9114949310001066	121.589760
jbmc-regression/list1.yml	true	true	32.927511	13.671460037000088	596.217856
jbmc-regression/long1.yml	true	true	1.867861	0.9146795450001264	122.109952
jbmc-regression/lookupswitch1.yml	true	true	2.073309	1.0199317970000266	180.731904
jbmc-regression/multinewarray.yml	true	true	1.855611	0.916305550000061	123.023360
jbmc-regression/overloading1.yml	true	true	1.848966	0.9278897179999603	121.757696
jbmc-regression/package1.yml	true	true	1.840432	0.931049332999919	122.028032
jbmc-regression/putfield_getfield1.yml	true	true	1.823599	0.9057294980000279	121.360384
jbmc-regression/putstatic_getstatic1.yml	true	true	1.837919	0.8900328130000617	121.982976
jbmc-regression/recursion2.yml	true	true	1.863291	0.9326495890002207	121.987072
jbmc-regression/return1.yml	false	false	1.832456	0.9162621980001404	123.879424
jbmc-regression/return2.yml	false	false	1.992199	0.9960828439998295	180.867072
jbmc-regression/store_load1.yml	true	true	1.889491	0.9395024810000905	121.864192
jbmc-regression/swap1.yml	true	true	1.805124	0.9118574780000017	128.929792
jbmc-regression/synchronized.yml	true	true	1.834423	0.90917363199992	122.953728
jbmc-regression/tableswitch1.yml	true	true	2.091919	1.024816464999958	182.829056
jbmc-regression/uninitialised1.yml	true	true	1.820067	0.9130136879998645	121.917440
jbmc-regression/virtual1.yml	true	true	1.84666	0.9045602280000367	121.909248
jbmc-regression/virtual2.yml	false	false	1.899664	0.9380900890000703	122.789888
jbmc-regression/virtual4.yml	true	true	1.81991	0.9192537449998781	122.671104
jbmc-regression/virtual_function_unwinding.yml	true	true	1.823309	0.9115575509999871	122.081280
jpf-regression/ExDarko_false.yml	false	false	2.065098	1.0015072319999945	180.908032
jpf-regression/ExDarko_true.yml	true	true	2.11998	1.0312660960000812	183.119872
jpf-regression/ExException_false.yml	false	false	2.048158	1.0228199990001485	180.441088
jpf-regression/ExException_true.yml	true	true	2.022187	1.0050954789999196	178.622464
jpf-regression/ExGenSymExe_false.yml	false	false	1.795489	0.9037120229997981	121.835520
jpf-regression/ExGenSymExe_true.yml	true	true	1.940978	0.9417490890000408	124.805120
jpf-regression/ExLazy_false.yml	false	false	2.070115	1.0226040110001122	181.104640
jpf-regression/ExLazy_true.yml	true	true	2.025327	1.0067109340000115	178.810880
jpf-regression/ExMIT_false.yml	false	false	2.041299	1.0206887589999951	179.945472
jpf-regression/ExMIT_true.yml	true	true	2.047157	0.9956317609999132	178.905088
jpf-regression/ExSymExe10_false.yml	false	false	2.083966	1.0330431530001078	181.764096
jpf-regression/ExSymExe10_true.yml	true	true	2.202753	1.0134568510000008	185.663488
jpf-regression/ExSymExe11_false.yml	false	false	1.906019	0.9373436170001241	125.550592
jpf-regression/ExSymExe11_true.yml	true	true	2.034814	1.0168977989999348	179.281920
jpf-regression/ExSymExe12_false.yml	false	false	2.098899	1.0299404759998652	180.928512
jpf-regression/ExSymExe12_true.yml	true	true	2.131624	1.0375278840001556	179.294208
jpf-regression/ExSymExe13_false.yml	false	false	2.039712	1.0094180080000115	181.530624
jpf-regression/ExSymExe13_true.yml	true	true	2.045346	1.0121490379999614	179.691520
jpf-regression/ExSymExe14_false.yml	false	false	2.083179	1.0387182869999378	181.321728
jpf-regression/ExSymExe14_true.yml	true	true	2.051152	1.0065454109999337	180.129792
jpf-regression/ExSymExe15_false.yml	false	false	2.11063	1.03148140899998	184.246272
jpf-regression/ExSymExe15_true.yml	true	true	2.109516	1.0441600679998828	179.175424
jpf-regression/ExSymExe16_false.yml	false	false	1.886003	0.9179909169999974	121.978880
jpf-regression/ExSymExe16_true.yml	true	true	1.900572	0.9380686580000202	129.839104
jpf-regression/ExSymExe17_false.yml	false	false	1.845284	0.9166255860000092	122.904576
jpf-regression/ExSymExe17_true.yml	true	true	1.855493	0.9274691800001165	123.551744
jpf-regression/ExSymExe18_false.yml	false	unknown	2.050577	1.004886913000064	177.676288
jpf-regression/ExSymExe18_true.yml	true	true	1.888624	0.9111586770000031	122.589184
jpf-regression/ExSymExe19_false.yml	false	false	2.079676	1.020186692000152	181.448704
jpf-regression/ExSymExe19_true.yml	true	true	2.047389	1.0171899249999115	179.273728
jpf-regression/ExSymExe1_false.yml	false	false	2.108505	1.038773022999976	181.882880
jpf-regression/ExSymExe1_true.yml	true	true	1.830759	0.9047044159999587	121.765888
jpf-regression/ExSymExe20_false.yml	false	false	2.174949	1.0428996989999177	181.497856
jpf-regression/ExSymExe20_true.yml	true	true	1.833386	0.9039577989999543	122.408960
jpf-regression/ExSymExe21_false.yml	false	false	2.138908	1.0206683099997917	181.448704
jpf-regression/ExSymExe21_true.yml	true	true	1.845186	0.9111350229998152	122.793984
jpf-regression/ExSymExe25_false.yml	false	false	2.073944	1.0166878290001478	181.202944
jpf-regression/ExSymExe25_true.yml	true	true	1.861548	0.9336257110001043	121.536512
jpf-regression/ExSymExe26_false.yml	false	false	2.083494	1.029531659999975	182.239232
jpf-regression/ExSymExe26_true.yml	true	true	1.882516	0.9130587479999122	122.232832
jpf-regression/ExSymExe27_false.yml	false	false	2.098084	1.0315135240000473	180.953088
jpf-regression/ExSymExe27_true.yml	true	true	1.826578	0.9030832519999876	121.884672
jpf-regression/ExSymExe28_false.yml	false	false	2.095424	1.0211803039999268	182.554624
jpf-regression/ExSymExe28_true.yml	true	true	1.90044	0.9260310110000773	123.101184
jpf-regression/ExSymExe29_false.yml	false	false	2.080518	1.0400571830000445	181.751808
jpf-regression/ExSymExe29_true.yml	true	true	1.901152	0.9377336709999327	122.691584
jpf-regression/ExSymExe2_false.yml	false	false	2.107294	1.007875815000034	181.592064
jpf-regression/ExSymExe2_true.yml	true	true	1.831917	0.9045628989999841	121.499648
jpf-regression/ExSymExe3_false.yml	false	false	2.04946	1.0109155830000418	181.350400
jpf-regression/ExSymExe3_true.yml	true	true	1.845444	0.9179849099998592	128.888832
jpf-regression/ExSymExe4_false.yml	false	false	2.059367	1.026613392000172	181.751808
jpf-regression/ExSymExe4_true.yml	true	true	1.874555	0.9214892229999805	122.171392
jpf-regression/ExSymExe5_false.yml	false	false	2.025337	1.0221968600001219	181.608448
jpf-regression/ExSymExe5_true.yml	true	true	1.847897	0.9218682569999146	122.204160
jpf-regression/ExSymExe6_false.yml	false	false	2.058336	1.003075220000028	180.322304
jpf-regression/ExSymExe6_true.yml	true	true	1.827689	0.9108564690000094	123.199488
jpf-regression/ExSymExe7_false.yml	false	false	2.100052	1.0150188239999807	182.231040
jpf-regression/ExSymExe7_true.yml	true	true	2.064556	1.0092957010001555	178.819072
jpf-regression/ExSymExe8_false.yml	false	false	2.139679	1.050483387999975	182.112256
jpf-regression/ExSymExe8_true.yml	true	true	1.870584	0.939199101999975	122.896384
jpf-regression/ExSymExe9_false.yml	false	false	1.797221	0.9108841600000233	122.548224
jpf-regression/ExSymExe9_true.yml	true	true	1.844431	0.9322677430000113	122.462208
jpf-regression/ExSymExeArrays_false.yml	false	false	1.84248	0.9341533860001618	122.818560
jpf-regression/ExSymExeArrays_true.yml	true	true	1.880305	0.923219022000012	122.245120
jpf-regression/ExSymExeBool_false.yml	false	false	1.87883	0.946602232000032	123.420672
jpf-regression/ExSymExeBool_true.yml	true	true	1.854555	0.9218652719998772	122.408960
jpf-regression/ExSymExeComplexMath_false.yml	false	false	1.912195	0.9456130379999195	123.502592
jpf-regression/ExSymExeComplexMath_true.yml	true	true	1.897848	0.9315476149999995	122.601472
jpf-regression/ExSymExeD2I_false.yml	false	false	1.855968	0.9151927489999707	122.650624
jpf-regression/ExSymExeD2I_true.yml	true	unknown	2.113304	1.0178094630000487	181.596160
jpf-regression/ExSymExeD2L_false.yml	false	false	2.148736	1.040223757000149	182.095872
jpf-regression/ExSymExeD2L_true.yml	true	unknown	2.096975	1.0122223449998273	182.427648
jpf-regression/ExSymExeF2I_false.yml	false	false	1.87869	0.9212637279999853	124.248064
jpf-regression/ExSymExeF2I_true.yml	true	unknown	2.114364	1.0360574870001074	181.227520
jpf-regression/ExSymExeF2L_false.yml	false	unknown	2.114964	1.0407572120000168	181.211136
jpf-regression/ExSymExeF2L_true.yml	true	unknown	2.092761	1.0189802489999238	181.174272
jpf-regression/ExSymExeFNEG_false.yml	false	false	2.12988	1.0419952439999633	181.997568
jpf-regression/ExSymExeFNEG_true.yml	true	true	2.086748	1.0244267420000597	180.236288
jpf-regression/ExSymExeGetStatic_false.yml	false	false	1.87411	0.9286256289999528	122.761216
jpf-regression/ExSymExeGetStatic_true.yml	true	true	1.784092	0.8869484700001067	121.995264
jpf-regression/ExSymExeI2D_false.yml	false	unknown	2.03552	1.0069272880000426	180.314112
jpf-regression/ExSymExeI2D_true.yml	true	unknown	2.016136	0.9923153760000787	179.351552
jpf-regression/ExSymExeI2F_false.yml	false	false	1.843066	0.9193360049998773	123.768832
jpf-regression/ExSymExeI2F_true.yml	true	true	2.053917	1.0217898430000787	179.752960
jpf-regression/ExSymExeLCMP_false.yml	false	unknown	2.097761	1.031421992000105	180.260864
jpf-regression/ExSymExeLCMP_true.yml	true	true	2.072977	1.0330029909998757	179.732480
jpf-regression/ExSymExeLongBytecodes_false.yml	false	unknown	2.067781	1.0321174220000557	181.329920
jpf-regression/ExSymExeLongBytecodes_true.yml	true	true	2.125089	1.022734804000038	181.383168
jpf-regression/ExSymExeResearch_false.yml	false	false	2.075425	1.0310569139999188	182.358016
jpf-regression/ExSymExeResearch_true.yml	true	true	2.078123	1.0186906129999898	180.367360
jpf-regression/ExSymExeSimple_false.yml	false	false	2.067682	1.022203652999906	180.465664
jpf-regression/ExSymExeSimple_true.yml	true	true	2.038994	1.016182236000077	179.310592
jpf-regression/ExSymExeSuzette_false.yml	false	false	2.055478	1.0111061319998953	181.809152
jpf-regression/ExSymExeSuzette_true.yml	true	true	2.032532	1.0180028170000242	181.116928
jpf-regression/ExSymExeSwitch_false.yml	false	false	2.046956	1.024831234000203	181.264384
jpf-regression/ExSymExeSwitch_true.yml	true	true	2.085139	1.0261168360000283	179.970048
jpf-regression/ExSymExeTestAssignments_false.yml	false	false	2.076761	1.0130824459999985	181.022720
jpf-regression/ExSymExeTestAssignments_true.yml	true	true	2.064151	1.0118097280001166	179.101696
jpf-regression/ExSymExeTestClassFields_false.yml	false	false	2.022519	1.0024686869999186	180.965376
jpf-regression/ExSymExeTestClassFields_true.yml	true	true	2.070098	1.0108746060000158	179.613696
jpf-regression/ExSymExe_false.yml	false	false	2.084867	0.9760072670001136	123.637760
jpf-regression/ExSymExe_true.yml	true	true	1.932055	0.9499633039999935	122.138624
jpf-regression/TestLazy_false.yml	false	false	2.071572	1.0260455709999405	180.822016
jpf-regression/TestLazy_true.yml	true	true	2.035817	1.0024783360001948	179.146752
java-ranger-regression/LoopCharAt.yml	false	true	7.761443	5.5141647250000005	255.733760
java-ranger-regression/TCAS_prop1.yml	false	false	3.004224	1.3327808129999994	222.019584
java-ranger-regression/TCAS_prop2.yml	true	true	5.095899	2.3340712300000632	266.952704
java-ranger-regression/TCAS_prop3.yml	true	true	5.571572	2.39681817099995	268.673024
java-ranger-regression/apachecli_eqchk.yml	true	true	31.120221	14.546540499999992	573.210624
java-ranger-regression/schedule_eqchk.yml	true	true	7.044686	2.7645587609999893	440.700928
java-ranger-regression/WBS/WBS_prop1.yml	false	false	2.195898	1.0522124940000595	184.012800
java-ranger-regression/WBS/WBS_prop2.yml	true	true	5.12228	2.123509093999928	278.110208
java-ranger-regression/WBS/WBS_prop3.yml	false	false	2.272523	1.0798239309999644	183.394304
java-ranger-regression/WBS/WBS_prop4.yml	false	false	4.902405	2.1554592330001014	291.246080
java-ranger-regression/alarm/Alarm_prop1.yml	true	true	3.027744	1.277271798999891	213.164032
java-ranger-regression/alarm/Alarm_prop10.yml	true	true	3.126276	1.2954876539999987	209.141760
java-ranger-regression/alarm/Alarm_prop2.yml	true	true	3.126224	1.277503225000146	210.497536
java-ranger-regression/alarm/Alarm_prop3.yml	true	true	3.003987	1.261860716000001	210.309120
java-ranger-regression/alarm/Alarm_prop4.yml	true	true	3.119146	1.300029407000011	211.517440
java-ranger-regression/alarm/Alarm_prop5.yml	true	true	3.068752	1.2776809490001142	209.354752
java-ranger-regression/alarm/Alarm_prop6.yml	true	true	3.107554	1.3193519359999755	207.835136
java-ranger-regression/alarm/Alarm_prop8.yml	true	true	3.042287	1.2808680919999915	212.574208
java-ranger-regression/alarm/Alarm_prop9.yml	true	true	3.079915	1.263157629000034	209.293312
java-ranger-regression/infusion/Infusion_prop1.yml	true	true	2.601791	1.1618730579998555	193.798144
java-ranger-regression/infusion/Infusion_prop10.yml	true	true	2.685855	1.1759682219999377	196.186112
java-ranger-regression/infusion/Infusion_prop11.yml	true	true	2.667874	1.1558015140001316	194.723840
java-ranger-regression/infusion/Infusion_prop12.yml	true	true	2.668511	1.157484672999999	200.617984
java-ranger-regression/infusion/Infusion_prop13.yml	true	true	2.629846	1.1667636969998512	196.034560
java-ranger-regression/infusion/Infusion_prop2.yml	true	true	2.633392	1.1574229469999864	198.078464
java-ranger-regression/infusion/Infusion_prop3.yml	true	true	2.619774	1.1636516359999405	196.542464
java-ranger-regression/infusion/Infusion_prop4.yml	true	true	2.631172	1.1695841389998805	194.703360
java-ranger-regression/infusion/Infusion_prop5.yml	true	true	2.736056	1.1828016310000748	206.508032
java-ranger-regression/infusion/Infusion_prop6.yml	true	true	2.626378	1.172035686000072	195.715072
java-ranger-regression/infusion/Infusion_prop7.yml	true	true	2.61663	1.152467174000094	195.162112
java-ranger-regression/infusion/Infusion_prop8.yml	true	true	2.726261	1.1905592400000842	204.058624
java-ranger-regression/infusion/Infusion_prop9.yml	true	true	2.692061	1.1889053649999823	202.809344
java-ranger-regression/siena_eqchk/siena_prop1.yml	true	unknown	7.432936	2.747961436999958	441.458688
java-ranger-regression/siena_eqchk/siena_prop2.yml	false	false	6.407846	2.293012505999968	314.368000
java-ranger-regression/replace5_eqchk/replace5_prop1.yml	true	true	10.398465	4.1274447329999475	534.728704
java-ranger-regression/replace5_eqchk/replace5_prop2.yml	false	false	2.671077	1.187720354000021	189.997056
java-ranger-regression/nanoxml_eqchk/nanoxml_prop1.yml	true	unknown	3.02121	1.2811002490000192	188.973056
java-ranger-regression/nanoxml_eqchk/nanoxml_prop2.yml	false	unknown	3.149402	1.3124767980000343	198.066176
java-ranger-regression/nanoxml_eqchk/nanoxml_prop3.yml	false	unknown	3.283322	1.317123828999911	197.177344
java-ranger-regression/printtokens_eqchk/printtokens_prop1.yml	true	unknown	2.637374	1.1483967189999476	196.792320
java-ranger-regression/printtokens_eqchk/printtokens_prop2.yml	false	false	2.592686	1.1604982789999667	202.121216
MinePump/spec1-5_product1.yml	false	false	2.324332	1.1016038569998727	183.029760
MinePump/spec1-5_product10.yml	false	false	2.343734	1.0930567109999174	189.534208
MinePump/spec1-5_product11.yml	false	false	3.725538	1.5068361000001005	228.032512
MinePump/spec1-5_product12.yml	false	false	2.538248	1.1540592020000986	193.306624
MinePump/spec1-5_product13.yml	false	false	2.406249	1.0964578990001428	188.637184
MinePump/spec1-5_product14.yml	false	false	2.390329	1.095729160000019	196.894720
MinePump/spec1-5_product15.yml	false	false	3.773236	1.5139096059999702	228.474880
MinePump/spec1-5_product16.yml	false	false	2.56983	1.1494405219998498	195.313664
MinePump/spec1-5_product17.yml	false	false	2.314474	1.084571897999922	187.445248
MinePump/spec1-5_product18.yml	false	false	2.339678	1.0924427499999183	191.287296
MinePump/spec1-5_product19.yml	false	false	3.663504	1.4706314259999544	226.906112
MinePump/spec1-5_product2.yml	false	false	2.351765	1.0907827179999003	190.877696
MinePump/spec1-5_product20.yml	false	false	2.560047	1.1410591470000782	209.567744
MinePump/spec1-5_product21.yml	false	false	2.381243	1.1028082530001484	192.409600
MinePump/spec1-5_product22.yml	false	false	2.383753	1.1001991370001178	187.936768
MinePump/spec1-5_product23.yml	false	false	3.745262	1.4964891750000788	231.673856
MinePump/spec1-5_product24.yml	false	false	2.528355	1.135101536000093	199.340032
MinePump/spec1-5_product25.yml	false	false	2.357727	1.088053845999866	193.519616
MinePump/spec1-5_product26.yml	false	false	2.345583	1.0935327600000164	187.715584
MinePump/spec1-5_product27.yml	false	false	3.659486	1.4759137200001078	229.126144
MinePump/spec1-5_product28.yml	false	false	2.510181	1.144704253999862	193.654784
MinePump/spec1-5_product29.yml	false	false	2.390512	1.1132867200001328	190.009344
MinePump/spec1-5_product3.yml	false	false	3.799107	1.5321926310000435	228.077568
MinePump/spec1-5_product30.yml	false	false	2.443025	1.1172580639999978	197.627904
MinePump/spec1-5_product31.yml	false	false	3.710675	1.4917201040000236	233.795584
MinePump/spec1-5_product32.yml	false	false	2.622353	1.1668984830000682	203.358208
MinePump/spec1-5_product33.yml	false	false	2.309711	1.0740002640000057	186.789888
MinePump/spec1-5_product34.yml	false	false	2.294159	1.0789782170002127	182.677504
MinePump/spec1-5_product35.yml	false	false	3.760188	1.5178192599998965	226.062336
MinePump/spec1-5_product36.yml	false	false	2.614745	1.1683089370001198	196.087808
MinePump/spec1-5_product37.yml	false	false	2.459281	1.0973609799998485	192.303104
MinePump/spec1-5_product38.yml	false	false	2.287868	1.0835522600000331	183.771136
MinePump/spec1-5_product39.yml	false	false	3.670054	1.4517411100000572	235.458560
MinePump/spec1-5_product4.yml	false	false	2.592557	1.1487232029999177	198.922240
MinePump/spec1-5_product40.yml	false	false	2.493137	1.127632475999917	198.217728
MinePump/spec1-5_product41.yml	false	false	2.479099	1.1306692300001941	200.634368
MinePump/spec1-5_product42.yml	false	false	2.475083	1.1151282129999345	191.963136
MinePump/spec1-5_product43.yml	false	false	3.790086	1.519086672999947	234.680320
MinePump/spec1-5_product44.yml	false	false	2.540486	1.1447581960001116	199.458816
MinePump/spec1-5_product45.yml	false	false	2.495195	1.1416709600000559	201.687040
MinePump/spec1-5_product46.yml	false	false	2.506457	1.1384329100001196	210.890752
MinePump/spec1-5_product47.yml	false	false	3.874189	1.5333093399999598	226.467840
MinePump/spec1-5_product48.yml	false	false	2.577076	1.1406122789999245	205.684736
MinePump/spec1-5_product49.yml	false	false	2.285717	1.0840002229999754	183.414784
MinePump/spec1-5_product5.yml	false	false	2.415534	1.1154073949999201	203.165696
MinePump/spec1-5_product50.yml	false	false	2.249866	1.0770741870001075	183.013376
MinePump/spec1-5_product51.yml	false	false	3.655103	1.460129335000147	228.343808
MinePump/spec1-5_product52.yml	false	false	2.527692	1.1359942349999983	197.976064
MinePump/spec1-5_product53.yml	false	false	2.403218	1.1018882330001816	185.208832
MinePump/spec1-5_product54.yml	false	false	2.346106	1.102018224999938	191.741952
MinePump/spec1-5_product55.yml	false	false	3.557179	1.4460827469999913	235.077632
MinePump/spec1-5_product56.yml	false	false	2.581877	1.1575132979999125	197.251072
MinePump/spec1-5_product57.yml	true	true	8.092579	3.6711956350000037	532.643840
MinePump/spec1-5_product58.yml	true	true	8.50648	3.8247775969998656	534.142976
MinePump/spec1-5_product59.yml	true	true	9.859633	3.6069812920000004	454.193152
MinePump/spec1-5_product6.yml	false	false	2.446143	1.114903158999823	188.723200
MinePump/spec1-5_product60.yml	true	true	10.331407	3.823807260000194	470.564864
MinePump/spec1-5_product61.yml	true	true	10.449878	4.089810916000033	523.051008
MinePump/spec1-5_product62.yml	true	true	9.695509	3.9264248609999868	526.417920
MinePump/spec1-5_product63.yml	true	true	9.038863	3.6500221429998874	460.599296
MinePump/spec1-5_product64.yml	true	true	9.202358	3.6626622259998385	457.687040
MinePump/spec1-5_product7.yml	false	false	3.646403	1.4735211460001665	236.728320
MinePump/spec1-5_product8.yml	false	false	2.517007	1.138030560000061	195.661824
MinePump/spec1-5_product9.yml	false	false	2.431241	1.1067229139998744	193.114112
algorithms/BellmanFord-FunSat01.yml	true	unknown	2.187481	1.0555338399999528	185.008128
algorithms/BellmanFord-FunSat02.yml	false	unknown	2.067629	1.0182438479998837	179.449856
algorithms/BellmanFord-FunUnsat01.yml	false	unknown	2.16557	1.0520838130000811	183.848960
algorithms/BellmanFord-FunUnsat02.yml	false	unknown	2.14262	1.0060207499998342	185.839616
algorithms/BellmanFord-MemSat01.yml	true	unknown	2.197865	1.0403816259999985	183.836672
algorithms/BellmanFord-MemSat02.yml	true	unknown	2.06268	1.0207213329999831	179.474432
algorithms/BellmanFord-MemUnsat01.yml	false	unknown	2.171727	1.043450374000031	183.889920
algorithms/BellmanFord-MemUnsat02.yml	false	unknown	2.126351	1.0278886910000438	180.039680
algorithms/BinaryTreeSearch-FunSat01.yml	true	true	4.21669	1.6726160350001464	244.277248
algorithms/BinaryTreeSearch-FunUnsat01.yml	false	false	2.268461	1.079083755999818	187.817984
algorithms/BinaryTreeSearch-MemSat01.yml	true	true	4.012034	1.604976140999952	234.041344
algorithms/BinaryTreeSearch-MemUnsat01.yml	false	false	2.174795	1.0554997149999963	185.868288
algorithms/BinaryTreeSearch-MemUnsat02.yml	false	false	2.119142	1.0327387830000134	181.387264
algorithms/InsertionSort-FunSat01.yml	true	unknown	2.14947	1.0487305480000941	182.054912
algorithms/InsertionSort-FunSat02.yml	true	unknown	2.190262	1.0396037610000803	182.624256
algorithms/InsertionSort-FunUnsat01.yml	false	unknown	2.140389	1.0492797519998476	182.689792
algorithms/InsertionSort-MemSat01.yml	true	unknown	2.11813	1.0255605669999568	182.075392
algorithms/InsertionSort-MemUnsat01.yml	false	unknown	2.150303	1.0499090270000124	182.640640
algorithms/MergeSortIterative-FunSat01.yml	true	unknown	2.205522	1.057761514000049	181.878784
algorithms/MergeSortIterative-FunSat02.yml	true	unknown	2.134095	1.0521413310000298	182.218752
algorithms/MergeSortIterative-FunUnsat01.yml	false	unknown	2.217269	1.0558083970001917	182.333440
algorithms/MergeSortIterative-MemSat01.yml	false	unknown	2.168033	1.041644683999948	181.211136
algorithms/MergeSortIterative-MemUnsat01.yml	false	unknown	2.125134	1.0378162750000683	182.378496
algorithms/RedBlackTree-FunSat01.yml	true	true	2.88645	1.2492043520001062	215.662592
algorithms/RedBlackTree-FunUnsat01.yml	false	false	2.530473	1.142845748000127	205.209600
algorithms/RedBlackTree-MemSat01.yml	true	true	4.834927	1.871997993999912	244.883456
algorithms/RedBlackTree-MemUnsat01.yml	false	unknown	2.876094	1.2610513720001109	215.277568
algorithms/SortedListInsert-FunSat01.yml	true	true	4.085399	1.6277620100001968	243.224576
algorithms/SortedListInsert-FunSat02.yml	true	true	4.897354	1.880577219000088	242.110464
algorithms/SortedListInsert-FunUnsat01.yml	false	false	2.30238	1.1134635269997943	188.170240
algorithms/SortedListInsert-MemSat01.yml	true	true	3.312437	1.3686205669998799	231.268352
algorithms/SortedListInsert-MemUnsat01.yml	false	true	3.319687	1.4019944340000166	230.219776
algorithms/Trie-FunSat01.yml	true	true	2.177885	1.0682157809999353	181.927936
algorithms/Trie-FunUnsat01.yml	false	false	2.211995	1.0476226509999833	181.374976
algorithms/Trie-MemSat01.yml	true	true	2.175451	1.049725411000054	180.879360
algorithms/Trie-MemUnsat01.yml	false	false	2.219584	1.087097126999879	180.756480
algorithms/Tsp-FunSat01.yml	false	unknown	2.074948	1.0497644049999053	178.941952
algorithms/Tsp-FunUnsat01.yml	false	unknown	2.072108	1.0239987749998818	178.356224
algorithms/Tsp-MemSat01.yml	true	unknown	2.108073	1.0412214269999822	179.871744
algorithms/Tsp-MemUnsat01.yml	false	unknown	2.01959	1.0212407920000715	179.798016
juliet-java/CWE369_Divide_by_Zero__float_connect_tcp_divide_01_bad.yml	false	unknown	2.18584	1.0127580579999176	127.549440
juliet-java/CWE369_Divide_by_Zero__float_connect_tcp_divide_01_bad_version2.yml	false	unknown	2.18639	1.0058256830000118	138.711040
juliet-java/CWE369_Divide_by_Zero__float_connect_tcp_divide_01_good.yml	true	unknown	2.203073	1.019923370000015	136.880128
juliet-java/CWE369_Divide_by_Zero__float_connect_tcp_divide_81a_bad.yml	false	unknown	2.222974	1.0197882359998403	131.530752
juliet-java/CWE369_Divide_by_Zero__float_connect_tcp_divide_81a_bad_version2.yml	false	unknown	2.208245	1.0317335709999043	130.646016
juliet-java/CWE369_Divide_by_Zero__float_connect_tcp_divide_81a_good.yml	true	unknown	2.189919	1.0146740959999079	132.538368
juliet-java/CWE369_Divide_by_Zero__float_console_readLine_divide_54_bad.yml	false	unknown	2.13951	1.013017475999959	125.341696
juliet-java/CWE369_Divide_by_Zero__float_console_readLine_divide_54_bad_version2.yml	false	unknown	2.122873	1.0024673589998656	125.067264
juliet-java/CWE369_Divide_by_Zero__float_console_readLine_divide_54_good.yml	true	unknown	2.12942	1.0032985640000334	126.103552
jdart-regression/OverapproximationString01.yml	false	false	2.166987	1.0420279859999937	179.490816
jdart-regression/URLDecoder01.yml	true	unknown	1.943624	0.9753437520000716	123.650048
jdart-regression/URLDecoder02.yml	false	unknown	1.900618	0.9417865000000347	125.313024
jdart-regression/addition01.yml	false	true	2.231019	1.08138016099997	184.774656
jdart-regression/array-iteration01.yml	false	unknown	2.069653	1.0065635629998724	197.251072
jdart-regression/boundcheck100.yml	false	false	3.137973	1.3708125750001727	269.250560
jdart-regression/boundcheck200.yml	false	false	4.171451	1.959588124999982	513.519616
jdart-regression/boundcheck30.yml	false	false	2.268864	1.0882626509999227	193.032192
jdart-regression/double2long.yml	false	unknown	2.208396	1.0755857399999513	182.509568
jdart-regression/float.yml	false	true	2.039049	1.0113133469999411	180.129792
jdart-regression/list2.yml	true	true	15.817702	7.364296703999798	581.574656
jdart-regression/radians.yml	false	unknown	1.940305	0.9457585679999738	125.214720
jdart-regression/shifting.yml	false	unknown	2.043274	1.0122457530001157	179.933184
jdart-regression/shifting2.yml	false	unknown	2.019009	1.008371143999966	179.703808
jdart-regression/shifting3.yml	false	unknown	2.0189	1.0170719849998022	179.380224
jdart-regression/startswith.yml	true	true	2.120583	1.0362764340000012	184.283136
securibench/Aliasing1.yml	false	false	4.088202	1.6066866969999865	206.168064
securibench/Aliasing2.yml	true	true	3.952057	1.4790554530000009	129.499136
securibench/Aliasing3.yml	true	true	3.651779	1.4172314229999756	129.396736
securibench/Aliasing4.yml	false	false	4.040472	1.6159602269999596	190.406656
securibench/Aliasing5.yml	false	false	4.022842	1.5688727690001087	189.177856
securibench/Aliasing6.yml	false	false	4.563756	1.7665367670001615	217.485312
securibench/Arrays1.yml	false	false	4.296315	1.625253224000062	200.835072
securibench/Arrays10.yml	false	unknown	3.938553	1.570054965999816	188.981248
securibench/Arrays2.yml	false	false	4.135471	1.5977624839999862	200.785920
securibench/Arrays3.yml	false	false	4.131046	1.5827119809998749	200.359936
securibench/Arrays4.yml	false	false	4.173147	1.6067364199998337	188.444672
securibench/Arrays5.yml	true	true	3.689847	1.4602024759999495	129.650688
securibench/Arrays6.yml	false	false	4.332731	1.6171067969999058	200.978432
securibench/Arrays7.yml	false	false	4.053039	1.5923581629999717	192.843776
securibench/Arrays8.yml	false	false	4.467143	1.6441092170000502	208.916480
securibench/Arrays9.yml	false	false	4.073003	1.5933151760000328	193.277952
securibench/Basic1.yml	false	false	4.141072	1.5976328200001717	189.435904
securibench/Basic10.yml	false	false	4.11832	1.6028537659999529	200.134656
securibench/Basic11.yml	false	unknown	3.612312	1.4389092919998347	129.355776
securibench/Basic12.yml	false	false	4.242794	1.6541827240000657	211.431424
securibench/Basic15.yml	false	false	4.055805	1.59912764600017	190.230528
securibench/Basic16.yml	false	false	4.466017	1.652199186999951	202.444800
securibench/Basic17.yml	false	false	4.16136	1.6016414919999988	188.788736
securibench/Basic18.yml	false	false	5.154599	1.8926410639999176	240.152576
securibench/Basic19.yml	false	false	3.957201	1.575618206999934	186.884096
securibench/Basic2.yml	false	false	4.354406	1.6629971300001216	211.529728
securibench/Basic20.yml	false	false	3.98342	1.5824066250002033	188.563456
securibench/Basic21.yml	false	unknown	4.177493	1.5952107669997986	187.289600
securibench/Basic24.yml	false	unknown	4.422297	1.6080907719999686	184.840192
securibench/Basic25.yml	false	unknown	4.167758	1.58813669999995	189.181952
securibench/Basic26.yml	false	false	4.208414	1.5959081210000932	189.485056
securibench/Basic27.yml	false	false	4.081944	1.6121416729999964	203.317248
securibench/Basic28.yml	true	true	3.73465	1.4660681659997863	129.581056
securibench/Basic29.yml	false	false	4.307585	1.6509910310001032	190.042112
securibench/Basic3.yml	false	unknown	3.733194	1.4738061939999625	128.757760
securibench/Basic30.yml	false	false	4.233449	1.615506681999932	189.394944
securibench/Basic31.yml	false	false	4.529859	1.6987850299999536	204.505088
securibench/Basic32.yml	false	false	4.22293	1.6052071690000957	200.601600
securibench/Basic33.yml	false	false	4.073881	1.6164418439998371	189.779968
securibench/Basic34.yml	false	false	4.11373	1.626593438999862	200.294400
securibench/Basic35.yml	false	false	4.837382	1.9078844609998669	201.175040
securibench/Basic37.yml	false	unknown	3.887536	1.5438233080001282	203.952128
securibench/Basic38.yml	false	unknown	3.9534	1.5501926379999986	204.550144
securibench/Basic39.yml	false	unknown	3.895887	1.5386920920000193	204.910592
securibench/Basic4.yml	false	false	4.394195	1.6808339220001471	238.649344
securibench/Basic5.yml	false	unknown	3.639456	1.434876685000063	128.270336
securibench/Basic6.yml	true	unknown	3.714807	1.4560983840001427	128.409600
securibench/Basic7.yml	false	unknown	3.686255	1.4582365219998792	128.442368
securibench/Basic8.yml	true	true	3.635278	1.436512926999967	128.626688
securibench/Basic9.yml	false	false	4.28445	1.6519554980000066	213.024768
securibench/Collections1.yml	false	false	4.145837	1.5969188649999069	198.184960
securibench/Collections10.yml	false	false	4.375717	1.6281260360001397	199.102464
securibench/Collections12.yml	false	false	4.179313	1.6028603780000594	188.690432
securibench/Collections13.yml	false	false	4.101836	1.5980058630000258	199.708672
securibench/Collections14.yml	false	false	5.499738	2.0455676219999077	306.946048
securibench/Collections2.yml	false	false	3.943594	1.5630928909999966	189.300736
securibench/Collections3.yml	false	false	3.994686	1.5863427310000588	190.251008
securibench/Collections4.yml	false	false	4.223188	1.609201324000196	189.571072
securibench/Collections5.yml	false	false	4.07981	1.5826473690001421	192.008192
securibench/Collections6.yml	false	false	4.263031	1.624668882999913	200.073216
securibench/Collections7.yml	false	false	4.050014	1.587493158000143	189.566976
securibench/Collections8.yml	true	true	3.757654	1.4681981389999237	137.072640
securibench/Collections9.yml	true	unknown	4.313954	1.6396499459999632	212.164608
securibench/Datastructures1.yml	false	false	4.093465	1.608695651999824	197.378048
securibench/Datastructures2.yml	false	false	3.945872	1.5754453909999029	189.927424
securibench/Datastructures3.yml	false	false	4.226917	1.615325686999995	189.988864
securibench/Datastructures4.yml	true	true	3.956633	1.494598076000102	140.271616
securibench/Datastructures5.yml	false	unknown	3.860403	1.4792046039999605	128.917504
securibench/Datastructures6.yml	false	false	6.254588	2.3287697279999975	365.092864
securibench/Factories1.yml	false	unknown	3.683779	1.447884925000153	128.561152
securibench/Factories2.yml	false	false	4.238214	1.622409813000104	194.605056
securibench/Factories3.yml	false	false	3.989597	1.58578888299985	189.616128
securibench/Inter1.yml	false	false	3.89958	1.5634802179999951	189.759488
securibench/Inter10.yml	false	unknown	3.86431	1.4632434119998834	127.541248
securibench/Inter11.yml	false	unknown	3.63165	1.4268639080000867	128.790528
securibench/Inter12.yml	false	false	4.047048	1.5756287740000516	189.923328
securibench/Inter13.yml	false	false	4.509114	1.689387244000045	221.323264
securibench/Inter14.yml	false	false	4.805538	1.8818299810000099	214.958080
securibench/Inter2.yml	false	false	4.257105	1.646344271000089	201.248768
securibench/Inter3.yml	false	false	4.488253	1.794578078000086	193.572864
securibench/Inter4.yml	false	false	3.949295	1.5815806120001525	189.583360
securibench/Inter5.yml	false	unknown	3.706115	1.4419660010000825	129.753088
securibench/Inter6.yml	false	false	4.091384	1.581323225999995	200.826880
securibench/Inter7.yml	false	false	4.101766	1.5988280680001026	196.341760
securibench/Inter8.yml	false	false	4.059721	1.6040798460001042	190.021632
securibench/Inter9.yml	false	unknown	3.924086	1.4767746939999142	129.163264
securibench/Pred1.yml	true	true	3.682441	1.4451669339998716	129.323008
securibench/Pred2.yml	false	false	4.193484	1.6491042229999948	220.581888
securibench/Pred3.yml	true	true	3.82891	1.5331279530000756	184.729600
securibench/Pred4.yml	false	false	3.963798	1.5816085149999708	190.570496
securibench/Pred5.yml	false	false	4.166893	1.616118866000079	202.203136
securibench/Pred6.yml	true	true	3.973912	1.4817849469998237	128.532480
securibench/Pred7.yml	true	true	3.633906	1.4333715520001533	128.262144
securibench/Pred8.yml	false	false	4.031482	1.6165659389998837	188.866560
securibench/Pred9.yml	true	true	3.946531	1.5627102570001625	187.699200
securibench/Refl1.yml	false	false	4.24427	1.6203690970000935	203.628544
securibench/Refl2.yml	false	true	3.993799	1.5073819499998535	131.379200
securibench/Refl3.yml	false	false	4.410009	1.632644983000091	200.138752
securibench/Refl4.yml	false	false	3.96716	1.578857409999955	197.681152
securibench/Sanitizers1.yml	false	unknown	5.585565	2.663015309000002	255.963136
securibench/Sanitizers2.yml	true	unknown	5.35288	2.322154130000172	246.734848
securibench/Sanitizers3.yml	true	unknown	4.145536	1.583341971999971	186.994688
securibench/Sanitizers4.yml	false	TIMEOUT	900.175488	899.8722209289999	1190.592512
securibench/Sanitizers5.yml	false	unknown	4.485539	1.6374091939997015	191.680512
securibench/Sanitizers6.yml	true	unknown	4.072358	1.572458068999822	204.693504
securibench/Session1.yml	false	false	4.083582	1.604161877000024	190.496768
securibench/Session2.yml	false	false	4.253377	1.6138646679996782	189.321216
securibench/Session3.yml	false	false	4.208243	1.6099816870000723	208.617472
securibench/StrongUpdates1.yml	true	true	3.86337	1.4802110440000433	129.642496
securibench/StrongUpdates2.yml	true	true	3.897169	1.4700208250001197	129.781760
securibench/StrongUpdates3.yml	true	true	3.737073	1.4739395850001529	129.691648
securibench/StrongUpdates4.yml	true	true	3.702239	1.4610501440001826	129.990656
securibench/StrongUpdates5.yml	true	unknown	3.684229	1.4461027170000307	138.829824
float-nonlinear-calculation/Bessel.yml	true	true	2.387297	1.1118478749999667	190.455808
float-nonlinear-calculation/Conflict.yml	true	unknown	2.858206	1.2677155989999846	200.536064
float-nonlinear-calculation/EulerMethod.yml	false	false	2.999077	1.3776173269998253	417.390592
float-nonlinear-calculation/MathSin.yml	false	unknown	2.725001	1.1773499769997215	126.726144
float-nonlinear-calculation/Optimization1.yml	false	false	2.861083	1.2465245049997975	184.238080
float-nonlinear-calculation/Optimization2.yml	false	false	2.977092	1.2721004750001157	182.767616
float-nonlinear-calculation/Optimization3.yml	false	unknown	3.008472	1.2798738530000264	180.793344
float-nonlinear-calculation/Optimization4.yml	false	unknown	2.878264	1.2535517580004125	181.907456
float-nonlinear-calculation/Optimization5.yml	false	unknown	2.896193	1.2529424700001073	179.867648
float-nonlinear-calculation/Optimization6.yml	false	false	2.867772	1.2523749619999762	185.462784
float-nonlinear-calculation/PartitionEx.yml	true	true	2.082087	1.0165089389997775	181.280768
float-nonlinear-calculation/TurnLogic.yml	true	true	1.861097	0.9156441269997231	124.755968
float-nonlinear-calculation/coral1.yml	false	false	2.961958	1.2777265899999293	182.657024
float-nonlinear-calculation/coral10.yml	false	false	2.988859	1.2758780489998571	183.095296
float-nonlinear-calculation/coral11.yml	false	unknown	2.875371	1.238434301000325	179.437568
float-nonlinear-calculation/coral12.yml	false	unknown	2.845551	1.2443476959997497	179.843072
float-nonlinear-calculation/coral13.yml	false	unknown	2.865833	1.2632959759998812	183.799808
float-nonlinear-calculation/coral14.yml	false	unknown	2.816733	1.2469961030001286	179.630080
float-nonlinear-calculation/coral15.yml	false	unknown	2.76254	1.2329093769999417	179.908608
float-nonlinear-calculation/coral16.yml	false	unknown	2.968037	1.2534754540001813	181.907456
float-nonlinear-calculation/coral17.yml	false	unknown	2.745018	1.2283975919999648	179.494912
float-nonlinear-calculation/coral18.yml	false	unknown	2.756768	1.2348614930001531	179.478528
float-nonlinear-calculation/coral19.yml	false	unknown	2.939421	1.2729071949997888	180.064256
float-nonlinear-calculation/coral2.yml	false	false	2.877045	1.2575997899998583	182.284288
float-nonlinear-calculation/coral20.yml	false	false	3.082792	1.2803655089996937	186.695680
float-nonlinear-calculation/coral21.yml	false	false	2.847604	1.2712109210001472	183.132160
float-nonlinear-calculation/coral22.yml	false	unknown	2.836873	1.263569010000083	182.562816
float-nonlinear-calculation/coral23.yml	true	unknown	3.071383	1.288171548000264	182.837248
float-nonlinear-calculation/coral26.yml	true	unknown	3.119439	1.3128335370001878	184.164352
float-nonlinear-calculation/coral27.yml	false	false	2.912114	1.2541619869998613	183.623680
float-nonlinear-calculation/coral28.yml	false	unknown	2.818263	1.2523758330003147	179.269632
float-nonlinear-calculation/coral29.yml	false	unknown	2.968511	1.26819475100001	179.212288
float-nonlinear-calculation/coral3.yml	true	unknown	3.063111	1.281439520999811	182.226944
float-nonlinear-calculation/coral30.yml	false	unknown	2.647838	1.164824901999964	125.313024
float-nonlinear-calculation/coral31.yml	false	unknown	2.867608	1.2450057860000925	182.022144
float-nonlinear-calculation/coral32.yml	false	unknown	2.789528	1.2288689090000844	178.446336
float-nonlinear-calculation/coral33.yml	false	unknown	2.772235	1.241244252999877	179.146752
float-nonlinear-calculation/coral34.yml	false	unknown	2.904749	1.2399890980000237	186.966016
float-nonlinear-calculation/coral35.yml	false	unknown	3.015756	1.2560790470001848	190.906368
float-nonlinear-calculation/coral36.yml	false	unknown	2.815349	1.1877439489999233	125.259776
float-nonlinear-calculation/coral38.yml	false	unknown	2.771433	1.2412928029998511	179.290112
float-nonlinear-calculation/coral39.yml	false	unknown	2.748708	1.2366292119995705	179.847168
float-nonlinear-calculation/coral4.yml	false	unknown	2.878257	1.2532918080000854	179.007488
float-nonlinear-calculation/coral40.yml	false	false	2.939894	1.246282450000308	183.341056
float-nonlinear-calculation/coral41.yml	false	unknown	3.02661	1.2794881260001603	181.633024
float-nonlinear-calculation/coral42.yml	false	unknown	2.75358	1.2229342839996207	179.302400
float-nonlinear-calculation/coral43.yml	false	unknown	2.795781	1.2490528960001939	180.383744
float-nonlinear-calculation/coral44.yml	false	unknown	2.948659	1.274553835000006	179.367936
float-nonlinear-calculation/coral45.yml	false	unknown	2.918543	1.250207620999845	179.171328
float-nonlinear-calculation/coral46.yml	true	unknown	2.775688	1.2327506390001872	180.236288
float-nonlinear-calculation/coral48.yml	false	false	3.071225	1.2794216920001418	182.476800
float-nonlinear-calculation/coral49.yml	false	unknown	2.845666	1.2512586200000442	179.818496
float-nonlinear-calculation/coral5.yml	true	unknown	2.927534	1.263082483999824	182.951936
float-nonlinear-calculation/coral50.yml	false	unknown	2.96659	1.2790176509997764	179.683328
float-nonlinear-calculation/coral51.yml	false	unknown	2.870046	1.25754181100001	178.253824
float-nonlinear-calculation/coral52.yml	false	unknown	2.912778	1.2672017310001138	179.802112
float-nonlinear-calculation/coral53.yml	false	unknown	2.881862	1.2508394809997299	180.035584
float-nonlinear-calculation/coral54.yml	false	unknown	3.02971	1.295548788999895	183.140352
float-nonlinear-calculation/coral55.yml	true	unknown	3.032689	1.274243340999874	181.485568
float-nonlinear-calculation/coral56.yml	false	unknown	3.091656	1.296288431999983	180.867072
float-nonlinear-calculation/coral57.yml	false	unknown	2.967286	1.2660402840001552	181.125120
float-nonlinear-calculation/coral58.yml	false	unknown	2.861426	1.2541321100002278	181.166080
float-nonlinear-calculation/coral59.yml	false	unknown	2.825532	1.2268817080002918	180.961280
float-nonlinear-calculation/coral6.yml	false	false	3.038444	1.2772464650001893	183.435264
float-nonlinear-calculation/coral60.yml	false	unknown	2.963354	1.2796123799998895	181.125120
float-nonlinear-calculation/coral61.yml	false	unknown	2.984194	1.2715538769998602	182.816768
float-nonlinear-calculation/coral62.yml	false	unknown	2.862452	1.2559037159999207	182.452224
float-nonlinear-calculation/coral63.yml	false	unknown	3.048467	1.2791558409999197	183.779328
float-nonlinear-calculation/coral64.yml	false	unknown	2.880977	1.2627898129999267	187.699200
float-nonlinear-calculation/coral65.yml	false	unknown	2.787426	1.2411971329997868	183.107584
float-nonlinear-calculation/coral66.yml	false	unknown	3.042316	1.2843603110000004	182.976512
float-nonlinear-calculation/coral67.yml	false	unknown	2.789421	1.2358191769999394	181.510144
float-nonlinear-calculation/coral68.yml	false	unknown	2.81085	1.2367941830002565	181.911552
float-nonlinear-calculation/coral69.yml	false	unknown	2.932576	1.264413911000247	181.424128
float-nonlinear-calculation/coral71.yml	false	false	3.215095	1.3349108889997297	203.354112
float-nonlinear-calculation/coral72.yml	false	false	3.159848	1.3094981959998222	185.131008
float-nonlinear-calculation/coral73.yml	false	false	3.193424	1.327037523999934	205.807616
float-nonlinear-calculation/coral74.yml	false	false	3.24983	1.3287099530002706	192.016384
float-nonlinear-calculation/coral75.yml	false	false	3.241541	1.3417542360002699	203.530240
float-nonlinear-calculation/coral76.yml	false	false	3.038313	1.3066731969997818	186.486784
float-nonlinear-calculation/coral77.yml	false	false	3.090031	1.3198059659998762	195.387392
float-nonlinear-calculation/coral79.yml	false	unknown	2.942232	1.2763614689997667	184.782848
float-nonlinear-calculation/coral80.yml	true	true	3.133551	1.303063079000367	186.163200
float-nonlinear-calculation/coral81.yml	false	false	2.98647	1.2688524489999509	183.484416
float-nonlinear-calculation/coral84.yml	false	false	2.87307	1.2672412250003617	185.729024
float-nonlinear-calculation/coral9.yml	false	false	2.904001	1.2508906359998946	182.345728
float-nonlinear-calculation/coral91.yml	true	unknown	2.984632	1.2791662909999104	181.460992
